form,filing_date,report_date,items,accession_number,primary_doc_url,filing_index_url
6-K,2026-08-19,2026-08-19,,0001654954-26-007742,https://www.sec.gov/Archives/edgar/data/901832/000165495426007742/a3225r.htm,https://www.sec.gov/Archives/edgar/data/901832/000165495426007742/
6-K,2026-08-17,2026-08-17,,0001654954-26-007681,https://www.sec.gov/Archives/edgar/data/901832/000165495426007681/a8443q.htm,https://www.sec.gov/Archives/edgar/data/901832/000165495426007681/
6-K,2026-08-17,2026-08-17,,0001654954-26-007679,https://www.sec.gov/Archives/edgar/data/901832/000165495426007679/a8439q.htm,https://www.sec.gov/Archives/edgar/data/901832/000165495426007679/
6-K,2026-08-17,2026-08-17,,0001654954-26-007677,https://www.sec.gov/Archives/edgar/data/901832/000165495426007677/a8441q.htm,https://www.sec.gov/Archives/edgar/data/901832/000165495426007677/
6-K,2026-08-03,2026-08-03,,0001654954-26-007169,https://www.sec.gov/Archives/edgar/data/901832/000165495426007169/a8757o.htm,https://www.sec.gov/Archives/edgar/data/901832/000165495426007169/
6-K,2026-08-03,2026-08-03,,0001654954-26-007166,https://www.sec.gov/Archives/edgar/data/901832/000165495426007166/a8728o.htm,https://www.sec.gov/Archives/edgar/data/901832/000165495426007166/
6-K,2026-07-31,2026-07-31,,0001654954-26-007050,https://www.sec.gov/Archives/edgar/data/901832/000165495426007050/a7288o.htm,https://www.sec.gov/Archives/edgar/data/901832/000165495426007050/
6-K,2026-07-27,2026-06-30,,0001104659-26-086846,https://www.sec.gov/Archives/edgar/data/901832/000110465926086846/azn-20260630x6k.htm,https://www.sec.gov/Archives/edgar/data/901832/000110465926086846/
6-K,2026-07-27,2026-07-27,,0001654954-26-006897,https://www.sec.gov/Archives/edgar/data/901832/000165495426006897/a8707n.htm,https://www.sec.gov/Archives/edgar/data/901832/000165495426006897/
6-K,2026-07-27,2026-07-27,,0001654954-26-006895,https://www.sec.gov/Archives/edgar/data/901832/000165495426006895/a9459n.htm,https://www.sec.gov/Archives/edgar/data/901832/000165495426006895/
6-K,2026-07-23,2026-07-23,,0001654954-26-006803,https://www.sec.gov/Archives/edgar/data/901832/000165495426006803/a5622n.htm,https://www.sec.gov/Archives/edgar/data/901832/000165495426006803/
6-K,2026-07-14,2026-07-14,,0001654954-26-006637,https://www.sec.gov/Archives/edgar/data/901832/000165495426006637/a2449m.htm,https://www.sec.gov/Archives/edgar/data/901832/000165495426006637/
6-K,2026-07-09,2026-07-09,,0001654954-26-006554,https://www.sec.gov/Archives/edgar/data/901832/000165495426006554/a6054l.htm,https://www.sec.gov/Archives/edgar/data/901832/000165495426006554/
6-K,2026-07-01,2026-07-01,,0001654954-26-006430,https://www.sec.gov/Archives/edgar/data/901832/000165495426006430/a6348k.htm,https://www.sec.gov/Archives/edgar/data/901832/000165495426006430/
6-K,2026-07-01,2026-07-01,,0001654954-26-006427,https://www.sec.gov/Archives/edgar/data/901832/000165495426006427/a6365k.htm,https://www.sec.gov/Archives/edgar/data/901832/000165495426006427/
6-K,2026-06-29,2026-06-29,,0001654954-26-006251,https://www.sec.gov/Archives/edgar/data/901832/000165495426006251/a1370k.htm,https://www.sec.gov/Archives/edgar/data/901832/000165495426006251/
6-K,2026-06-29,2026-06-29,,0001654954-26-006239,https://www.sec.gov/Archives/edgar/data/901832/000165495426006239/a0148k.htm,https://www.sec.gov/Archives/edgar/data/901832/000165495426006239/
6-K,2026-06-15,2026-06-15,,0001654954-26-005964,https://www.sec.gov/Archives/edgar/data/901832/000165495426005964/a1987i.htm,https://www.sec.gov/Archives/edgar/data/901832/000165495426005964/
6-K,2026-06-01,2026-06-01,,0001654954-26-005587,https://www.sec.gov/Archives/edgar/data/901832/000165495426005587/a4701g.htm,https://www.sec.gov/Archives/edgar/data/901832/000165495426005587/
6-K,2026-06-01,2026-06-01,,0001654954-26-005586,https://www.sec.gov/Archives/edgar/data/901832/000165495426005586/a4717g.htm,https://www.sec.gov/Archives/edgar/data/901832/000165495426005586/
6-K,2026-05-29,2026-05-29,,0001654954-26-005498,https://www.sec.gov/Archives/edgar/data/901832/000165495426005498/a1377g.htm,https://www.sec.gov/Archives/edgar/data/901832/000165495426005498/
6-K,2026-05-27,2026-05-27,,0001654954-26-005381,https://www.sec.gov/Archives/edgar/data/901832/000165495426005381/a7798f.htm,https://www.sec.gov/Archives/edgar/data/901832/000165495426005381/
6-K,2026-05-26,2026-05-26,,0001654954-26-005309,https://www.sec.gov/Archives/edgar/data/901832/000165495426005309/a6573f.htm,https://www.sec.gov/Archives/edgar/data/901832/000165495426005309/
6-K,2026-05-26,2026-05-26,,0001654954-26-005306,https://www.sec.gov/Archives/edgar/data/901832/000165495426005306/a6571f.htm,https://www.sec.gov/Archives/edgar/data/901832/000165495426005306/
6-K,2026-05-26,2026-05-26,,0001654954-26-005303,https://www.sec.gov/Archives/edgar/data/901832/000165495426005303/a6568f.htm,https://www.sec.gov/Archives/edgar/data/901832/000165495426005303/
6-K,2026-05-18,2026-05-18,,0001654954-26-005049,https://www.sec.gov/Archives/edgar/data/901832/000165495426005049/a7391e.htm,https://www.sec.gov/Archives/edgar/data/901832/000165495426005049/
6-K,2026-05-18,2026-05-18,,0001654954-26-005044,https://www.sec.gov/Archives/edgar/data/901832/000165495426005044/a6161e.htm,https://www.sec.gov/Archives/edgar/data/901832/000165495426005044/
6-K,2026-05-18,2026-05-18,,0001654954-26-005038,https://www.sec.gov/Archives/edgar/data/901832/000165495426005038/a6159e.htm,https://www.sec.gov/Archives/edgar/data/901832/000165495426005038/
6-K,2026-05-14,2026-05-14,,0001654954-26-004836,https://www.sec.gov/Archives/edgar/data/901832/000165495426004836/a3223e.htm,https://www.sec.gov/Archives/edgar/data/901832/000165495426004836/
6-K,2026-05-01,2026-05-01,,0001654954-26-004247,https://www.sec.gov/Archives/edgar/data/901832/000165495426004247/a8007c.htm,https://www.sec.gov/Archives/edgar/data/901832/000165495426004247/
6-K,2026-05-01,2026-05-01,,0001654954-26-004229,https://www.sec.gov/Archives/edgar/data/901832/000165495426004229/a7028c.htm,https://www.sec.gov/Archives/edgar/data/901832/000165495426004229/
6-K,2026-05-01,2026-05-01,,0001654954-26-004226,https://www.sec.gov/Archives/edgar/data/901832/000165495426004226/a7026c.htm,https://www.sec.gov/Archives/edgar/data/901832/000165495426004226/
6-K,2026-04-29,2026-04-29,,0001654954-26-004047,https://www.sec.gov/Archives/edgar/data/901832/000165495426004047/a2999c.htm,https://www.sec.gov/Archives/edgar/data/901832/000165495426004047/
6-K,2026-04-28,2026-04-28,,0001654954-26-003979,https://www.sec.gov/Archives/edgar/data/901832/000165495426003979/a1866c.htm,https://www.sec.gov/Archives/edgar/data/901832/000165495426003979/
6-K,2026-04-27,2026-04-27,,0001654954-26-003936,https://www.sec.gov/Archives/edgar/data/901832/000165495426003936/a9587b.htm,https://www.sec.gov/Archives/edgar/data/901832/000165495426003936/
6-K,2026-04-23,2026-04-23,,0001654954-26-003818,https://www.sec.gov/Archives/edgar/data/901832/000165495426003818/a5427b.htm,https://www.sec.gov/Archives/edgar/data/901832/000165495426003818/
6-K,2026-04-21,2026-04-21,,0001654954-26-003757,https://www.sec.gov/Archives/edgar/data/901832/000165495426003757/a2016b.htm,https://www.sec.gov/Archives/edgar/data/901832/000165495426003757/
6-K,2026-04-20,2026-04-20,,0001654954-26-003703,https://www.sec.gov/Archives/edgar/data/901832/000165495426003703/a0190b.htm,https://www.sec.gov/Archives/edgar/data/901832/000165495426003703/
6-K,2026-04-09,2026-04-09,,0001654954-26-003374,https://www.sec.gov/Archives/edgar/data/901832/000165495426003374/a8862z.htm,https://www.sec.gov/Archives/edgar/data/901832/000165495426003374/
6-K,2026-04-02,2026-04-02,,0001654954-26-003206,https://www.sec.gov/Archives/edgar/data/901832/000165495426003206/a2331z.htm,https://www.sec.gov/Archives/edgar/data/901832/000165495426003206/
6-K,2026-04-01,2026-04-01,,0001654954-26-003157,https://www.sec.gov/Archives/edgar/data/901832/000165495426003157/a9429y.htm,https://www.sec.gov/Archives/edgar/data/901832/000165495426003157/
6-K,2026-03-31,2026-03-31,,0001654954-26-003013,https://www.sec.gov/Archives/edgar/data/901832/000165495426003013/a7230y.htm,https://www.sec.gov/Archives/edgar/data/901832/000165495426003013/
6-K,2026-03-27,2026-03-27,,0001654954-26-002860,https://www.sec.gov/Archives/edgar/data/901832/000165495426002860/a4270y.htm,https://www.sec.gov/Archives/edgar/data/901832/000165495426002860/
6-K,2026-03-20,2026-03-20,,0001654954-26-002523,https://www.sec.gov/Archives/edgar/data/901832/000165495426002523/a3904x.htm,https://www.sec.gov/Archives/edgar/data/901832/000165495426002523/
6-K,2026-03-16,2026-03-16,,0001654954-26-002272,https://www.sec.gov/Archives/edgar/data/901832/000165495426002272/a7541w.htm,https://www.sec.gov/Archives/edgar/data/901832/000165495426002272/
6-K,2026-03-10,2026-03-10,,0001654954-26-002077,https://www.sec.gov/Archives/edgar/data/901832/000165495426002077/a0663w.htm,https://www.sec.gov/Archives/edgar/data/901832/000165495426002077/
6-K,2026-03-10,2026-03-10,,0001104659-26-025559,https://www.sec.gov/Archives/edgar/data/901832/000110465926025559/tm268365d1_6k.htm,https://www.sec.gov/Archives/edgar/data/901832/000110465926025559/
6-K,2026-03-06,2026-03-06,,0001654954-26-001966,https://www.sec.gov/Archives/edgar/data/901832/000165495426001966/a6803v.htm,https://www.sec.gov/Archives/edgar/data/901832/000165495426001966/
6-K,2026-03-06,2026-03-06,,0001654954-26-001963,https://www.sec.gov/Archives/edgar/data/901832/000165495426001963/a6797v.htm,https://www.sec.gov/Archives/edgar/data/901832/000165495426001963/
6-K,2026-03-06,2026-03-06,,0001654954-26-001961,https://www.sec.gov/Archives/edgar/data/901832/000165495426001961/a6795v.htm,https://www.sec.gov/Archives/edgar/data/901832/000165495426001961/
6-K,2026-03-02,2026-03-02,,0001104659-26-022240,https://www.sec.gov/Archives/edgar/data/901832/000110465926022240/tm267648d3_6k.htm,https://www.sec.gov/Archives/edgar/data/901832/000110465926022240/
6-K,2026-03-02,2026-03-02,,0001654954-26-001728,https://www.sec.gov/Archives/edgar/data/901832/000165495426001728/a7886u.htm,https://www.sec.gov/Archives/edgar/data/901832/000165495426001728/
6-K,2026-02-26,2026-02-26,,0001654954-26-001589,https://www.sec.gov/Archives/edgar/data/901832/000165495426001589/a4537u.htm,https://www.sec.gov/Archives/edgar/data/901832/000165495426001589/
6-K,2026-02-25,2026-02-25,,0001654954-26-001536,https://www.sec.gov/Archives/edgar/data/901832/000165495426001536/a0829u.htm,https://www.sec.gov/Archives/edgar/data/901832/000165495426001536/
20-F,2026-02-24,2025-12-31,,0001104659-26-019130,https://www.sec.gov/Archives/edgar/data/901832/000110465926019130/azn-20251231x20f.htm,https://www.sec.gov/Archives/edgar/data/901832/000110465926019130/
6-K,2026-02-24,2026-02-24,,0001104659-26-019110,https://www.sec.gov/Archives/edgar/data/901832/000110465926019110/tm261135d3_6k.htm,https://www.sec.gov/Archives/edgar/data/901832/000110465926019110/
6-K,2026-02-24,2026-02-24,,0001654954-26-001483,https://www.sec.gov/Archives/edgar/data/901832/000165495426001483/a0823u.htm,https://www.sec.gov/Archives/edgar/data/901832/000165495426001483/
6-K,2026-02-24,2026-02-24,,0001654954-26-001481,https://www.sec.gov/Archives/edgar/data/901832/000165495426001481/a0817u.htm,https://www.sec.gov/Archives/edgar/data/901832/000165495426001481/
6-K,2026-02-20,2026-02-20,,0001654954-26-001409,https://www.sec.gov/Archives/edgar/data/901832/000165495426001409/a7832t.htm,https://www.sec.gov/Archives/edgar/data/901832/000165495426001409/
6-K,2026-02-10,2026-02-10,,0001654954-26-001073,https://www.sec.gov/Archives/edgar/data/901832/000165495426001073/a3234s.htm,https://www.sec.gov/Archives/edgar/data/901832/000165495426001073/
6-K,2026-02-03,2026-02-03,,0001654954-26-000857,https://www.sec.gov/Archives/edgar/data/901832/000165495426000857/a4833r.htm,https://www.sec.gov/Archives/edgar/data/901832/000165495426000857/
6-K,2026-02-02,2026-02-02,,0001654954-26-000824,https://www.sec.gov/Archives/edgar/data/901832/000165495426000824/a1980r.htm,https://www.sec.gov/Archives/edgar/data/901832/000165495426000824/
6-K,2026-02-02,2026-02-02,,0001654954-26-000795,https://www.sec.gov/Archives/edgar/data/901832/000165495426000795/a2764r.htm,https://www.sec.gov/Archives/edgar/data/901832/000165495426000795/
6-K,2026-02-02,2026-02-02,,0001654954-26-000792,https://www.sec.gov/Archives/edgar/data/901832/000165495426000792/a2714r.htm,https://www.sec.gov/Archives/edgar/data/901832/000165495426000792/
6-K,2026-01-30,2026-01-30,,0001654954-26-000730,https://www.sec.gov/Archives/edgar/data/901832/000165495426000730/a0031r.htm,https://www.sec.gov/Archives/edgar/data/901832/000165495426000730/
6-K,2026-01-29,2026-01-29,,0001654954-26-000688,https://www.sec.gov/Archives/edgar/data/901832/000165495426000688/a9169q.htm,https://www.sec.gov/Archives/edgar/data/901832/000165495426000688/
6-K,2026-01-20,2026-01-20,,0001654954-26-000464,https://www.sec.gov/Archives/edgar/data/901832/000165495426000464/a4875p.htm,https://www.sec.gov/Archives/edgar/data/901832/000165495426000464/
6-K,2026-01-08,2026-01-08,,0001654954-26-000153,https://www.sec.gov/Archives/edgar/data/901832/000165495426000153/a0621oastra.htm,https://www.sec.gov/Archives/edgar/data/901832/000165495426000153/
6-K,2026-01-02,2026-01-02,,0001654954-26-000027,https://www.sec.gov/Archives/edgar/data/901832/000165495426000027/a4560n.htm,https://www.sec.gov/Archives/edgar/data/901832/000165495426000027/
6-K,2025-12-22,2025-12-22,,0001654954-25-014171,https://www.sec.gov/Archives/edgar/data/901832/000165495425014171/a3725m.htm,https://www.sec.gov/Archives/edgar/data/901832/000165495425014171/
6-K,2025-12-22,2025-12-22,,0001654954-25-014166,https://www.sec.gov/Archives/edgar/data/901832/000165495425014166/a3788m.htm,https://www.sec.gov/Archives/edgar/data/901832/000165495425014166/
6-K,2025-12-22,2025-12-22,,0001654954-25-014164,https://www.sec.gov/Archives/edgar/data/901832/000165495425014164/a3786m.htm,https://www.sec.gov/Archives/edgar/data/901832/000165495425014164/
6-K,2025-12-19,2025-12-19,,0001654954-25-014136,https://www.sec.gov/Archives/edgar/data/901832/000165495425014136/a2063m.htm,https://www.sec.gov/Archives/edgar/data/901832/000165495425014136/
6-K,2025-12-16,2025-12-16,,0001654954-25-013974,https://www.sec.gov/Archives/edgar/data/901832/000165495425013974/a655l.htm,https://www.sec.gov/Archives/edgar/data/901832/000165495425013974/
6-K,2025-12-16,2025-12-16,,0001654954-25-013970,https://www.sec.gov/Archives/edgar/data/901832/000165495425013970/a6719l.htm,https://www.sec.gov/Archives/edgar/data/901832/000165495425013970/
6-K,2025-12-04,2025-12-04,,0001654954-25-013678,https://www.sec.gov/Archives/edgar/data/901832/000165495425013678/a3053k.htm,https://www.sec.gov/Archives/edgar/data/901832/000165495425013678/
6-K,2025-12-01,2025-12-01,,0001654954-25-013569,https://www.sec.gov/Archives/edgar/data/901832/000165495425013569/a6866j.htm,https://www.sec.gov/Archives/edgar/data/901832/000165495425013569/
6-K,2025-12-01,2025-12-01,,0001654954-25-013567,https://www.sec.gov/Archives/edgar/data/901832/000165495425013567/a6944j.htm,https://www.sec.gov/Archives/edgar/data/901832/000165495425013567/
6-K,2025-11-26,2025-11-26,,0001654954-25-013450,https://www.sec.gov/Archives/edgar/data/901832/000165495425013450/a9865i.htm,https://www.sec.gov/Archives/edgar/data/901832/000165495425013450/
6-K,2025-11-24,2025-11-24,,0001654954-25-013401,https://www.sec.gov/Archives/edgar/data/901832/000165495425013401/a6308i.htm,https://www.sec.gov/Archives/edgar/data/901832/000165495425013401/
6-K,2025-11-20,2025-11-20,,0001654954-25-013317,https://www.sec.gov/Archives/edgar/data/901832/000165495425013317/a2653i.htm,https://www.sec.gov/Archives/edgar/data/901832/000165495425013317/
6-K,2025-11-17,2025-11-17,,0001654954-25-013129,https://www.sec.gov/Archives/edgar/data/901832/000165495425013129/a8336h1.htm,https://www.sec.gov/Archives/edgar/data/901832/000165495425013129/
6-K,2025-11-14,2025-11-14,,0001654954-25-013043,https://www.sec.gov/Archives/edgar/data/901832/000165495425013043/a6121h.htm,https://www.sec.gov/Archives/edgar/data/901832/000165495425013043/
6-K,2025-11-10,2025-11-10,,0001654954-25-012757,https://www.sec.gov/Archives/edgar/data/901832/000165495425012757/a9097g.htm,https://www.sec.gov/Archives/edgar/data/901832/000165495425012757/
6-K,2025-11-06,2025-11-06,,0001654954-25-012630,https://www.sec.gov/Archives/edgar/data/901832/000165495425012630/a4030g.htm,https://www.sec.gov/Archives/edgar/data/901832/000165495425012630/
6-K,2025-11-03,2025-11-03,,0001654954-25-012502,https://www.sec.gov/Archives/edgar/data/901832/000165495425012502/a9801f.htm,https://www.sec.gov/Archives/edgar/data/901832/000165495425012502/
6-K,2025-11-03,2025-11-03,,0001654954-25-012498,https://www.sec.gov/Archives/edgar/data/901832/000165495425012498/a7883f.htm,https://www.sec.gov/Archives/edgar/data/901832/000165495425012498/
6-K,2025-11-03,2025-11-03,,0001104659-25-105425,https://www.sec.gov/Archives/edgar/data/901832/000110465925105425/tm2529889d1_6k.htm,https://www.sec.gov/Archives/edgar/data/901832/000110465925105425/
6-K,2025-10-28,2025-10-28,,0001654954-25-012271,https://www.sec.gov/Archives/edgar/data/901832/000165495425012271/a9943e.htm,https://www.sec.gov/Archives/edgar/data/901832/000165495425012271/
6-K,2025-10-28,2025-10-28,,0001654954-25-012262,https://www.sec.gov/Archives/edgar/data/901832/000165495425012262/a0174f.htm,https://www.sec.gov/Archives/edgar/data/901832/000165495425012262/
6-K,2025-10-22,2025-10-22,,0001654954-25-012040,https://www.sec.gov/Archives/edgar/data/901832/000165495425012040/a2961e.htm,https://www.sec.gov/Archives/edgar/data/901832/000165495425012040/
6-K,2025-10-20,2025-10-20,,0001654954-25-011951,https://www.sec.gov/Archives/edgar/data/901832/000165495425011951/a9315d.htm,https://www.sec.gov/Archives/edgar/data/901832/000165495425011951/
6-K,2025-10-20,2025-10-20,,0001654954-25-011943,https://www.sec.gov/Archives/edgar/data/901832/000165495425011943/a9156d.htm,https://www.sec.gov/Archives/edgar/data/901832/000165495425011943/
6-K,2025-10-14,2025-10-14,,0001654954-25-011688,https://www.sec.gov/Archives/edgar/data/901832/000165495425011688/a9731c.htm,https://www.sec.gov/Archives/edgar/data/901832/000165495425011688/
6-K,2025-10-07,2025-10-07,,0001654954-25-011529,https://www.sec.gov/Archives/edgar/data/901832/000165495425011529/a2843c.htm,https://www.sec.gov/Archives/edgar/data/901832/000165495425011529/
6-K,2025-10-06,2025-10-06,,0001654954-25-011461,https://www.sec.gov/Archives/edgar/data/901832/000165495425011461/a1092c.htm,https://www.sec.gov/Archives/edgar/data/901832/000165495425011461/
6-K,2025-10-01,2025-10-01,,0001654954-25-011310,https://www.sec.gov/Archives/edgar/data/901832/000165495425011310/a5115b.htm,https://www.sec.gov/Archives/edgar/data/901832/000165495425011310/
6-K,2025-09-29,2025-09-29,,0001654954-25-011177,https://www.sec.gov/Archives/edgar/data/901832/000165495425011177/a1100b.htm,https://www.sec.gov/Archives/edgar/data/901832/000165495425011177/
6-K,2025-09-29,2025-09-29,,0001654954-25-011175,https://www.sec.gov/Archives/edgar/data/901832/000165495425011175/a1788b.htm,https://www.sec.gov/Archives/edgar/data/901832/000165495425011175/
6-K,2025-09-29,2025-09-29,,0001104659-25-094039,https://www.sec.gov/Archives/edgar/data/901832/000110465925094039/tm2526326-11_6k.htm,https://www.sec.gov/Archives/edgar/data/901832/000110465925094039/
6-K,2025-09-25,2025-09-25,,0001654954-25-011107,https://www.sec.gov/Archives/edgar/data/901832/000165495425011107/a8844a.htm,https://www.sec.gov/Archives/edgar/data/901832/000165495425011107/
6-K,2025-09-22,2025-09-22,,0001654954-25-010969,https://www.sec.gov/Archives/edgar/data/901832/000165495425010969/a2200a.htm,https://www.sec.gov/Archives/edgar/data/901832/000165495425010969/
6-K,2025-09-22,2025-09-22,,0001654954-25-010967,https://www.sec.gov/Archives/edgar/data/901832/000165495425010967/a2198a.htm,https://www.sec.gov/Archives/edgar/data/901832/000165495425010967/
6-K,2025-09-17,2025-09-17,,0001654954-25-010847,https://www.sec.gov/Archives/edgar/data/901832/000165495425010847/a6053z.htm,https://www.sec.gov/Archives/edgar/data/901832/000165495425010847/
6-K,2025-09-17,2025-09-17,,0001654954-25-010845,https://www.sec.gov/Archives/edgar/data/901832/000165495425010845/a6048z.htm,https://www.sec.gov/Archives/edgar/data/901832/000165495425010845/
6-K,2025-09-02,2025-09-02,,0001654954-25-010235,https://www.sec.gov/Archives/edgar/data/901832/000165495425010235/a3337x.htm,https://www.sec.gov/Archives/edgar/data/901832/000165495425010235/
6-K,2025-08-28,2025-08-28,,0001654954-25-010131,https://www.sec.gov/Archives/edgar/data/901832/000165495425010131/a0720x.htm,https://www.sec.gov/Archives/edgar/data/901832/000165495425010131/
6-K,2025-08-26,2025-08-26,,0001654954-25-010040,https://www.sec.gov/Archives/edgar/data/901832/000165495425010040/a6775w.htm,https://www.sec.gov/Archives/edgar/data/901832/000165495425010040/
6-K,2025-08-21,2025-08-21,,0001654954-25-009884,https://www.sec.gov/Archives/edgar/data/901832/000165495425009884/a2511w.htm,https://www.sec.gov/Archives/edgar/data/901832/000165495425009884/
6-K,2025-08-18,2025-08-18,,0001654954-25-009748,https://www.sec.gov/Archives/edgar/data/901832/000165495425009748/a7666v.htm,https://www.sec.gov/Archives/edgar/data/901832/000165495425009748/
6-K,2025-08-15,2025-08-15,,0001654954-25-009692,https://www.sec.gov/Archives/edgar/data/901832/000165495425009692/a5241v.htm,https://www.sec.gov/Archives/edgar/data/901832/000165495425009692/
6-K,2025-08-12,2025-08-12,,0001654954-25-009396,https://www.sec.gov/Archives/edgar/data/901832/000165495425009396/a0142v.htm,https://www.sec.gov/Archives/edgar/data/901832/000165495425009396/
6-K,2025-08-01,2025-08-01,,0001654954-25-008838,https://www.sec.gov/Archives/edgar/data/901832/000165495425008838/a6194t.htm,https://www.sec.gov/Archives/edgar/data/901832/000165495425008838/
6-K,2025-07-29,2025-06-30,,0001104659-25-071432,https://www.sec.gov/Archives/edgar/data/901832/000110465925071432/azn-20250630x6k.htm,https://www.sec.gov/Archives/edgar/data/901832/000110465925071432/
6-K,2025-07-24,2025-07-24,,0001654954-25-008413,https://www.sec.gov/Archives/edgar/data/901832/000165495425008413/a3269s.htm,https://www.sec.gov/Archives/edgar/data/901832/000165495425008413/
6-K,2025-07-22,2025-07-22,,0001654954-25-008260,https://www.sec.gov/Archives/edgar/data/901832/000165495425008260/a9509r.htm,https://www.sec.gov/Archives/edgar/data/901832/000165495425008260/
6-K,2025-07-16,2025-07-16,,0001654954-25-008111,https://www.sec.gov/Archives/edgar/data/901832/000165495425008111/a2015r.htm,https://www.sec.gov/Archives/edgar/data/901832/000165495425008111/
6-K,2025-07-14,2025-07-14,,0001654954-25-008010,https://www.sec.gov/Archives/edgar/data/901832/000165495425008010/a9003q.htm,https://www.sec.gov/Archives/edgar/data/901832/000165495425008010/
6-K,2025-07-07,2025-07-07,,0001654954-25-007785,https://www.sec.gov/Archives/edgar/data/901832/000165495425007785/a7036p.htm,https://www.sec.gov/Archives/edgar/data/901832/000165495425007785/
6-K,2025-07-01,2025-07-01,,0001654954-25-007604,https://www.sec.gov/Archives/edgar/data/901832/000165495425007604/a0819p.htm,https://www.sec.gov/Archives/edgar/data/901832/000165495425007604/
6-K,2025-06-24,2025-06-24,,0001654954-25-007315,https://www.sec.gov/Archives/edgar/data/901832/000165495425007315/a0674o.htm,https://www.sec.gov/Archives/edgar/data/901832/000165495425007315/
6-K,2025-06-13,2025-06-13,,0001654954-25-006914,https://www.sec.gov/Archives/edgar/data/901832/000165495425006914/a6592m.htm,https://www.sec.gov/Archives/edgar/data/901832/000165495425006914/
6-K,2025-06-12,2025-06-12,,0001654954-25-006868,https://www.sec.gov/Archives/edgar/data/901832/000165495425006868/a4851m.htm,https://www.sec.gov/Archives/edgar/data/901832/000165495425006868/
6-K,2025-06-06,2025-06-06,,0001654954-25-006655,https://www.sec.gov/Archives/edgar/data/901832/000165495425006655/a7065l.htm,https://www.sec.gov/Archives/edgar/data/901832/000165495425006655/
6-K,2025-06-02,2025-06-02,,0001654954-25-006418,https://www.sec.gov/Archives/edgar/data/901832/000165495425006418/a9992k.htm,https://www.sec.gov/Archives/edgar/data/901832/000165495425006418/
6-K,2025-06-02,2025-06-02,,0001654954-25-006414,https://www.sec.gov/Archives/edgar/data/901832/000165495425006414/a9988k.htm,https://www.sec.gov/Archives/edgar/data/901832/000165495425006414/
6-K,2025-05-27,2025-05-27,,0001654954-25-006101,https://www.sec.gov/Archives/edgar/data/901832/000165495425006101/a0471k.htm,https://www.sec.gov/Archives/edgar/data/901832/000165495425006101/
6-K,2025-05-23,2025-05-23,,0001654954-25-006059,https://www.sec.gov/Archives/edgar/data/901832/000165495425006059/a8814j.htm,https://www.sec.gov/Archives/edgar/data/901832/000165495425006059/
6-K,2025-05-21,2025-05-21,,0001654954-25-005972,https://www.sec.gov/Archives/edgar/data/901832/000165495425005972/a4894j.htm,https://www.sec.gov/Archives/edgar/data/901832/000165495425005972/
6-K,2025-05-20,2025-05-20,,0001654954-25-005901,https://www.sec.gov/Archives/edgar/data/901832/000165495425005901/a3029j.htm,https://www.sec.gov/Archives/edgar/data/901832/000165495425005901/
6-K,2025-05-09,2025-05-09,,0001654954-25-005331,https://www.sec.gov/Archives/edgar/data/901832/000165495425005331/a9743h.htm,https://www.sec.gov/Archives/edgar/data/901832/000165495425005331/
6-K,2025-05-07,2025-05-07,,0001654954-25-005175,https://www.sec.gov/Archives/edgar/data/901832/000165495425005175/a5800h.htm,https://www.sec.gov/Archives/edgar/data/901832/000165495425005175/
6-K,2025-05-06,2025-05-06,,0001654954-25-005099,https://www.sec.gov/Archives/edgar/data/901832/000165495425005099/a4568h.htm,https://www.sec.gov/Archives/edgar/data/901832/000165495425005099/
6-K,2025-05-02,2025-05-02,,0001654954-25-005021,https://www.sec.gov/Archives/edgar/data/901832/000165495425005021/a1484h.htm,https://www.sec.gov/Archives/edgar/data/901832/000165495425005021/
6-K,2025-05-01,2025-05-01,,0001654954-25-004975,https://www.sec.gov/Archives/edgar/data/901832/000165495425004975/a1151h.htm,https://www.sec.gov/Archives/edgar/data/901832/000165495425004975/
6-K,2025-05-01,2025-05-01,,0001654954-25-004956,https://www.sec.gov/Archives/edgar/data/901832/000165495425004956/a9064g.htm,https://www.sec.gov/Archives/edgar/data/901832/000165495425004956/
6-K,2025-04-29,2025-04-29,,0001654954-25-004745,https://www.sec.gov/Archives/edgar/data/901832/000165495425004745/a4906g.htm,https://www.sec.gov/Archives/edgar/data/901832/000165495425004745/
6-K,2025-04-29,2025-04-29,,0001654954-25-004742,https://www.sec.gov/Archives/edgar/data/901832/000165495425004742/a5133g.htm,https://www.sec.gov/Archives/edgar/data/901832/000165495425004742/
6-K,2025-04-29,2025-04-29,,0001654954-25-004737,https://www.sec.gov/Archives/edgar/data/901832/000165495425004737/a5242g.htm,https://www.sec.gov/Archives/edgar/data/901832/000165495425004737/
6-K,2025-04-22,2025-04-22,,0001654954-25-004504,https://www.sec.gov/Archives/edgar/data/901832/000165495425004504/a6358f.htm,https://www.sec.gov/Archives/edgar/data/901832/000165495425004504/
6-K,2025-04-11,2025-04-11,,0001654954-25-004150,https://www.sec.gov/Archives/edgar/data/901832/000165495425004150/a7730e.htm,https://www.sec.gov/Archives/edgar/data/901832/000165495425004150/
6-K,2025-04-04,2025-04-04,,0001654954-25-003896,https://www.sec.gov/Archives/edgar/data/901832/000165495425003896/a5497d.htm,https://www.sec.gov/Archives/edgar/data/901832/000165495425003896/
6-K,2025-04-04,2025-04-04,,0001654954-25-003894,https://www.sec.gov/Archives/edgar/data/901832/000165495425003894/a5798d.htm,https://www.sec.gov/Archives/edgar/data/901832/000165495425003894/
6-K,2025-04-01,2025-04-01,,0001654954-25-003772,https://www.sec.gov/Archives/edgar/data/901832/000165495425003772/a0180d.htm,https://www.sec.gov/Archives/edgar/data/901832/000165495425003772/
6-K,2025-03-31,2025-03-31,,0001654954-25-003590,https://www.sec.gov/Archives/edgar/data/901832/000165495425003590/a7993c.htm,https://www.sec.gov/Archives/edgar/data/901832/000165495425003590/
6-K,2025-03-31,2025-03-31,,0001654954-25-003589,https://www.sec.gov/Archives/edgar/data/901832/000165495425003589/a8120c.htm,https://www.sec.gov/Archives/edgar/data/901832/000165495425003589/
6-K,2025-03-21,2025-03-21,,0001654954-25-003128,https://www.sec.gov/Archives/edgar/data/901832/000165495425003128/a6965b.htm,https://www.sec.gov/Archives/edgar/data/901832/000165495425003128/
6-K,2025-03-17,2025-03-17,,0001654954-25-002841,https://www.sec.gov/Archives/edgar/data/901832/000165495425002841/a9035a.htm,https://www.sec.gov/Archives/edgar/data/901832/000165495425002841/
6-K,2025-03-17,2025-03-17,,0001654954-25-002839,https://www.sec.gov/Archives/edgar/data/901832/000165495425002839/a9033a.htm,https://www.sec.gov/Archives/edgar/data/901832/000165495425002839/
6-K,2025-03-17,2025-03-17,,0001654954-25-002837,https://www.sec.gov/Archives/edgar/data/901832/000165495425002837/a9028a.htm,https://www.sec.gov/Archives/edgar/data/901832/000165495425002837/
6-K,2025-03-12,2025-03-12,,0001654954-25-002669,https://www.sec.gov/Archives/edgar/data/901832/000165495425002669/a4492a.htm,https://www.sec.gov/Archives/edgar/data/901832/000165495425002669/
6-K,2025-03-07,2025-03-07,,0001654954-25-002424,https://www.sec.gov/Archives/edgar/data/901832/000165495425002424/a8569z.htm,https://www.sec.gov/Archives/edgar/data/901832/000165495425002424/
6-K,2025-03-07,2025-03-07,,0001654954-25-002413,https://www.sec.gov/Archives/edgar/data/901832/000165495425002413/a8473z.htm,https://www.sec.gov/Archives/edgar/data/901832/000165495425002413/
6-K,2025-03-07,2025-03-07,,0001654954-25-002412,https://www.sec.gov/Archives/edgar/data/901832/000165495425002412/a8006z.htm,https://www.sec.gov/Archives/edgar/data/901832/000165495425002412/
6-K,2025-03-07,2025-03-07,,0001104659-25-021517,https://www.sec.gov/Archives/edgar/data/901832/000110465925021517/tm257801d1_6k.htm,https://www.sec.gov/Archives/edgar/data/901832/000110465925021517/
6-K,2025-03-06,2025-03-06,,0001654954-25-002350,https://www.sec.gov/Archives/edgar/data/901832/000165495425002350/a6846z.htm,https://www.sec.gov/Archives/edgar/data/901832/000165495425002350/
6-K,2025-03-05,2025-03-05,,0001654954-25-002308,https://www.sec.gov/Archives/edgar/data/901832/000165495425002308/a5122z.htm,https://www.sec.gov/Archives/edgar/data/901832/000165495425002308/
6-K,2025-03-03,2025-03-03,,0001654954-25-002199,https://www.sec.gov/Archives/edgar/data/901832/000165495425002199/a9708y.htm,https://www.sec.gov/Archives/edgar/data/901832/000165495425002199/
6-K,2025-03-03,2025-03-03,,0001654954-25-002166,https://www.sec.gov/Archives/edgar/data/901832/000165495425002166/a9395y.htm,https://www.sec.gov/Archives/edgar/data/901832/000165495425002166/
6-K,2025-02-28,2025-02-28,,0001654954-25-002102,https://www.sec.gov/Archives/edgar/data/901832/000165495425002102/a9301y.htm,https://www.sec.gov/Archives/edgar/data/901832/000165495425002102/
6-K,2025-02-26,2025-02-26,,0001654954-25-001920,https://www.sec.gov/Archives/edgar/data/901832/000165495425001920/a4479y.htm,https://www.sec.gov/Archives/edgar/data/901832/000165495425001920/
6-K,2025-02-19,2025-02-19,,0001654954-25-001661,https://www.sec.gov/Archives/edgar/data/901832/000165495425001661/a5991x.htm,https://www.sec.gov/Archives/edgar/data/901832/000165495425001661/
20-F,2025-02-18,2024-12-31,,0001104659-25-014750,https://www.sec.gov/Archives/edgar/data/901832/000110465925014750/azn-20241231x20f.htm,https://www.sec.gov/Archives/edgar/data/901832/000110465925014750/
6-K,2025-02-18,2025-02-18,,0001104659-25-014732,https://www.sec.gov/Archives/edgar/data/901832/000110465925014732/tm251208d3_6k.htm,https://www.sec.gov/Archives/edgar/data/901832/000110465925014732/
6-K,2025-02-18,2025-02-18,,0001654954-25-001625,https://www.sec.gov/Archives/edgar/data/901832/000165495425001625/a5539x.htm,https://www.sec.gov/Archives/edgar/data/901832/000165495425001625/
6-K,2025-02-18,2025-02-18,,0001654954-25-001619,https://www.sec.gov/Archives/edgar/data/901832/000165495425001619/a4239x.htm,https://www.sec.gov/Archives/edgar/data/901832/000165495425001619/
6-K,2025-02-18,2025-02-18,,0001654954-25-001614,https://www.sec.gov/Archives/edgar/data/901832/000165495425001614/a4044x.htm,https://www.sec.gov/Archives/edgar/data/901832/000165495425001614/
6-K,2025-02-06,2025-02-06,,0001654954-25-001189,https://www.sec.gov/Archives/edgar/data/901832/000165495425001189/a1107w.htm,https://www.sec.gov/Archives/edgar/data/901832/000165495425001189/
6-K,2025-02-03,2025-02-03,,0001654954-25-001087,https://www.sec.gov/Archives/edgar/data/901832/000165495425001087/a7256v.htm,https://www.sec.gov/Archives/edgar/data/901832/000165495425001087/
6-K,2025-02-03,2025-02-03,,0001654954-25-001005,https://www.sec.gov/Archives/edgar/data/901832/000165495425001005/a5235v.htm,https://www.sec.gov/Archives/edgar/data/901832/000165495425001005/
6-K,2025-01-28,2025-01-28,,0001654954-25-000846,https://www.sec.gov/Archives/edgar/data/901832/000165495425000846/a9335u.htm,https://www.sec.gov/Archives/edgar/data/901832/000165495425000846/
6-K,2025-01-21,2025-01-21,,0001654954-25-000565,https://www.sec.gov/Archives/edgar/data/901832/000165495425000565/a8555t.htm,https://www.sec.gov/Archives/edgar/data/901832/000165495425000565/
6-K,2025-01-17,2025-01-17,,0001654954-25-000518,https://www.sec.gov/Archives/edgar/data/901832/000165495425000518/a7490t.htm,https://www.sec.gov/Archives/edgar/data/901832/000165495425000518/
6-K,2025-01-02,2025-01-02,,0001654954-25-000031,https://www.sec.gov/Archives/edgar/data/901832/000165495425000031/a9281r.htm,https://www.sec.gov/Archives/edgar/data/901832/000165495425000031/
6-K,2024-12-26,2024-12-26,,0001654954-24-015891,https://www.sec.gov/Archives/edgar/data/901832/000165495424015891/a1964r.htm,https://www.sec.gov/Archives/edgar/data/901832/000165495424015891/
6-K,2024-12-23,2024-12-23,,0001654954-24-015839,https://www.sec.gov/Archives/edgar/data/901832/000165495424015839/a0239r.htm,https://www.sec.gov/Archives/edgar/data/901832/000165495424015839/
6-K,2024-12-16,2024-12-16,,0001654954-24-015567,https://www.sec.gov/Archives/edgar/data/901832/000165495424015567/a1209q.htm,https://www.sec.gov/Archives/edgar/data/901832/000165495424015567/
6-K,2024-12-05,2024-12-05,,0001654954-24-015165,https://www.sec.gov/Archives/edgar/data/901832/000165495424015165/a8986o.htm,https://www.sec.gov/Archives/edgar/data/901832/000165495424015165/
6-K,2024-12-04,2024-12-04,,0001654954-24-015151,https://www.sec.gov/Archives/edgar/data/901832/000165495424015151/a8097o.htm,https://www.sec.gov/Archives/edgar/data/901832/000165495424015151/
6-K,2024-12-02,2024-12-02,,0001654954-24-015049,https://www.sec.gov/Archives/edgar/data/901832/000165495424015049/a3952o.htm,https://www.sec.gov/Archives/edgar/data/901832/000165495424015049/
6-K,2024-12-02,2024-12-02,,0001654954-24-015048,https://www.sec.gov/Archives/edgar/data/901832/000165495424015048/a3917o.htm,https://www.sec.gov/Archives/edgar/data/901832/000165495424015048/
6-K,2024-11-25,2024-11-25,,0001654954-24-014843,https://www.sec.gov/Archives/edgar/data/901832/000165495424014843/a4123n.htm,https://www.sec.gov/Archives/edgar/data/901832/000165495424014843/
6-K,2024-11-20,2024-11-20,,0001654954-24-014697,https://www.sec.gov/Archives/edgar/data/901832/000165495424014697/a0144n.htm,https://www.sec.gov/Archives/edgar/data/901832/000165495424014697/
6-K,2024-11-18,2024-11-18,,0001654954-24-014570,https://www.sec.gov/Archives/edgar/data/901832/000165495424014570/a5115m.htm,https://www.sec.gov/Archives/edgar/data/901832/000165495424014570/
6-K,2024-11-15,2024-11-15,,0001654954-24-014517,https://www.sec.gov/Archives/edgar/data/901832/000165495424014517/a4728m.htm,https://www.sec.gov/Archives/edgar/data/901832/000165495424014517/
6-K,2024-11-15,2024-11-15,,0001654954-24-014508,https://www.sec.gov/Archives/edgar/data/901832/000165495424014508/a4252m.htm,https://www.sec.gov/Archives/edgar/data/901832/000165495424014508/
6-K,2024-11-13,2024-11-13,,0001654954-24-014235,https://www.sec.gov/Archives/edgar/data/901832/000165495424014235/a1407m.htm,https://www.sec.gov/Archives/edgar/data/901832/000165495424014235/
6-K,2024-11-12,2024-11-12,,0001654954-24-014095,https://www.sec.gov/Archives/edgar/data/901832/000165495424014095/a8036l.htm,https://www.sec.gov/Archives/edgar/data/901832/000165495424014095/
6-K,2024-11-12,2024-11-12,,0001654954-24-014093,https://www.sec.gov/Archives/edgar/data/901832/000165495424014093/a7970l.htm,https://www.sec.gov/Archives/edgar/data/901832/000165495424014093/
6-K,2024-11-12,2024-11-12,,0001654954-24-014089,https://www.sec.gov/Archives/edgar/data/901832/000165495424014089/a7967l.htm,https://www.sec.gov/Archives/edgar/data/901832/000165495424014089/
6-K,2024-11-12,2024-11-12,,0001654954-24-014084,https://www.sec.gov/Archives/edgar/data/901832/000165495424014084/a7952l.htm,https://www.sec.gov/Archives/edgar/data/901832/000165495424014084/
6-K,2024-11-08,2024-11-08,,0001654954-24-013972,https://www.sec.gov/Archives/edgar/data/901832/000165495424013972/a5104l.htm,https://www.sec.gov/Archives/edgar/data/901832/000165495424013972/
6-K,2024-11-01,2024-11-01,,0001654954-24-013617,https://www.sec.gov/Archives/edgar/data/901832/000165495424013617/a4905k.htm,https://www.sec.gov/Archives/edgar/data/901832/000165495424013617/
6-K,2024-10-30,2024-10-30,,0001654954-24-013471,https://www.sec.gov/Archives/edgar/data/901832/000165495424013471/a2709k.htm,https://www.sec.gov/Archives/edgar/data/901832/000165495424013471/
6-K,2024-10-21,2024-10-21,,0001654954-24-013146,https://www.sec.gov/Archives/edgar/data/901832/000165495424013146/tm_6k.htm,https://www.sec.gov/Archives/edgar/data/901832/000165495424013146/
6-K,2024-10-07,2024-10-07,,0001654954-24-012726,https://www.sec.gov/Archives/edgar/data/901832/000165495424012726/a0905h.htm,https://www.sec.gov/Archives/edgar/data/901832/000165495424012726/
6-K,2024-10-01,2024-10-01,,0001654954-24-012560,https://www.sec.gov/Archives/edgar/data/901832/000165495424012560/a4718g.htm,https://www.sec.gov/Archives/edgar/data/901832/000165495424012560/
6-K,2024-09-26,2024-09-26,,0001654954-24-012321,https://www.sec.gov/Archives/edgar/data/901832/000165495424012321/a7133f.htm,https://www.sec.gov/Archives/edgar/data/901832/000165495424012321/
6-K,2024-09-23,2024-09-23,,0001654954-24-012148,https://www.sec.gov/Archives/edgar/data/901832/000165495424012148/a1419f.htm,https://www.sec.gov/Archives/edgar/data/901832/000165495424012148/
6-K,2024-09-23,2024-09-23,,0001654954-24-012146,https://www.sec.gov/Archives/edgar/data/901832/000165495424012146/a1425f.htm,https://www.sec.gov/Archives/edgar/data/901832/000165495424012146/
6-K,2024-09-20,2024-09-20,,0001654954-24-012136,https://www.sec.gov/Archives/edgar/data/901832/000165495424012136/astrazenecaplc-1262f.htm,https://www.sec.gov/Archives/edgar/data/901832/000165495424012136/
6-K,2024-09-18,2024-09-18,,0001654954-24-012038,https://www.sec.gov/Archives/edgar/data/901832/000165495424012038/astrazenecaplc.htm,https://www.sec.gov/Archives/edgar/data/901832/000165495424012038/
6-K,2024-09-13,2024-09-13,,0001654954-24-011899,https://www.sec.gov/Archives/edgar/data/901832/000165495424011899/a1893e.htm,https://www.sec.gov/Archives/edgar/data/901832/000165495424011899/
6-K,2024-09-03,2024-09-02,,0001654954-24-011365,https://www.sec.gov/Archives/edgar/data/901832/000165495424011365/a5295c.htm,https://www.sec.gov/Archives/edgar/data/901832/000165495424011365/
6-K,2024-08-16,2024-08-16,,0001654954-24-010777,https://www.sec.gov/Archives/edgar/data/901832/000165495424010777/a6772a.htm,https://www.sec.gov/Archives/edgar/data/901832/000165495424010777/
6-K,2024-08-01,2024-08-01,,0001654954-24-009768,https://www.sec.gov/Archives/edgar/data/901832/000165495424009768/a8197y.htm,https://www.sec.gov/Archives/edgar/data/901832/000165495424009768/
6-K,2024-07-30,2024-07-30,,0001654954-24-009571,https://www.sec.gov/Archives/edgar/data/901832/000165495424009571/a2875y.htm,https://www.sec.gov/Archives/edgar/data/901832/000165495424009571/
6-K,2024-07-29,2024-07-29,,0001654954-24-009496,https://www.sec.gov/Archives/edgar/data/901832/000165495424009496/a1031y.htm,https://www.sec.gov/Archives/edgar/data/901832/000165495424009496/
6-K,2024-07-26,2024-07-26,,0001654954-24-009439,https://www.sec.gov/Archives/edgar/data/901832/000165495424009439/astrazenecaplc.htm,https://www.sec.gov/Archives/edgar/data/901832/000165495424009439/
6-K,2024-07-25,2024-06-30,,0001104659-24-082531,https://www.sec.gov/Archives/edgar/data/901832/000110465924082531/azn-20240630x6k.htm,https://www.sec.gov/Archives/edgar/data/901832/000110465924082531/
6-K,2024-07-15,2024-07-15,,0001654954-24-008909,https://www.sec.gov/Archives/edgar/data/901832/000165495424008909/a2927w.htm,https://www.sec.gov/Archives/edgar/data/901832/000165495424008909/
6-K,2024-07-01,2024-07-01,,0001654954-24-008432,https://www.sec.gov/Archives/edgar/data/901832/000165495424008432/a6100u.htm,https://www.sec.gov/Archives/edgar/data/901832/000165495424008432/
6-K,2024-07-01,2024-07-01,,0001654954-24-008387,https://www.sec.gov/Archives/edgar/data/901832/000165495424008387/astrazenecaplc-4507u.htm,https://www.sec.gov/Archives/edgar/data/901832/000165495424008387/
6-K,2024-06-25,2024-06-25,,0001654954-24-008130,https://www.sec.gov/Archives/edgar/data/901832/000165495424008130/a7460t.htm,https://www.sec.gov/Archives/edgar/data/901832/000165495424008130/
6-K,2024-06-25,2024-06-25,,0001654954-24-008126,https://www.sec.gov/Archives/edgar/data/901832/000165495424008126/a7454t.htm,https://www.sec.gov/Archives/edgar/data/901832/000165495424008126/
6-K,2024-06-18,2024-06-18,,0001654954-24-007869,https://www.sec.gov/Archives/edgar/data/901832/000165495424007869/a8461s.htm,https://www.sec.gov/Archives/edgar/data/901832/000165495424007869/
6-K,2024-06-17,2024-06-17,,0001654954-24-007805,https://www.sec.gov/Archives/edgar/data/901832/000165495424007805/astrazenecaplc-6004s.htm,https://www.sec.gov/Archives/edgar/data/901832/000165495424007805/
6-K,2024-06-12,2024-06-12,,0001654954-24-007632,https://www.sec.gov/Archives/edgar/data/901832/000165495424007632/astrazenecaplc-1740s.htm,https://www.sec.gov/Archives/edgar/data/901832/000165495424007632/
6-K,2024-06-04,2024-06-04,,0001104659-24-068260,https://www.sec.gov/Archives/edgar/data/901832/000110465924068260/tm2416399d1_6k.htm,https://www.sec.gov/Archives/edgar/data/901832/000110465924068260/
6-K,2024-06-03,2024-06-03,,0001654954-24-007202,https://www.sec.gov/Archives/edgar/data/901832/000165495424007202/a6888q.htm,https://www.sec.gov/Archives/edgar/data/901832/000165495424007202/
6-K,2024-06-03,2024-06-03,,0001654954-24-007199,https://www.sec.gov/Archives/edgar/data/901832/000165495424007199/a6867q.htm,https://www.sec.gov/Archives/edgar/data/901832/000165495424007199/
6-K,2024-06-03,2024-06-03,,0001654954-24-007172,https://www.sec.gov/Archives/edgar/data/901832/000165495424007172/a7537q.htm,https://www.sec.gov/Archives/edgar/data/901832/000165495424007172/
6-K,2024-05-28,2024-05-28,,0001654954-24-006926,https://www.sec.gov/Archives/edgar/data/901832/000165495424006926/a9402p.htm,https://www.sec.gov/Archives/edgar/data/901832/000165495424006926/
6-K,2024-05-21,2024-05-21,,0001654954-24-006698,https://www.sec.gov/Archives/edgar/data/901832/000165495424006698/a1880p.htm,https://www.sec.gov/Archives/edgar/data/901832/000165495424006698/
6-K,2024-05-20,2024-05-20,,0001654954-24-006631,https://www.sec.gov/Archives/edgar/data/901832/000165495424006631/a0072p.htm,https://www.sec.gov/Archives/edgar/data/901832/000165495424006631/
6-K,2024-05-16,2024-05-16,,0001654954-24-006451,https://www.sec.gov/Archives/edgar/data/901832/000165495424006451/a6269o.htm,https://www.sec.gov/Archives/edgar/data/901832/000165495424006451/
6-K,2024-05-15,2024-05-15,,0001654954-24-006324,https://www.sec.gov/Archives/edgar/data/901832/000165495424006324/a5642o.htm,https://www.sec.gov/Archives/edgar/data/901832/000165495424006324/
6-K,2024-05-07,2024-05-07,,0001654954-24-005658,https://www.sec.gov/Archives/edgar/data/901832/000165495424005658/a3879n.htm,https://www.sec.gov/Archives/edgar/data/901832/000165495424005658/
6-K,2024-05-02,2024-05-02,,0001654954-24-005422,https://www.sec.gov/Archives/edgar/data/901832/000165495424005422/a9173m.htm,https://www.sec.gov/Archives/edgar/data/901832/000165495424005422/
6-K,2024-05-01,2024-05-01,,0001654954-24-005359,https://www.sec.gov/Archives/edgar/data/901832/000165495424005359/a8136m.htm,https://www.sec.gov/Archives/edgar/data/901832/000165495424005359/
6-K,2024-04-29,2024-04-29,,0001654954-24-005107,https://www.sec.gov/Archives/edgar/data/901832/000165495424005107/astrazenecaplc3089m.htm,https://www.sec.gov/Archives/edgar/data/901832/000165495424005107/
6-K,2024-04-29,2024-04-29,,0001654954-24-005105,https://www.sec.gov/Archives/edgar/data/901832/000165495424005105/a3085m.htm,https://www.sec.gov/Archives/edgar/data/901832/000165495424005105/
6-K,2024-04-25,2024-04-25,,0001654954-24-004975,https://www.sec.gov/Archives/edgar/data/901832/000165495424004975/a9413l.htm,https://www.sec.gov/Archives/edgar/data/901832/000165495424004975/
6-K,2024-04-11,2024-04-11,,0001654954-24-004501,https://www.sec.gov/Archives/edgar/data/901832/000165495424004501/a3425k.htm,https://www.sec.gov/Archives/edgar/data/901832/000165495424004501/
6-K,2024-04-11,2024-04-11,,0001654954-24-004470,https://www.sec.gov/Archives/edgar/data/901832/000165495424004470/astrazenecaplc.htm,https://www.sec.gov/Archives/edgar/data/901832/000165495424004470/
6-K,2024-04-08,2024-04-08,,0001654954-24-004314,https://www.sec.gov/Archives/edgar/data/901832/000165495424004314/astrazenecaplc-5918j.htm,https://www.sec.gov/Archives/edgar/data/901832/000165495424004314/
6-K,2024-04-05,2024-04-05,,0001654954-24-004274,https://www.sec.gov/Archives/edgar/data/901832/000165495424004274/a4121j.htm,https://www.sec.gov/Archives/edgar/data/901832/000165495424004274/
6-K,2024-04-02,2024-04-02,,0001654954-24-004141,https://www.sec.gov/Archives/edgar/data/901832/000165495424004141/a9592i.htm,https://www.sec.gov/Archives/edgar/data/901832/000165495424004141/
6-K,2024-04-02,2024-04-02,,0001654954-24-004088,https://www.sec.gov/Archives/edgar/data/901832/000165495424004088/a9026i.htm,https://www.sec.gov/Archives/edgar/data/901832/000165495424004088/
6-K,2024-04-02,2024-04-02,,0001654954-24-004084,https://www.sec.gov/Archives/edgar/data/901832/000165495424004084/a9023i.htm,https://www.sec.gov/Archives/edgar/data/901832/000165495424004084/
6-K,2024-03-25,2024-03-25,,0001654954-24-003566,https://www.sec.gov/Archives/edgar/data/901832/000165495424003566/a0626i.htm,https://www.sec.gov/Archives/edgar/data/901832/000165495424003566/
6-K,2024-03-19,2024-03-19,,0001104659-24-035786,https://www.sec.gov/Archives/edgar/data/901832/000110465924035786/tm249109d1_6k.htm,https://www.sec.gov/Archives/edgar/data/901832/000110465924035786/
6-K,2024-03-14,2024-03-14,,0001654954-24-003100,https://www.sec.gov/Archives/edgar/data/901832/000165495424003100/a8420g.htm,https://www.sec.gov/Archives/edgar/data/901832/000165495424003100/
6-K,2024-03-12,2024-03-12,,0001654954-24-002957,https://www.sec.gov/Archives/edgar/data/901832/000165495424002957/astrazenecaplc-5242g.htm,https://www.sec.gov/Archives/edgar/data/901832/000165495424002957/
6-K,2024-03-07,2024-03-07,,0001104659-24-031683,https://www.sec.gov/Archives/edgar/data/901832/000110465924031683/tm247874d1_6k.htm,https://www.sec.gov/Archives/edgar/data/901832/000110465924031683/
6-K,2024-03-07,2024-03-07,,0001654954-24-002749,https://www.sec.gov/Archives/edgar/data/901832/000165495424002749/a0040g.htm,https://www.sec.gov/Archives/edgar/data/901832/000165495424002749/
6-K,2024-03-06,2024-03-06,,0001654954-24-002690,https://www.sec.gov/Archives/edgar/data/901832/000165495424002690/a8467f.htm,https://www.sec.gov/Archives/edgar/data/901832/000165495424002690/
6-K,2024-03-06,2024-03-06,,0001654954-24-002688,https://www.sec.gov/Archives/edgar/data/901832/000165495424002688/a8456f.htm,https://www.sec.gov/Archives/edgar/data/901832/000165495424002688/
6-K,2024-03-04,2024-03-04,,0001654954-24-002518,https://www.sec.gov/Archives/edgar/data/901832/000165495424002518/a4130f.htm,https://www.sec.gov/Archives/edgar/data/901832/000165495424002518/
6-K,2024-03-01,2024-03-01,,0001654954-24-002477,https://www.sec.gov/Archives/edgar/data/901832/000165495424002477/a2656f.htm,https://www.sec.gov/Archives/edgar/data/901832/000165495424002477/
6-K,2024-02-26,2024-02-26,,0001104659-24-027496,https://www.sec.gov/Archives/edgar/data/901832/000110465924027496/tm246099d6_6k.htm,https://www.sec.gov/Archives/edgar/data/901832/000110465924027496/
6-K,2024-02-26,2024-02-26,,0001654954-24-002155,https://www.sec.gov/Archives/edgar/data/901832/000165495424002155/a3190e.htm,https://www.sec.gov/Archives/edgar/data/901832/000165495424002155/
6-K,2024-02-22,2024-02-22,,0001654954-24-002042,https://www.sec.gov/Archives/edgar/data/901832/000165495424002042/a0139e.htm,https://www.sec.gov/Archives/edgar/data/901832/000165495424002042/
6-K,2024-02-22,2024-02-22,,0001104659-24-026359,https://www.sec.gov/Archives/edgar/data/901832/000110465924026359/tm246981d1_6k.htm,https://www.sec.gov/Archives/edgar/data/901832/000110465924026359/
6-K,2024-02-22,2024-02-22,,0001654954-24-002028,https://www.sec.gov/Archives/edgar/data/901832/000165495424002028/a9867d.htm,https://www.sec.gov/Archives/edgar/data/901832/000165495424002028/
6-K,2024-02-21,2024-02-21,,0001654954-24-001982,https://www.sec.gov/Archives/edgar/data/901832/000165495424001982/a7690d.htm,https://www.sec.gov/Archives/edgar/data/901832/000165495424001982/
20-F,2024-02-20,2023-12-31,,0001104659-24-025553,https://www.sec.gov/Archives/edgar/data/901832/000110465924025553/azn-20211231x20f.htm,https://www.sec.gov/Archives/edgar/data/901832/000110465924025553/
6-K,2024-02-20,2024-02-20,,0001104659-24-025540,https://www.sec.gov/Archives/edgar/data/901832/000110465924025540/tm2333142d3_6k.htm,https://www.sec.gov/Archives/edgar/data/901832/000110465924025540/
6-K,2024-02-20,2024-02-20,,0001654954-24-001937,https://www.sec.gov/Archives/edgar/data/901832/000165495424001937/astrazenecaplc-7725d.htm,https://www.sec.gov/Archives/edgar/data/901832/000165495424001937/
6-K,2024-02-20,2024-02-20,,0001104659-24-025224,https://www.sec.gov/Archives/edgar/data/901832/000110465924025224/tm2332933d16_6k.htm,https://www.sec.gov/Archives/edgar/data/901832/000110465924025224/
6-K,2024-02-20,2024-02-20,,0001654954-24-001914,https://www.sec.gov/Archives/edgar/data/901832/000165495424001914/astrazenecaplcmasterform6.htm,https://www.sec.gov/Archives/edgar/data/901832/000165495424001914/
6-K,2024-02-20,2024-02-20,,0001654954-24-001908,https://www.sec.gov/Archives/edgar/data/901832/000165495424001908/a5268d.htm,https://www.sec.gov/Archives/edgar/data/901832/000165495424001908/
6-K,2024-02-20,2024-02-20,,0001654954-24-001903,https://www.sec.gov/Archives/edgar/data/901832/000165495424001903/a5266d.htm,https://www.sec.gov/Archives/edgar/data/901832/000165495424001903/
6-K,2024-02-20,2024-02-19,,0001654954-24-001899,https://www.sec.gov/Archives/edgar/data/901832/000165495424001899/a5264d.htm,https://www.sec.gov/Archives/edgar/data/901832/000165495424001899/
6-K,2024-02-08,2024-02-08,,0001654954-24-001467,https://www.sec.gov/Archives/edgar/data/901832/000165495424001467/a4081c.htm,https://www.sec.gov/Archives/edgar/data/901832/000165495424001467/
6-K,2024-02-01,2024-02-01,,0001654954-24-001173,https://www.sec.gov/Archives/edgar/data/901832/000165495424001173/a7394b.htm,https://www.sec.gov/Archives/edgar/data/901832/000165495424001173/
6-K,2024-01-19,2024-01-19,,0001104659-24-005026,https://www.sec.gov/Archives/edgar/data/901832/000110465924005026/tm2332933d12_6k.htm,https://www.sec.gov/Archives/edgar/data/901832/000110465924005026/
6-K,2024-01-02,2024-01-02,,0001654954-24-000032,https://www.sec.gov/Archives/edgar/data/901832/000165495424000032/a3874y.htm,https://www.sec.gov/Archives/edgar/data/901832/000165495424000032/
6-K,2023-12-27,2023-12-27,,0001654954-23-015982,https://www.sec.gov/Archives/edgar/data/901832/000165495423015982/a8499x.htm,https://www.sec.gov/Archives/edgar/data/901832/000165495423015982/
6-K,2023-12-26,2023-12-26,,0001104659-23-129281,https://www.sec.gov/Archives/edgar/data/901832/000110465923129281/tm2332933d9_6k.htm,https://www.sec.gov/Archives/edgar/data/901832/000110465923129281/
6-K,2023-12-22,2023-12-22,,0001654954-23-015901,https://www.sec.gov/Archives/edgar/data/901832/000165495423015901/a7568x.htm,https://www.sec.gov/Archives/edgar/data/901832/000165495423015901/
6-K,2023-12-14,2023-12-14,,0001654954-23-015521,https://www.sec.gov/Archives/edgar/data/901832/000165495423015521/a7197w.htm,https://www.sec.gov/Archives/edgar/data/901832/000165495423015521/
6-K,2023-12-12,2023-12-12,,0001104659-23-125420,https://www.sec.gov/Archives/edgar/data/901832/000110465923125420/tm2332587d1_6k.htm,https://www.sec.gov/Archives/edgar/data/901832/000110465923125420/
6-K,2023-12-12,2023-12-12,,0001654954-23-015390,https://www.sec.gov/Archives/edgar/data/901832/000165495423015390/a4665w.htm,https://www.sec.gov/Archives/edgar/data/901832/000165495423015390/
6-K,2023-12-01,2023-12-01,,0001654954-23-015044,https://www.sec.gov/Archives/edgar/data/901832/000165495423015044/astrazenecaplc4370v.htm,https://www.sec.gov/Archives/edgar/data/901832/000165495423015044/
6-K,2023-12-01,2023-12-01,,0001654954-23-015043,https://www.sec.gov/Archives/edgar/data/901832/000165495423015043/astrazenecaplc4368v.htm,https://www.sec.gov/Archives/edgar/data/901832/000165495423015043/
6-K,2023-12-01,2023-12-01,,0001654954-23-015010,https://www.sec.gov/Archives/edgar/data/901832/000165495423015010/a2725v.htm,https://www.sec.gov/Archives/edgar/data/901832/000165495423015010/
6-K,2023-11-24,2023-11-24,,0001654954-23-014734,https://www.sec.gov/Archives/edgar/data/901832/000165495423014734/a5089u.htm,https://www.sec.gov/Archives/edgar/data/901832/000165495423014734/
6-K,2023-11-17,2023-11-17,,0001654954-23-014510,https://www.sec.gov/Archives/edgar/data/901832/000165495423014510/a8163t.htm,https://www.sec.gov/Archives/edgar/data/901832/000165495423014510/
6-K,2023-11-14,2023-11-14,,0001654954-23-014199,https://www.sec.gov/Archives/edgar/data/901832/000165495423014199/a3046t.htm,https://www.sec.gov/Archives/edgar/data/901832/000165495423014199/
6-K,2023-11-09,2023-11-09,,0001654954-23-013975,https://www.sec.gov/Archives/edgar/data/901832/000165495423013975/a9564s.htm,https://www.sec.gov/Archives/edgar/data/901832/000165495423013975/
6-K,2023-11-09,2023-11-09,,0001654954-23-013973,https://www.sec.gov/Archives/edgar/data/901832/000165495423013973/a8746s.htm,https://www.sec.gov/Archives/edgar/data/901832/000165495423013973/
6-K,2023-11-09,2023-11-09,,0001654954-23-013971,https://www.sec.gov/Archives/edgar/data/901832/000165495423013971/a8748s.htm,https://www.sec.gov/Archives/edgar/data/901832/000165495423013971/
6-K,2023-11-09,2023-11-02,,0001654954-23-013969,https://www.sec.gov/Archives/edgar/data/901832/000165495423013969/a8671s.htm,https://www.sec.gov/Archives/edgar/data/901832/000165495423013969/
6-K,2023-11-01,2023-11-01,,0001654954-23-013666,https://www.sec.gov/Archives/edgar/data/901832/000165495423013666/a0614s.htm,https://www.sec.gov/Archives/edgar/data/901832/000165495423013666/
6-K,2023-11-01,2023-11-01,,0001654954-23-013630,https://www.sec.gov/Archives/edgar/data/901832/000165495423013630/a0076s.htm,https://www.sec.gov/Archives/edgar/data/901832/000165495423013630/
6-K,2023-10-03,2023-10-03,,0001654954-23-012523,https://www.sec.gov/Archives/edgar/data/901832/000165495423012523/a4476o.htm,https://www.sec.gov/Archives/edgar/data/901832/000165495423012523/
6-K,2023-10-02,2023-10-02,,0001654954-23-012469,https://www.sec.gov/Archives/edgar/data/901832/000165495423012469/a3963o.htm,https://www.sec.gov/Archives/edgar/data/901832/000165495423012469/
6-K,2023-09-25,2023-09-22,,0001654954-23-012206,https://www.sec.gov/Archives/edgar/data/901832/000165495423012206/a3495n.htm,https://www.sec.gov/Archives/edgar/data/901832/000165495423012206/
6-K,2023-09-20,2023-09-20,,0001654954-23-012050,https://www.sec.gov/Archives/edgar/data/901832/000165495423012050/a9801m.htm,https://www.sec.gov/Archives/edgar/data/901832/000165495423012050/
6-K,2023-09-15,2023-09-15,,0001654954-23-011919,https://www.sec.gov/Archives/edgar/data/901832/000165495423011919/a6521m.htm,https://www.sec.gov/Archives/edgar/data/901832/000165495423011919/
6-K,2023-09-11,2023-09-11,,0001654954-23-011717,https://www.sec.gov/Archives/edgar/data/901832/000165495423011717/a0602m.htm,https://www.sec.gov/Archives/edgar/data/901832/000165495423011717/
6-K,2023-09-06,2023-09-06,,0001654954-23-011565,https://www.sec.gov/Archives/edgar/data/901832/000165495423011565/a5429l.htm,https://www.sec.gov/Archives/edgar/data/901832/000165495423011565/
6-K,2023-09-01,2023-09-01,,0001654954-23-011460,https://www.sec.gov/Archives/edgar/data/901832/000165495423011460/a1442l.htm,https://www.sec.gov/Archives/edgar/data/901832/000165495423011460/
6-K,2023-08-01,2023-08-01,,0001654954-23-009946,https://www.sec.gov/Archives/edgar/data/901832/000165495423009946/a9376h.htm,https://www.sec.gov/Archives/edgar/data/901832/000165495423009946/
6-K,2023-07-28,2023-06-30,,0001104659-23-085104,https://www.sec.gov/Archives/edgar/data/901832/000110465923085104/azn-20230630x6k.htm,https://www.sec.gov/Archives/edgar/data/901832/000110465923085104/
6-K,2023-07-28,2023-07-28,,0001654954-23-009766,https://www.sec.gov/Archives/edgar/data/901832/000165495423009766/a4885h.htm,https://www.sec.gov/Archives/edgar/data/901832/000165495423009766/
6-K,2023-07-17,2023-07-17,,0001654954-23-009256,https://www.sec.gov/Archives/edgar/data/901832/000165495423009256/a2876g.htm,https://www.sec.gov/Archives/edgar/data/901832/000165495423009256/
6-K,2023-07-03,2023-07-03,,0001654954-23-008686,https://www.sec.gov/Archives/edgar/data/901832/000165495423008686/a7310e.htm,https://www.sec.gov/Archives/edgar/data/901832/000165495423008686/
6-K,2023-07-03,2023-07-03,,0001654954-23-008655,https://www.sec.gov/Archives/edgar/data/901832/000165495423008655/a7145e.htm,https://www.sec.gov/Archives/edgar/data/901832/000165495423008655/
6-K,2023-06-09,2023-06-09,,0001654954-23-007833,https://www.sec.gov/Archives/edgar/data/901832/000165495423007833/a1835c.htm,https://www.sec.gov/Archives/edgar/data/901832/000165495423007833/
6-K,2023-06-09,2023-06-09,,0001654954-23-007832,https://www.sec.gov/Archives/edgar/data/901832/000165495423007832/a1802c.htm,https://www.sec.gov/Archives/edgar/data/901832/000165495423007832/
6-K,2023-06-02,2023-06-02,,0001654954-23-007542,https://www.sec.gov/Archives/edgar/data/901832/000165495423007542/a5527b.htm,https://www.sec.gov/Archives/edgar/data/901832/000165495423007542/
6-K,2023-06-01,2023-06-01,,0001654954-23-007478,https://www.sec.gov/Archives/edgar/data/901832/000165495423007478/a3634b.htm,https://www.sec.gov/Archives/edgar/data/901832/000165495423007478/
6-K,2023-06-01,2023-06-01,,0001654954-23-007477,https://www.sec.gov/Archives/edgar/data/901832/000165495423007477/a3629b.htm,https://www.sec.gov/Archives/edgar/data/901832/000165495423007477/
6-K,2023-06-01,2023-06-01,,0001654954-23-007454,https://www.sec.gov/Archives/edgar/data/901832/000165495423007454/a2598b.htm,https://www.sec.gov/Archives/edgar/data/901832/000165495423007454/
6-K,2023-05-26,2023-05-26,,0001654954-23-007259,https://www.sec.gov/Archives/edgar/data/901832/000165495423007259/a7382a.htm,https://www.sec.gov/Archives/edgar/data/901832/000165495423007259/
6-K,2023-05-22,2023-05-22,,0001654954-23-006963,https://www.sec.gov/Archives/edgar/data/901832/000165495423006963/a0345a.htm,https://www.sec.gov/Archives/edgar/data/901832/000165495423006963/
6-K,2023-05-17,2023-05-17,,0001654954-23-006747,https://www.sec.gov/Archives/edgar/data/901832/000165495423006747/a6468z.htm,https://www.sec.gov/Archives/edgar/data/901832/000165495423006747/
6-K,2023-05-09,2023-05-09,,0001654954-23-005939,https://www.sec.gov/Archives/edgar/data/901832/000165495423005939/a7956y.htm,https://www.sec.gov/Archives/edgar/data/901832/000165495423005939/
6-K,2023-05-09,2023-05-09,,0001654954-23-005937,https://www.sec.gov/Archives/edgar/data/901832/000165495423005937/a7679y.htm,https://www.sec.gov/Archives/edgar/data/901832/000165495423005937/
6-K,2023-05-02,2023-05-02,,0001654954-23-005574,https://www.sec.gov/Archives/edgar/data/901832/000165495423005574/a1403y.htm,https://www.sec.gov/Archives/edgar/data/901832/000165495423005574/
6-K,2023-05-02,2023-05-02,,0001654954-23-005556,https://www.sec.gov/Archives/edgar/data/901832/000165495423005556/a9895x.htm,https://www.sec.gov/Archives/edgar/data/901832/000165495423005556/
6-K,2023-05-02,2023-05-02,,0001654954-23-005549,https://www.sec.gov/Archives/edgar/data/901832/000165495423005549/a9436x.htm,https://www.sec.gov/Archives/edgar/data/901832/000165495423005549/
6-K,2023-04-27,2023-04-27,,0001654954-23-005296,https://www.sec.gov/Archives/edgar/data/901832/000165495423005296/a6110x.htm,https://www.sec.gov/Archives/edgar/data/901832/000165495423005296/
6-K,2023-04-27,2023-04-27,,0001654954-23-005290,https://www.sec.gov/Archives/edgar/data/901832/000165495423005290/a7661x.htm,https://www.sec.gov/Archives/edgar/data/901832/000165495423005290/
6-K,2023-04-27,2023-04-27,,0001104659-23-051049,https://www.sec.gov/Archives/edgar/data/901832/000110465923051049/tm2313842d1_6k.htm,https://www.sec.gov/Archives/edgar/data/901832/000110465923051049/
6-K,2023-04-27,2023-04-27,,0001654954-23-005243,https://www.sec.gov/Archives/edgar/data/901832/000165495423005243/a6063x.htm,https://www.sec.gov/Archives/edgar/data/901832/000165495423005243/
6-K,2023-04-26,2023-04-26,,0001654954-23-005175,https://www.sec.gov/Archives/edgar/data/901832/000165495423005175/a5926x.htm,https://www.sec.gov/Archives/edgar/data/901832/000165495423005175/
6-K,2023-04-11,2023-04-11,,0001654954-23-004570,https://www.sec.gov/Archives/edgar/data/901832/000165495423004570/a7325v.htm,https://www.sec.gov/Archives/edgar/data/901832/000165495423004570/
6-K,2023-04-05,2023-04-05,,0001654954-23-004412,https://www.sec.gov/Archives/edgar/data/901832/000165495423004412/astrazenecaplcmasterform6.htm,https://www.sec.gov/Archives/edgar/data/901832/000165495423004412/
6-K,2023-04-03,2023-04-03,,0001654954-23-004233,https://www.sec.gov/Archives/edgar/data/901832/000165495423004233/a1773v.htm,https://www.sec.gov/Archives/edgar/data/901832/000165495423004233/
6-K,2023-04-03,2023-04-03,,0001654954-23-004175,https://www.sec.gov/Archives/edgar/data/901832/000165495423004175/astrazenecaplcmasterform6.htm,https://www.sec.gov/Archives/edgar/data/901832/000165495423004175/
6-K,2023-03-30,2023-03-30,,0001654954-23-003862,https://www.sec.gov/Archives/edgar/data/901832/000165495423003862/a6729u.htm,https://www.sec.gov/Archives/edgar/data/901832/000165495423003862/
6-K,2023-03-27,2023-03-27,,0001654954-23-003548,https://www.sec.gov/Archives/edgar/data/901832/000165495423003548/a2248u.htm,https://www.sec.gov/Archives/edgar/data/901832/000165495423003548/
6-K,2023-03-22,2023-03-22,,0001104659-23-035346,https://www.sec.gov/Archives/edgar/data/901832/000110465923035346/tm239753d1_6k.htm,https://www.sec.gov/Archives/edgar/data/901832/000110465923035346/
6-K,2023-03-22,2023-03-22,,0001654954-23-003304,https://www.sec.gov/Archives/edgar/data/901832/000165495423003304/a8689t.htm,https://www.sec.gov/Archives/edgar/data/901832/000165495423003304/
6-K,2023-03-09,2023-03-09,,0001654954-23-002566,https://www.sec.gov/Archives/edgar/data/901832/000165495423002566/a3671s.htm,https://www.sec.gov/Archives/edgar/data/901832/000165495423002566/
6-K,2023-03-08,2023-03-08,,0001654954-23-002518,https://www.sec.gov/Archives/edgar/data/901832/000165495423002518/a2152s.htm,https://www.sec.gov/Archives/edgar/data/901832/000165495423002518/
6-K,2023-03-08,2023-03-08,,0001654954-23-002516,https://www.sec.gov/Archives/edgar/data/901832/000165495423002516/a2148s.htm,https://www.sec.gov/Archives/edgar/data/901832/000165495423002516/
6-K,2023-03-06,2023-03-06,,0001654954-23-002388,https://www.sec.gov/Archives/edgar/data/901832/000165495423002388/a9303r.htm,https://www.sec.gov/Archives/edgar/data/901832/000165495423002388/
6-K,2023-03-03,2023-03-03,,0001104659-23-028456,https://www.sec.gov/Archives/edgar/data/901832/000110465923028456/tm237224d8_6k.htm,https://www.sec.gov/Archives/edgar/data/901832/000110465923028456/
6-K,2023-03-01,2023-03-01,,0001654954-23-002242,https://www.sec.gov/Archives/edgar/data/901832/000165495423002242/a5417r.htm,https://www.sec.gov/Archives/edgar/data/901832/000165495423002242/
6-K,2023-03-01,2023-03-01,,0001654954-23-002215,https://www.sec.gov/Archives/edgar/data/901832/000165495423002215/a4263r.htm,https://www.sec.gov/Archives/edgar/data/901832/000165495423002215/
6-K,2023-02-24,2023-02-24,,0001654954-23-002053,https://www.sec.gov/Archives/edgar/data/901832/000165495423002053/a0512r.htm,https://www.sec.gov/Archives/edgar/data/901832/000165495423002053/
6-K,2023-02-24,2023-02-24,,0001654954-23-002033,https://www.sec.gov/Archives/edgar/data/901832/000165495423002033/a0333r.htm,https://www.sec.gov/Archives/edgar/data/901832/000165495423002033/
6-K,2023-02-24,2023-02-24,,0001654954-23-002026,https://www.sec.gov/Archives/edgar/data/901832/000165495423002026/a9851q.htm,https://www.sec.gov/Archives/edgar/data/901832/000165495423002026/
6-K,2023-02-23,2023-02-23,,0001654954-23-001978,https://www.sec.gov/Archives/edgar/data/901832/000165495423001978/a7769q.htm,https://www.sec.gov/Archives/edgar/data/901832/000165495423001978/
6-K,2023-02-22,2023-02-22,,0001654954-23-001931,https://www.sec.gov/Archives/edgar/data/901832/000165495423001931/a6118q.htm,https://www.sec.gov/Archives/edgar/data/901832/000165495423001931/
6-K,2023-02-21,2023-02-21,,0001104659-23-023828,https://www.sec.gov/Archives/edgar/data/901832/000110465923023828/tm2230344d3_6k.htm,https://www.sec.gov/Archives/edgar/data/901832/000110465923023828/
20-F,2023-02-21,2022-12-31,,0001104659-23-023818,https://www.sec.gov/Archives/edgar/data/901832/000110465923023818/azn-20221231x20f.htm,https://www.sec.gov/Archives/edgar/data/901832/000110465923023818/
6-K,2023-02-21,2023-02-21,,0001654954-23-001893,https://www.sec.gov/Archives/edgar/data/901832/000165495423001893/a5771q.htm,https://www.sec.gov/Archives/edgar/data/901832/000165495423001893/
6-K,2023-02-13,2023-02-13,,0001654954-23-001597,https://www.sec.gov/Archives/edgar/data/901832/000165495423001597/a7351p.htm,https://www.sec.gov/Archives/edgar/data/901832/000165495423001597/
6-K,2023-02-13,2023-02-13,,0001654954-23-001595,https://www.sec.gov/Archives/edgar/data/901832/000165495423001595/a7340p.htm,https://www.sec.gov/Archives/edgar/data/901832/000165495423001595/
6-K,2023-02-09,2023-02-09,,0001654954-23-001503,https://www.sec.gov/Archives/edgar/data/901832/000165495423001503/a3767p.htm,https://www.sec.gov/Archives/edgar/data/901832/000165495423001503/
6-K,2023-02-01,2023-02-01,,0001654954-23-001147,https://www.sec.gov/Archives/edgar/data/901832/000165495423001147/a6087o.htm,https://www.sec.gov/Archives/edgar/data/901832/000165495423001147/
6-K,2023-01-26,2023-01-26,,0001654954-23-000861,https://www.sec.gov/Archives/edgar/data/901832/000165495423000861/a0287o.htm,https://www.sec.gov/Archives/edgar/data/901832/000165495423000861/
6-K,2023-01-17,2023-01-17,,0001654954-23-000484,https://www.sec.gov/Archives/edgar/data/901832/000165495423000484/a7540m.htm,https://www.sec.gov/Archives/edgar/data/901832/000165495423000484/
6-K,2023-01-11,2023-01-11,,0001654954-23-000275,https://www.sec.gov/Archives/edgar/data/901832/000165495423000275/a4253m.htm,https://www.sec.gov/Archives/edgar/data/901832/000165495423000275/
6-K,2023-01-09,2023-01-09,,0001654954-23-000227,https://www.sec.gov/Archives/edgar/data/901832/000165495423000227/a0188m.htm,https://www.sec.gov/Archives/edgar/data/901832/000165495423000227/
6-K,2023-01-03,2023-01-03,,0001654954-23-000026,https://www.sec.gov/Archives/edgar/data/901832/000165495423000026/a5305l.htm,https://www.sec.gov/Archives/edgar/data/901832/000165495423000026/
6-K,2022-12-30,2022-12-30,,0001654954-22-017068,https://www.sec.gov/Archives/edgar/data/901832/000165495422017068/a2529l.htm,https://www.sec.gov/Archives/edgar/data/901832/000165495422017068/
6-K,2022-12-28,2022-12-28,,0001654954-22-016974,https://www.sec.gov/Archives/edgar/data/901832/000165495422016974/a9768k.htm,https://www.sec.gov/Archives/edgar/data/901832/000165495422016974/
6-K,2022-12-28,2022-12-28,,0001654954-22-016971,https://www.sec.gov/Archives/edgar/data/901832/000165495422016971/a9766k.htm,https://www.sec.gov/Archives/edgar/data/901832/000165495422016971/
6-K,2022-12-21,2022-12-21,,0001654954-22-016759,https://www.sec.gov/Archives/edgar/data/901832/000165495422016759/a3935k.htm,https://www.sec.gov/Archives/edgar/data/901832/000165495422016759/
6-K,2022-12-21,2022-12-21,,0001654954-22-016757,https://www.sec.gov/Archives/edgar/data/901832/000165495422016757/a3945k.htm,https://www.sec.gov/Archives/edgar/data/901832/000165495422016757/
6-K,2022-12-19,2022-12-19,,0001654954-22-016665,https://www.sec.gov/Archives/edgar/data/901832/000165495422016665/a0818k.htm,https://www.sec.gov/Archives/edgar/data/901832/000165495422016665/
6-K,2022-12-19,2022-12-19,,0001654954-22-016664,https://www.sec.gov/Archives/edgar/data/901832/000165495422016664/a0816k.htm,https://www.sec.gov/Archives/edgar/data/901832/000165495422016664/
6-K,2022-12-19,2022-12-19,,0001654954-22-016663,https://www.sec.gov/Archives/edgar/data/901832/000165495422016663/a0814k.htm,https://www.sec.gov/Archives/edgar/data/901832/000165495422016663/
6-K,2022-12-19,2022-12-19,,0001654954-22-016660,https://www.sec.gov/Archives/edgar/data/901832/000165495422016660/a0812k.htm,https://www.sec.gov/Archives/edgar/data/901832/000165495422016660/
6-K,2022-12-19,2022-12-19,,0001654954-22-016657,https://www.sec.gov/Archives/edgar/data/901832/000165495422016657/a0810k.htm,https://www.sec.gov/Archives/edgar/data/901832/000165495422016657/
6-K,2022-12-15,2022-12-15,,0001654954-22-016532,https://www.sec.gov/Archives/edgar/data/901832/000165495422016532/a7757j.htm,https://www.sec.gov/Archives/edgar/data/901832/000165495422016532/
6-K,2022-12-08,2022-12-08,,0001654954-22-016236,https://www.sec.gov/Archives/edgar/data/901832/000165495422016236/a0640j.htm,https://www.sec.gov/Archives/edgar/data/901832/000165495422016236/
6-K,2022-12-01,2022-12-01,,0001654954-22-015949,https://www.sec.gov/Archives/edgar/data/901832/000165495422015949/a3063i.htm,https://www.sec.gov/Archives/edgar/data/901832/000165495422015949/
6-K,2022-12-01,2022-12-01,,0001654954-22-015946,https://www.sec.gov/Archives/edgar/data/901832/000165495422015946/a3027i.htm,https://www.sec.gov/Archives/edgar/data/901832/000165495422015946/
6-K,2022-11-30,2022-11-30,,0001654954-22-015853,https://www.sec.gov/Archives/edgar/data/901832/000165495422015853/a9784h.htm,https://www.sec.gov/Archives/edgar/data/901832/000165495422015853/
6-K,2022-11-29,2022-11-29,,0001654954-22-015806,https://www.sec.gov/Archives/edgar/data/901832/000165495422015806/a9015h.htm,https://www.sec.gov/Archives/edgar/data/901832/000165495422015806/
6-K,2022-11-23,2022-11-23,,0001654954-22-015683,https://www.sec.gov/Archives/edgar/data/901832/000165495422015683/a3966h.htm,https://www.sec.gov/Archives/edgar/data/901832/000165495422015683/
6-K,2022-11-14,2022-11-14,,0001654954-22-015089,https://www.sec.gov/Archives/edgar/data/901832/000165495422015089/a2284g.htm,https://www.sec.gov/Archives/edgar/data/901832/000165495422015089/
6-K,2022-11-14,2022-11-14,,0001654954-22-015088,https://www.sec.gov/Archives/edgar/data/901832/000165495422015088/a2282g.htm,https://www.sec.gov/Archives/edgar/data/901832/000165495422015088/
6-K,2022-11-14,2022-11-14,,0001654954-22-015083,https://www.sec.gov/Archives/edgar/data/901832/000165495422015083/a2279g.htm,https://www.sec.gov/Archives/edgar/data/901832/000165495422015083/
6-K,2022-11-14,2022-11-11,,0001654954-22-015051,https://www.sec.gov/Archives/edgar/data/901832/000165495422015051/a0678g.htm,https://www.sec.gov/Archives/edgar/data/901832/000165495422015051/
6-K,2022-11-10,2022-11-10,,0001654954-22-014930,https://www.sec.gov/Archives/edgar/data/901832/000165495422014930/a9087f.htm,https://www.sec.gov/Archives/edgar/data/901832/000165495422014930/
6-K,2022-11-09,2022-11-09,,0001654954-22-014844,https://www.sec.gov/Archives/edgar/data/901832/000165495422014844/a8048f.htm,https://www.sec.gov/Archives/edgar/data/901832/000165495422014844/
6-K,2022-11-04,2022-11-04,,0001654954-22-014714,https://www.sec.gov/Archives/edgar/data/901832/000165495422014714/a2959f.htm,https://www.sec.gov/Archives/edgar/data/901832/000165495422014714/
6-K,2022-11-01,2022-11-01,,0001654954-22-014508,https://www.sec.gov/Archives/edgar/data/901832/000165495422014508/a9080e.htm,https://www.sec.gov/Archives/edgar/data/901832/000165495422014508/
6-K,2022-10-26,2022-10-26,,0001654954-22-014162,https://www.sec.gov/Archives/edgar/data/901832/000165495422014162/a1534e.htm,https://www.sec.gov/Archives/edgar/data/901832/000165495422014162/
6-K,2022-10-25,2022-10-25,,0001654954-22-014091,https://www.sec.gov/Archives/edgar/data/901832/000165495422014091/a9518d.htm,https://www.sec.gov/Archives/edgar/data/901832/000165495422014091/
6-K,2022-10-24,2022-10-24,,0001654954-22-014037,https://www.sec.gov/Archives/edgar/data/901832/000165495422014037/a8410d.htm,https://www.sec.gov/Archives/edgar/data/901832/000165495422014037/
6-K,2022-10-03,2022-10-03,,0001654954-22-013202,https://www.sec.gov/Archives/edgar/data/901832/000165495422013202/a5767b.htm,https://www.sec.gov/Archives/edgar/data/901832/000165495422013202/
6-K,2022-09-30,2022-09-30,,0001654954-22-013103,https://www.sec.gov/Archives/edgar/data/901832/000165495422013103/a2623b.htm,https://www.sec.gov/Archives/edgar/data/901832/000165495422013103/
6-K,2022-09-27,2022-09-27,,0001654954-22-012966,https://www.sec.gov/Archives/edgar/data/901832/000165495422012966/a8021a.htm,https://www.sec.gov/Archives/edgar/data/901832/000165495422012966/
6-K,2022-09-27,2022-09-27,,0001654954-22-012965,https://www.sec.gov/Archives/edgar/data/901832/000165495422012965/a6982a.htm,https://www.sec.gov/Archives/edgar/data/901832/000165495422012965/
6-K,2022-09-23,2022-09-23,,0001654954-22-012869,https://www.sec.gov/Archives/edgar/data/901832/000165495422012869/a4296a.htm,https://www.sec.gov/Archives/edgar/data/901832/000165495422012869/
6-K,2022-09-22,2022-09-22,,0001654954-22-012816,https://www.sec.gov/Archives/edgar/data/901832/000165495422012816/a2781a.htm,https://www.sec.gov/Archives/edgar/data/901832/000165495422012816/
6-K,2022-09-21,2022-09-21,,0001654954-22-012761,https://www.sec.gov/Archives/edgar/data/901832/000165495422012761/a0640a.htm,https://www.sec.gov/Archives/edgar/data/901832/000165495422012761/
6-K,2022-09-20,2022-09-20,,0001654954-22-012690,https://www.sec.gov/Archives/edgar/data/901832/000165495422012690/a9503z.htm,https://www.sec.gov/Archives/edgar/data/901832/000165495422012690/
6-K,2022-09-16,2022-09-16,,0001654954-22-012614,https://www.sec.gov/Archives/edgar/data/901832/000165495422012614/a7317z.htm,https://www.sec.gov/Archives/edgar/data/901832/000165495422012614/
6-K,2022-09-16,2022-09-16,,0001654954-22-012612,https://www.sec.gov/Archives/edgar/data/901832/000165495422012612/a7324z.htm,https://www.sec.gov/Archives/edgar/data/901832/000165495422012612/
6-K,2022-09-16,2022-09-16,,0001654954-22-012610,https://www.sec.gov/Archives/edgar/data/901832/000165495422012610/a6834z.htm,https://www.sec.gov/Archives/edgar/data/901832/000165495422012610/
6-K,2022-09-06,2022-09-06,,0001654954-22-012150,https://www.sec.gov/Archives/edgar/data/901832/000165495422012150/a1936y.htm,https://www.sec.gov/Archives/edgar/data/901832/000165495422012150/
6-K,2022-09-06,2022-09-06,,0001654954-22-012148,https://www.sec.gov/Archives/edgar/data/901832/000165495422012148/a1934y.htm,https://www.sec.gov/Archives/edgar/data/901832/000165495422012148/
6-K,2022-09-01,2022-09-01,,0001654954-22-012063,https://www.sec.gov/Archives/edgar/data/901832/000165495422012063/a9870x.htm,https://www.sec.gov/Archives/edgar/data/901832/000165495422012063/
6-K,2022-08-30,2022-08-30,,0001654954-22-011945,https://www.sec.gov/Archives/edgar/data/901832/000165495422011945/a6168x.htm,https://www.sec.gov/Archives/edgar/data/901832/000165495422011945/
6-K,2022-08-30,2022-08-30,,0001654954-22-011928,https://www.sec.gov/Archives/edgar/data/901832/000165495422011928/a4731x.htm,https://www.sec.gov/Archives/edgar/data/901832/000165495422011928/
6-K,2022-08-30,2022-08-30,,0001654954-22-011926,https://www.sec.gov/Archives/edgar/data/901832/000165495422011926/a4733x.htm,https://www.sec.gov/Archives/edgar/data/901832/000165495422011926/
6-K,2022-08-25,2022-08-25,,0001654954-22-011790,https://www.sec.gov/Archives/edgar/data/901832/000165495422011790/a1489x.htm,https://www.sec.gov/Archives/edgar/data/901832/000165495422011790/
6-K,2022-08-25,2022-08-25,,0001654954-22-011788,https://www.sec.gov/Archives/edgar/data/901832/000165495422011788/a1498x.htm,https://www.sec.gov/Archives/edgar/data/901832/000165495422011788/
6-K,2022-08-25,2022-08-25,,0001654954-22-011786,https://www.sec.gov/Archives/edgar/data/901832/000165495422011786/a1546x.htm,https://www.sec.gov/Archives/edgar/data/901832/000165495422011786/
6-K,2022-08-16,2022-08-16,,0001654954-22-011419,https://www.sec.gov/Archives/edgar/data/901832/000165495422011419/a1478w.htm,https://www.sec.gov/Archives/edgar/data/901832/000165495422011419/
6-K,2022-08-15,2022-08-15,,0001654954-22-011316,https://www.sec.gov/Archives/edgar/data/901832/000165495422011316/a9414v.htm,https://www.sec.gov/Archives/edgar/data/901832/000165495422011316/
6-K,2022-08-12,2022-08-12,,0001654954-22-011102,https://www.sec.gov/Archives/edgar/data/901832/000165495422011102/a8365v.htm,https://www.sec.gov/Archives/edgar/data/901832/000165495422011102/
6-K,2022-08-11,2022-08-11,,0001654954-22-011011,https://www.sec.gov/Archives/edgar/data/901832/000165495422011011/a6385v.htm,https://www.sec.gov/Archives/edgar/data/901832/000165495422011011/
6-K,2022-08-08,2022-08-08,,0001654954-22-010711,https://www.sec.gov/Archives/edgar/data/901832/000165495422010711/a2207v.htm,https://www.sec.gov/Archives/edgar/data/901832/000165495422010711/
6-K,2022-08-04,2022-08-04,,0001654954-22-010544,https://www.sec.gov/Archives/edgar/data/901832/000165495422010544/a9051u.htm,https://www.sec.gov/Archives/edgar/data/901832/000165495422010544/
6-K,2022-08-01,2022-08-01,,0001654954-22-010364,https://www.sec.gov/Archives/edgar/data/901832/000165495422010364/a5152u.htm,https://www.sec.gov/Archives/edgar/data/901832/000165495422010364/
6-K,2022-08-01,2022-08-01,,0001654954-22-010342,https://www.sec.gov/Archives/edgar/data/901832/000165495422010342/a4618u.htm,https://www.sec.gov/Archives/edgar/data/901832/000165495422010342/
6-K,2022-08-01,2022-08-01,,0001654954-22-010338,https://www.sec.gov/Archives/edgar/data/901832/000165495422010338/a4409u.htm,https://www.sec.gov/Archives/edgar/data/901832/000165495422010338/
6-K,2022-07-29,2022-06-30,,0001104659-22-083922,https://www.sec.gov/Archives/edgar/data/901832/000110465922083922/azn-20220331x6k.htm,https://www.sec.gov/Archives/edgar/data/901832/000110465922083922/
6-K,2022-07-29,2022-07-29,,0001654954-22-010199,https://www.sec.gov/Archives/edgar/data/901832/000165495422010199/a1651u.htm,https://www.sec.gov/Archives/edgar/data/901832/000165495422010199/
6-K,2022-07-25,2022-07-25,,0001654954-22-010018,https://www.sec.gov/Archives/edgar/data/901832/000165495422010018/a5305t.htm,https://www.sec.gov/Archives/edgar/data/901832/000165495422010018/
6-K,2022-07-25,2022-07-25,,0001654954-22-010011,https://www.sec.gov/Archives/edgar/data/901832/000165495422010011/a5302t.htm,https://www.sec.gov/Archives/edgar/data/901832/000165495422010011/
6-K,2022-07-25,2022-07-25,,0001654954-22-010009,https://www.sec.gov/Archives/edgar/data/901832/000165495422010009/a5300t.htm,https://www.sec.gov/Archives/edgar/data/901832/000165495422010009/
6-K,2022-07-19,2022-07-19,,0001654954-22-009800,https://www.sec.gov/Archives/edgar/data/901832/000165495422009800/a9430s.htm,https://www.sec.gov/Archives/edgar/data/901832/000165495422009800/
6-K,2022-07-05,2022-07-05,,0001654954-22-009180,https://www.sec.gov/Archives/edgar/data/901832/000165495422009180/a2649r.htm,https://www.sec.gov/Archives/edgar/data/901832/000165495422009180/
6-K,2022-07-01,2022-07-01,,0001654954-22-009088,https://www.sec.gov/Archives/edgar/data/901832/000165495422009088/a0240r.htm,https://www.sec.gov/Archives/edgar/data/901832/000165495422009088/
6-K,2022-06-30,2022-06-30,,0001654954-22-008971,https://www.sec.gov/Archives/edgar/data/901832/000165495422008971/a7302q.htm,https://www.sec.gov/Archives/edgar/data/901832/000165495422008971/
6-K,2022-06-27,2022-06-27,,0001654954-22-008799,https://www.sec.gov/Archives/edgar/data/901832/000165495422008799/a2121q.htm,https://www.sec.gov/Archives/edgar/data/901832/000165495422008799/
6-K,2022-06-27,2022-06-27,,0001654954-22-008797,https://www.sec.gov/Archives/edgar/data/901832/000165495422008797/a2118q.htm,https://www.sec.gov/Archives/edgar/data/901832/000165495422008797/
6-K,2022-06-21,2022-06-21,,0001654954-22-008524,https://www.sec.gov/Archives/edgar/data/901832/000165495422008524/a6051p.htm,https://www.sec.gov/Archives/edgar/data/901832/000165495422008524/
6-K,2022-06-06,2022-06-06,,0001654954-22-007945,https://www.sec.gov/Archives/edgar/data/901832/000165495422007945/a7067n.htm,https://www.sec.gov/Archives/edgar/data/901832/000165495422007945/
6-K,2022-06-01,2022-06-01,,0001654954-22-007775,https://www.sec.gov/Archives/edgar/data/901832/000165495422007775/a6142n.htm,https://www.sec.gov/Archives/edgar/data/901832/000165495422007775/
6-K,2022-06-01,2022-06-01,,0001654954-22-007770,https://www.sec.gov/Archives/edgar/data/901832/000165495422007770/a6003n.htm,https://www.sec.gov/Archives/edgar/data/901832/000165495422007770/
6-K,2022-05-20,2022-05-20,,0001654954-22-007276,https://www.sec.gov/Archives/edgar/data/901832/000165495422007276/a3066m.htm,https://www.sec.gov/Archives/edgar/data/901832/000165495422007276/
6-K,2022-05-09,2022-05-09,,0001654954-22-006250,https://www.sec.gov/Archives/edgar/data/901832/000165495422006250/a7750k.htm,https://www.sec.gov/Archives/edgar/data/901832/000165495422006250/
6-K,2022-05-06,2022-05-06,,0001654954-22-006156,https://www.sec.gov/Archives/edgar/data/901832/000165495422006156/a6380k.htm,https://www.sec.gov/Archives/edgar/data/901832/000165495422006156/
6-K,2022-05-05,2022-05-05,,0001654954-22-006028,https://www.sec.gov/Archives/edgar/data/901832/000165495422006028/a4273k.htm,https://www.sec.gov/Archives/edgar/data/901832/000165495422006028/
6-K,2022-05-05,2022-05-05,,0001654954-22-006026,https://www.sec.gov/Archives/edgar/data/901832/000165495422006026/a4269k.htm,https://www.sec.gov/Archives/edgar/data/901832/000165495422006026/
6-K,2022-05-05,2022-05-05,,0001654954-22-006021,https://www.sec.gov/Archives/edgar/data/901832/000165495422006021/a3797k.htm,https://www.sec.gov/Archives/edgar/data/901832/000165495422006021/
6-K,2022-05-04,2022-05-04,,0001654954-22-005916,https://www.sec.gov/Archives/edgar/data/901832/000165495422005916/a1996k.htm,https://www.sec.gov/Archives/edgar/data/901832/000165495422005916/
6-K,2022-05-03,2022-05-03,,0001654954-22-005815,https://www.sec.gov/Archives/edgar/data/901832/000165495422005815/a1280k.htm,https://www.sec.gov/Archives/edgar/data/901832/000165495422005815/
6-K,2022-04-29,2022-04-29,,0001654954-22-005636,https://www.sec.gov/Archives/edgar/data/901832/000165495422005636/a9458j.htm,https://www.sec.gov/Archives/edgar/data/901832/000165495422005636/
6-K,2022-04-29,2022-04-29,,0001654954-22-005576,https://www.sec.gov/Archives/edgar/data/901832/000165495422005576/a7934j.htm,https://www.sec.gov/Archives/edgar/data/901832/000165495422005576/
6-K,2022-04-29,2022-04-29,,0001654954-22-005571,https://www.sec.gov/Archives/edgar/data/901832/000165495422005571/a7847j.htm,https://www.sec.gov/Archives/edgar/data/901832/000165495422005571/
6-K,2022-04-28,2022-04-28,,0001654954-22-005494,https://www.sec.gov/Archives/edgar/data/901832/000165495422005494/a6681j.htm,https://www.sec.gov/Archives/edgar/data/901832/000165495422005494/
6-K,2022-04-27,2022-04-27,,0001654954-22-005440,https://www.sec.gov/Archives/edgar/data/901832/000165495422005440/a4543j.htm,https://www.sec.gov/Archives/edgar/data/901832/000165495422005440/
6-K,2022-04-25,2022-04-25,,0001654954-22-005328,https://www.sec.gov/Archives/edgar/data/901832/000165495422005328/a1691j.htm,https://www.sec.gov/Archives/edgar/data/901832/000165495422005328/
6-K,2022-04-19,2022-04-19,,0001654954-22-005106,https://www.sec.gov/Archives/edgar/data/901832/000165495422005106/a5058i.htm,https://www.sec.gov/Archives/edgar/data/901832/000165495422005106/
6-K,2022-04-01,2022-04-01,,0001654954-22-004408,https://www.sec.gov/Archives/edgar/data/901832/000165495422004408/a9835g.htm,https://www.sec.gov/Archives/edgar/data/901832/000165495422004408/
6-K,2022-03-29,2022-03-29,,0001654954-22-003953,https://www.sec.gov/Archives/edgar/data/901832/000165495422003953/a3157g.htm,https://www.sec.gov/Archives/edgar/data/901832/000165495422003953/
6-K,2022-03-28,2022-03-28,,0001654954-22-003868,https://www.sec.gov/Archives/edgar/data/901832/000165495422003868/a1576g.htm,https://www.sec.gov/Archives/edgar/data/901832/000165495422003868/
6-K,2022-03-25,2022-03-25,,0001654954-22-003815,https://www.sec.gov/Archives/edgar/data/901832/000165495422003815/a0893g.htm,https://www.sec.gov/Archives/edgar/data/901832/000165495422003815/
6-K,2022-03-24,2022-03-24,,0001654954-22-003761,https://www.sec.gov/Archives/edgar/data/901832/000165495422003761/a9765f.htm,https://www.sec.gov/Archives/edgar/data/901832/000165495422003761/
6-K,2022-03-24,2022-03-24,,0001654954-22-003694,https://www.sec.gov/Archives/edgar/data/901832/000165495422003694/a8862f.htm,https://www.sec.gov/Archives/edgar/data/901832/000165495422003694/
6-K,2022-03-23,2022-03-23,,0001654954-22-003618,https://www.sec.gov/Archives/edgar/data/901832/000165495422003618/a6601f.htm,https://www.sec.gov/Archives/edgar/data/901832/000165495422003618/
6-K,2022-03-23,2022-03-23,,0001104659-22-036777,https://www.sec.gov/Archives/edgar/data/901832/000110465922036777/tm229472d1_6k.htm,https://www.sec.gov/Archives/edgar/data/901832/000110465922036777/
6-K,2022-03-17,2022-03-17,,0001654954-22-003295,https://www.sec.gov/Archives/edgar/data/901832/000165495422003295/a1097f.htm,https://www.sec.gov/Archives/edgar/data/901832/000165495422003295/
6-K,2022-03-14,2022-03-14,,0001654954-22-003074,https://www.sec.gov/Archives/edgar/data/901832/000165495422003074/a5904e.htm,https://www.sec.gov/Archives/edgar/data/901832/000165495422003074/
6-K,2022-03-14,2022-03-14,,0001654954-22-003071,https://www.sec.gov/Archives/edgar/data/901832/000165495422003071/a5906e.htm,https://www.sec.gov/Archives/edgar/data/901832/000165495422003071/
6-K,2022-03-09,2022-03-09,,0001654954-22-002776,https://www.sec.gov/Archives/edgar/data/901832/000165495422002776/a2114e.htm,https://www.sec.gov/Archives/edgar/data/901832/000165495422002776/
6-K,2022-03-07,2022-03-07,,0001654954-22-002614,https://www.sec.gov/Archives/edgar/data/901832/000165495422002614/a8835d.htm,https://www.sec.gov/Archives/edgar/data/901832/000165495422002614/
6-K,2022-03-01,2022-03-01,,0001654954-22-002277,https://www.sec.gov/Archives/edgar/data/901832/000165495422002277/a2408d.htm,https://www.sec.gov/Archives/edgar/data/901832/000165495422002277/
6-K,2022-03-01,2022-03-01,,0001654954-22-002272,https://www.sec.gov/Archives/edgar/data/901832/000165495422002272/a1848d.htm,https://www.sec.gov/Archives/edgar/data/901832/000165495422002272/
6-K,2022-03-01,2022-03-01,,0001654954-22-002228,https://www.sec.gov/Archives/edgar/data/901832/000165495422002228/a1181d.htm,https://www.sec.gov/Archives/edgar/data/901832/000165495422002228/
6-K,2022-02-23,2022-02-23,,0001654954-22-001924,https://www.sec.gov/Archives/edgar/data/901832/000165495422001924/a4744c.htm,https://www.sec.gov/Archives/edgar/data/901832/000165495422001924/
20-F,2022-02-22,2021-12-31,,0001104659-22-025720,https://www.sec.gov/Archives/edgar/data/901832/000110465922025720/azn-20211231x20f.htm,https://www.sec.gov/Archives/edgar/data/901832/000110465922025720/
6-K,2022-02-22,2022-02-22,,0001654954-22-001877,https://www.sec.gov/Archives/edgar/data/901832/000165495422001877/a3476c.htm,https://www.sec.gov/Archives/edgar/data/901832/000165495422001877/
6-K,2022-02-22,2022-02-22,,0001654954-22-001872,https://www.sec.gov/Archives/edgar/data/901832/000165495422001872/a2559c.htm,https://www.sec.gov/Archives/edgar/data/901832/000165495422001872/
6-K,2022-02-16,2022-02-16,,0001654954-22-001724,https://www.sec.gov/Archives/edgar/data/901832/000165495422001724/a8051b.htm,https://www.sec.gov/Archives/edgar/data/901832/000165495422001724/
6-K,2022-02-15,2022-02-15,,0001654954-22-001665,https://www.sec.gov/Archives/edgar/data/901832/000165495422001665/a6586b.htm,https://www.sec.gov/Archives/edgar/data/901832/000165495422001665/
6-K,2022-02-11,2022-02-11,,0001654954-22-001468,https://www.sec.gov/Archives/edgar/data/901832/000165495422001468/a4708b.htm,https://www.sec.gov/Archives/edgar/data/901832/000165495422001468/
6-K,2022-02-10,2022-02-10,,0001654954-22-001372,https://www.sec.gov/Archives/edgar/data/901832/000165495422001372/a2250b.htm,https://www.sec.gov/Archives/edgar/data/901832/000165495422001372/
6-K,2022-02-01,2022-02-01,,0001654954-22-000950,https://www.sec.gov/Archives/edgar/data/901832/000165495422000950/a3376a.htm,https://www.sec.gov/Archives/edgar/data/901832/000165495422000950/
6-K,2022-01-19,2022-01-19,,0001654954-22-000627,https://www.sec.gov/Archives/edgar/data/901832/000165495422000627/a8910y.htm,https://www.sec.gov/Archives/edgar/data/901832/000165495422000627/
6-K,2022-01-19,2022-01-19,,0001654954-22-000622,https://www.sec.gov/Archives/edgar/data/901832/000165495422000622/a8908y.htm,https://www.sec.gov/Archives/edgar/data/901832/000165495422000622/
6-K,2022-01-18,2022-01-18,,0001654954-22-000559,https://www.sec.gov/Archives/edgar/data/901832/000165495422000559/a6391y.htm,https://www.sec.gov/Archives/edgar/data/901832/000165495422000559/
6-K,2022-01-07,2022-01-07,,0001654954-22-000297,https://www.sec.gov/Archives/edgar/data/901832/000165495422000297/a7559x.htm,https://www.sec.gov/Archives/edgar/data/901832/000165495422000297/
6-K,2022-01-05,2022-01-05,,0001654954-22-000189,https://www.sec.gov/Archives/edgar/data/901832/000165495422000189/a4814x.htm,https://www.sec.gov/Archives/edgar/data/901832/000165495422000189/
6-K,2022-01-04,2022-01-04,,0001654954-22-000091,https://www.sec.gov/Archives/edgar/data/901832/000165495422000091/a3628x.htm,https://www.sec.gov/Archives/edgar/data/901832/000165495422000091/
6-K,2021-12-29,2021-12-29,,0001654954-21-013563,https://www.sec.gov/Archives/edgar/data/901832/000165495421013563/a8637w.htm,https://www.sec.gov/Archives/edgar/data/901832/000165495421013563/
6-K,2021-12-21,2021-12-21,,0001654954-21-013368,https://www.sec.gov/Archives/edgar/data/901832/000165495421013368/a3211w.htm,https://www.sec.gov/Archives/edgar/data/901832/000165495421013368/
6-K,2021-12-20,2021-12-20,,0001654954-21-013320,https://www.sec.gov/Archives/edgar/data/901832/000165495421013320/a1228w.htm,https://www.sec.gov/Archives/edgar/data/901832/000165495421013320/
6-K,2021-12-20,2021-12-20,,0001654954-21-013318,https://www.sec.gov/Archives/edgar/data/901832/000165495421013318/a1226w.htm,https://www.sec.gov/Archives/edgar/data/901832/000165495421013318/
6-K,2021-12-15,2021-12-15,,0001654954-21-013173,https://www.sec.gov/Archives/edgar/data/901832/000165495421013173/a7760v.htm,https://www.sec.gov/Archives/edgar/data/901832/000165495421013173/
6-K,2021-12-09,2021-12-09,,0001654954-21-012962,https://www.sec.gov/Archives/edgar/data/901832/000165495421012962/a0538v.htm,https://www.sec.gov/Archives/edgar/data/901832/000165495421012962/
6-K,2021-12-07,2021-12-07,,0001654954-21-012879,https://www.sec.gov/Archives/edgar/data/901832/000165495421012879/a8026u.htm,https://www.sec.gov/Archives/edgar/data/901832/000165495421012879/
6-K,2021-12-01,2021-12-01,,0001654954-21-012754,https://www.sec.gov/Archives/edgar/data/901832/000165495421012754/a2430u.htm,https://www.sec.gov/Archives/edgar/data/901832/000165495421012754/
6-K,2021-12-01,2021-12-01,,0001654954-21-012753,https://www.sec.gov/Archives/edgar/data/901832/000165495421012753/a2422u.htm,https://www.sec.gov/Archives/edgar/data/901832/000165495421012753/
6-K,2021-11-30,2021-11-30,,0001654954-21-012690,https://www.sec.gov/Archives/edgar/data/901832/000165495421012690/a0056u.htm,https://www.sec.gov/Archives/edgar/data/901832/000165495421012690/
6-K,2021-11-15,2021-11-15,,0001654954-21-012152,https://www.sec.gov/Archives/edgar/data/901832/000165495421012152/a4338s.htm,https://www.sec.gov/Archives/edgar/data/901832/000165495421012152/
6-K,2021-11-12,2021-11-12,,0001654954-21-012039,https://www.sec.gov/Archives/edgar/data/901832/000165495421012039/a1635s.htm,https://www.sec.gov/Archives/edgar/data/901832/000165495421012039/
6-K,2021-11-01,2021-11-01,,0001654954-21-011575,https://www.sec.gov/Archives/edgar/data/901832/000165495421011575/a9316q.htm,https://www.sec.gov/Archives/edgar/data/901832/000165495421011575/
6-K,2021-11-01,2021-11-01,,0001654954-21-011532,https://www.sec.gov/Archives/edgar/data/901832/000165495421011532/a8147q.htm,https://www.sec.gov/Archives/edgar/data/901832/000165495421011532/
6-K,2021-10-25,2021-10-25,,0001654954-21-011309,https://www.sec.gov/Archives/edgar/data/901832/000165495421011309/a1084q.htm,https://www.sec.gov/Archives/edgar/data/901832/000165495421011309/
6-K,2021-10-18,2021-10-18,,0001654954-21-011173,https://www.sec.gov/Archives/edgar/data/901832/000165495421011173/a3084p.htm,https://www.sec.gov/Archives/edgar/data/901832/000165495421011173/
6-K,2021-10-15,2021-10-15,,0001654954-21-011113,https://www.sec.gov/Archives/edgar/data/901832/000165495421011113/a2140p.htm,https://www.sec.gov/Archives/edgar/data/901832/000165495421011113/
6-K,2021-10-12,2021-10-12,,0001654954-21-010965,https://www.sec.gov/Archives/edgar/data/901832/000165495421010965/a5796o.htm,https://www.sec.gov/Archives/edgar/data/901832/000165495421010965/
6-K,2021-10-04,2021-10-04,,0001654954-21-010727,https://www.sec.gov/Archives/edgar/data/901832/000165495421010727/a8765n.htm,https://www.sec.gov/Archives/edgar/data/901832/000165495421010727/
6-K,2021-10-01,2021-10-01,,0001654954-21-010683,https://www.sec.gov/Archives/edgar/data/901832/000165495421010683/a7798n.htm,https://www.sec.gov/Archives/edgar/data/901832/000165495421010683/
6-K,2021-09-30,2021-09-30,,0001654954-21-010591,https://www.sec.gov/Archives/edgar/data/901832/000165495421010591/a6036n.htm,https://www.sec.gov/Archives/edgar/data/901832/000165495421010591/
6-K,2021-09-29,2021-09-29,,0001654954-21-010515,https://www.sec.gov/Archives/edgar/data/901832/000165495421010515/a3486n.htm,https://www.sec.gov/Archives/edgar/data/901832/000165495421010515/
6-K,2021-09-28,2021-09-28,,0001654954-21-010452,https://www.sec.gov/Archives/edgar/data/901832/000165495421010452/a1891n.htm,https://www.sec.gov/Archives/edgar/data/901832/000165495421010452/
6-K,2021-09-24,2021-09-24,,0001654954-21-010373,https://www.sec.gov/Archives/edgar/data/901832/000165495421010373/a8809m.htm,https://www.sec.gov/Archives/edgar/data/901832/000165495421010373/
6-K,2021-09-23,2021-09-23,,0001654954-21-010314,https://www.sec.gov/Archives/edgar/data/901832/000165495421010314/a6850m.htm,https://www.sec.gov/Archives/edgar/data/901832/000165495421010314/
6-K,2021-09-23,2021-09-23,,0001654954-21-010313,https://www.sec.gov/Archives/edgar/data/901832/000165495421010313/a6848m.htm,https://www.sec.gov/Archives/edgar/data/901832/000165495421010313/
6-K,2021-09-21,2021-09-21,,0001654954-21-010249,https://www.sec.gov/Archives/edgar/data/901832/000165495421010249/a4294m.htm,https://www.sec.gov/Archives/edgar/data/901832/000165495421010249/
6-K,2021-09-20,2021-09-20,,0001654954-21-010208,https://www.sec.gov/Archives/edgar/data/901832/000165495421010208/a2736m.htm,https://www.sec.gov/Archives/edgar/data/901832/000165495421010208/
6-K,2021-09-09,2021-09-09,,0001654954-21-009881,https://www.sec.gov/Archives/edgar/data/901832/000165495421009881/a3102l.htm,https://www.sec.gov/Archives/edgar/data/901832/000165495421009881/
6-K,2021-09-09,2021-09-09,,0001654954-21-009868,https://www.sec.gov/Archives/edgar/data/901832/000165495421009868/a2440l.htm,https://www.sec.gov/Archives/edgar/data/901832/000165495421009868/
6-K,2021-09-03,2021-09-03,,0001654954-21-009722,https://www.sec.gov/Archives/edgar/data/901832/000165495421009722/a6165k.htm,https://www.sec.gov/Archives/edgar/data/901832/000165495421009722/
6-K,2021-09-01,2021-09-01,,0001654954-21-009636,https://www.sec.gov/Archives/edgar/data/901832/000165495421009636/a4065k.htm,https://www.sec.gov/Archives/edgar/data/901832/000165495421009636/
6-K,2021-08-26,2021-08-26,,0001654954-21-009434,https://www.sec.gov/Archives/edgar/data/901832/000165495421009434/a8636j.htm,https://www.sec.gov/Archives/edgar/data/901832/000165495421009434/
6-K,2021-08-26,2021-08-26,,0001654954-21-009432,https://www.sec.gov/Archives/edgar/data/901832/000165495421009432/a8630j.htm,https://www.sec.gov/Archives/edgar/data/901832/000165495421009432/
6-K,2021-08-20,2021-08-20,,0001654954-21-009268,https://www.sec.gov/Archives/edgar/data/901832/000165495421009268/a2935j.htm,https://www.sec.gov/Archives/edgar/data/901832/000165495421009268/
6-K,2021-08-20,2021-08-20,,0001654954-21-009265,https://www.sec.gov/Archives/edgar/data/901832/000165495421009265/a2930j.htm,https://www.sec.gov/Archives/edgar/data/901832/000165495421009265/
6-K,2021-08-16,2021-08-16,,0001654954-21-008990,https://www.sec.gov/Archives/edgar/data/901832/000165495421008990/a7837i.htm,https://www.sec.gov/Archives/edgar/data/901832/000165495421008990/
6-K,2021-08-11,2021-08-11,,0001654954-21-008747,https://www.sec.gov/Archives/edgar/data/901832/000165495421008747/a3440i.htm,https://www.sec.gov/Archives/edgar/data/901832/000165495421008747/
6-K,2021-08-09,2021-08-09,,0001654954-21-008604,https://www.sec.gov/Archives/edgar/data/901832/000165495421008604/a9764h.htm,https://www.sec.gov/Archives/edgar/data/901832/000165495421008604/
6-K,2021-08-09,2021-08-09,,0001654954-21-008602,https://www.sec.gov/Archives/edgar/data/901832/000165495421008602/a9754h.htm,https://www.sec.gov/Archives/edgar/data/901832/000165495421008602/
6-K,2021-08-02,2021-08-02,,0001654954-21-008406,https://www.sec.gov/Archives/edgar/data/901832/000165495421008406/a2784h.htm,https://www.sec.gov/Archives/edgar/data/901832/000165495421008406/
6-K,2021-08-02,2021-08-02,,0001654954-21-008378,https://www.sec.gov/Archives/edgar/data/901832/000165495421008378/a2087h.htm,https://www.sec.gov/Archives/edgar/data/901832/000165495421008378/
6-K,2021-07-30,2021-06-30,,0001104659-21-097781,https://www.sec.gov/Archives/edgar/data/901832/000110465921097781/tmb-20210630x6k.htm,https://www.sec.gov/Archives/edgar/data/901832/000110465921097781/
6-K,2021-07-26,2021-07-26,,0001654954-21-008186,https://www.sec.gov/Archives/edgar/data/901832/000165495421008186/a3696g.htm,https://www.sec.gov/Archives/edgar/data/901832/000165495421008186/
6-K,2021-07-22,2021-07-22,,0001654954-21-008114,https://www.sec.gov/Archives/edgar/data/901832/000165495421008114/a0403g.htm,https://www.sec.gov/Archives/edgar/data/901832/000165495421008114/
6-K,2021-07-21,2021-07-21,,0001104659-21-094419,https://www.sec.gov/Archives/edgar/data/901832/000110465921094419/tm2122619d1_6k.htm,https://www.sec.gov/Archives/edgar/data/901832/000110465921094419/
6-K,2021-07-21,2021-07-21,,0001654954-21-008098,https://www.sec.gov/Archives/edgar/data/901832/000165495421008098/a0336g.htm,https://www.sec.gov/Archives/edgar/data/901832/000165495421008098/
6-K,2021-07-21,2021-07-21,,0001654954-21-008095,https://www.sec.gov/Archives/edgar/data/901832/000165495421008095/a0317g.htm,https://www.sec.gov/Archives/edgar/data/901832/000165495421008095/
6-K,2021-07-21,2021-07-21,,0001654954-21-008091,https://www.sec.gov/Archives/edgar/data/901832/000165495421008091/a0164g.htm,https://www.sec.gov/Archives/edgar/data/901832/000165495421008091/
6-K,2021-07-19,2021-07-19,,0001654954-21-008026,https://www.sec.gov/Archives/edgar/data/901832/000165495421008026/a5875f.htm,https://www.sec.gov/Archives/edgar/data/901832/000165495421008026/
6-K,2021-07-16,2021-07-16,,0001654954-21-007999,https://www.sec.gov/Archives/edgar/data/901832/000165495421007999/a4525f.htm,https://www.sec.gov/Archives/edgar/data/901832/000165495421007999/
6-K,2021-07-14,2021-07-14,,0001654954-21-007876,https://www.sec.gov/Archives/edgar/data/901832/000165495421007876/a1925f.htm,https://www.sec.gov/Archives/edgar/data/901832/000165495421007876/
6-K,2021-07-08,2021-07-08,,0001654954-21-007738,https://www.sec.gov/Archives/edgar/data/901832/000165495421007738/a5425e.htm,https://www.sec.gov/Archives/edgar/data/901832/000165495421007738/
6-K,2021-07-06,2021-07-06,,0001654954-21-007613,https://www.sec.gov/Archives/edgar/data/901832/000165495421007613/a2433e.htm,https://www.sec.gov/Archives/edgar/data/901832/000165495421007613/
6-K,2021-07-01,2021-07-01,,0001654954-21-007481,https://www.sec.gov/Archives/edgar/data/901832/000165495421007481/a8899d.htm,https://www.sec.gov/Archives/edgar/data/901832/000165495421007481/
6-K,2021-06-28,2021-06-28,,0001654954-21-007311,https://www.sec.gov/Archives/edgar/data/901832/000165495421007311/a2398d.htm,https://www.sec.gov/Archives/edgar/data/901832/000165495421007311/
6-K,2021-06-28,2021-06-28,,0001654954-21-007309,https://www.sec.gov/Archives/edgar/data/901832/000165495421007309/a2403d.htm,https://www.sec.gov/Archives/edgar/data/901832/000165495421007309/
6-K,2021-06-24,2021-06-24,,0001654954-21-007197,https://www.sec.gov/Archives/edgar/data/901832/000165495421007197/a9237c.htm,https://www.sec.gov/Archives/edgar/data/901832/000165495421007197/
6-K,2021-06-23,2021-06-23,,0001654954-21-007146,https://www.sec.gov/Archives/edgar/data/901832/000165495421007146/a8164c.htm,https://www.sec.gov/Archives/edgar/data/901832/000165495421007146/
6-K,2021-06-22,2021-06-22,,0001654954-21-007114,https://www.sec.gov/Archives/edgar/data/901832/000165495421007114/a6686c.htm,https://www.sec.gov/Archives/edgar/data/901832/000165495421007114/
6-K,2021-06-15,2021-06-15,,0001654954-21-006889,https://www.sec.gov/Archives/edgar/data/901832/000165495421006889/a9137b.htm,https://www.sec.gov/Archives/edgar/data/901832/000165495421006889/
6-K,2021-06-07,2021-06-07,,0001654954-21-006629,https://www.sec.gov/Archives/edgar/data/901832/000165495421006629/a9573a.htm,https://www.sec.gov/Archives/edgar/data/901832/000165495421006629/
6-K,2021-06-04,2021-06-04,,0001654954-21-006578,https://www.sec.gov/Archives/edgar/data/901832/000165495421006578/a8050a.htm,https://www.sec.gov/Archives/edgar/data/901832/000165495421006578/
6-K,2021-06-04,2021-06-04,,0001654954-21-006576,https://www.sec.gov/Archives/edgar/data/901832/000165495421006576/a7959a.htm,https://www.sec.gov/Archives/edgar/data/901832/000165495421006576/
6-K,2021-06-02,2021-06-02,,0001654954-21-006503,https://www.sec.gov/Archives/edgar/data/901832/000165495421006503/a5018a.htm,https://www.sec.gov/Archives/edgar/data/901832/000165495421006503/
6-K,2021-06-01,2021-06-01,,0001654954-21-006443,https://www.sec.gov/Archives/edgar/data/901832/000165495421006443/a4476a.htm,https://www.sec.gov/Archives/edgar/data/901832/000165495421006443/
6-K,2021-06-01,2021-06-01,,0001654954-21-006437,https://www.sec.gov/Archives/edgar/data/901832/000165495421006437/a4275a.htm,https://www.sec.gov/Archives/edgar/data/901832/000165495421006437/
6-K,2021-05-28,2021-05-28,,0001104659-21-074174,https://www.sec.gov/Archives/edgar/data/901832/000110465921074174/tm2116866d11_6k.htm,https://www.sec.gov/Archives/edgar/data/901832/000110465921074174/
6-K,2021-05-28,2021-05-28,,0001654954-21-006340,https://www.sec.gov/Archives/edgar/data/901832/000165495421006340/a1176a.htm,https://www.sec.gov/Archives/edgar/data/901832/000165495421006340/
6-K,2021-05-27,2021-05-27,,0001654954-21-006317,https://www.sec.gov/Archives/edgar/data/901832/000165495421006317/a0103a.htm,https://www.sec.gov/Archives/edgar/data/901832/000165495421006317/
6-K,2021-05-26,2021-05-26,,0001654954-21-006280,https://www.sec.gov/Archives/edgar/data/901832/000165495421006280/a8113z.htm,https://www.sec.gov/Archives/edgar/data/901832/000165495421006280/
6-K,2021-05-26,2021-05-26,,0001104659-21-072041,https://www.sec.gov/Archives/edgar/data/901832/000110465921072041/tm2116866d9_6k.htm,https://www.sec.gov/Archives/edgar/data/901832/000110465921072041/
6-K,2021-05-25,2021-05-25,,0001654954-21-006236,https://www.sec.gov/Archives/edgar/data/901832/000165495421006236/a6599z.htm,https://www.sec.gov/Archives/edgar/data/901832/000165495421006236/
6-K,2021-05-24,2021-05-24,,0001104659-21-070809,https://www.sec.gov/Archives/edgar/data/901832/000110465921070809/tm2116866d3_6k.htm,https://www.sec.gov/Archives/edgar/data/901832/000110465921070809/
6-K,2021-05-21,2021-05-21,,0001654954-21-006114,https://www.sec.gov/Archives/edgar/data/901832/000165495421006114/a4139z.htm,https://www.sec.gov/Archives/edgar/data/901832/000165495421006114/
6-K,2021-05-18,2021-05-18,,0001654954-21-005953,https://www.sec.gov/Archives/edgar/data/901832/000165495421005953/a0388z.htm,https://www.sec.gov/Archives/edgar/data/901832/000165495421005953/
6-K,2021-05-11,2021-05-11,,0001654954-21-005403,https://www.sec.gov/Archives/edgar/data/901832/000165495421005403/a2668y.htm,https://www.sec.gov/Archives/edgar/data/901832/000165495421005403/
6-K,2021-05-11,2021-05-11,,0001654954-21-005396,https://www.sec.gov/Archives/edgar/data/901832/000165495421005396/a2664y.htm,https://www.sec.gov/Archives/edgar/data/901832/000165495421005396/
6-K,2021-05-07,2021-05-07,,0001654954-21-005247,https://www.sec.gov/Archives/edgar/data/901832/000165495421005247/a8587x.htm,https://www.sec.gov/Archives/edgar/data/901832/000165495421005247/
6-K,2021-05-04,2021-05-04,,0001654954-21-005081,https://www.sec.gov/Archives/edgar/data/901832/000165495421005081/a4839x.htm,https://www.sec.gov/Archives/edgar/data/901832/000165495421005081/
6-K,2021-05-04,2021-05-04,,0001654954-21-005044,https://www.sec.gov/Archives/edgar/data/901832/000165495421005044/a3382x.htm,https://www.sec.gov/Archives/edgar/data/901832/000165495421005044/
6-K,2021-04-30,2021-04-30,,0001654954-21-004839,https://www.sec.gov/Archives/edgar/data/901832/000165495421004839/a1438x.htm,https://www.sec.gov/Archives/edgar/data/901832/000165495421004839/
6-K,2021-04-26,2021-04-26,,0001654954-21-004587,https://www.sec.gov/Archives/edgar/data/901832/000165495421004587/a5154w.htm,https://www.sec.gov/Archives/edgar/data/901832/000165495421004587/
6-K,2021-04-26,2021-04-26,,0001654954-21-004585,https://www.sec.gov/Archives/edgar/data/901832/000165495421004585/a5151w.htm,https://www.sec.gov/Archives/edgar/data/901832/000165495421004585/
6-K,2021-04-26,2021-04-26,,0001654954-21-004583,https://www.sec.gov/Archives/edgar/data/901832/000165495421004583/a5149w.htm,https://www.sec.gov/Archives/edgar/data/901832/000165495421004583/
6-K,2021-04-16,2021-04-16,,0001654954-21-004269,https://www.sec.gov/Archives/edgar/data/901832/000165495421004269/a7585v.htm,https://www.sec.gov/Archives/edgar/data/901832/000165495421004269/
6-K,2021-04-14,2021-04-14,,0001654954-21-004150,https://www.sec.gov/Archives/edgar/data/901832/000165495421004150/a4184v.htm,https://www.sec.gov/Archives/edgar/data/901832/000165495421004150/
6-K,2021-04-12,2021-04-12,,0001104659-21-049237,https://www.sec.gov/Archives/edgar/data/901832/000110465921049237/tm216588d5_6k.htm,https://www.sec.gov/Archives/edgar/data/901832/000110465921049237/
6-K,2021-04-12,2021-04-12,,0001654954-21-004048,https://www.sec.gov/Archives/edgar/data/901832/000165495421004048/a1753v.htm,https://www.sec.gov/Archives/edgar/data/901832/000165495421004048/
6-K,2021-04-12,2021-04-12,,0001654954-21-004038,https://www.sec.gov/Archives/edgar/data/901832/000165495421004038/a1078v.htm,https://www.sec.gov/Archives/edgar/data/901832/000165495421004038/
6-K,2021-04-01,2021-04-01,,0001654954-21-003737,https://www.sec.gov/Archives/edgar/data/901832/000165495421003737/a3218u.htm,https://www.sec.gov/Archives/edgar/data/901832/000165495421003737/
6-K,2021-03-30,2021-03-30,,0001654954-21-003457,https://www.sec.gov/Archives/edgar/data/901832/000165495421003457/a9675t.htm,https://www.sec.gov/Archives/edgar/data/901832/000165495421003457/
6-K,2021-03-30,2021-03-30,,0001104659-21-043623,https://www.sec.gov/Archives/edgar/data/901832/000110465921043623/tm2111134d1_6k.htm,https://www.sec.gov/Archives/edgar/data/901832/000110465921043623/
6-K,2021-03-25,2021-03-25,,0001654954-21-003266,https://www.sec.gov/Archives/edgar/data/901832/000165495421003266/a5371t.htm,https://www.sec.gov/Archives/edgar/data/901832/000165495421003266/
6-K,2021-03-25,2021-03-25,,0001654954-21-003249,https://www.sec.gov/Archives/edgar/data/901832/000165495421003249/a4645t.htm,https://www.sec.gov/Archives/edgar/data/901832/000165495421003249/
6-K,2021-03-22,2021-03-22,,0001654954-21-003046,https://www.sec.gov/Archives/edgar/data/901832/000165495421003046/a9976s.htm,https://www.sec.gov/Archives/edgar/data/901832/000165495421003046/
6-K,2021-03-16,2021-03-16,,0001654954-21-002846,https://www.sec.gov/Archives/edgar/data/901832/000165495421002846/a3829s.htm,https://www.sec.gov/Archives/edgar/data/901832/000165495421002846/
6-K,2021-03-16,2021-03-16,,0001654954-21-002844,https://www.sec.gov/Archives/edgar/data/901832/000165495421002844/a3832s.htm,https://www.sec.gov/Archives/edgar/data/901832/000165495421002844/
6-K,2021-03-09,2021-03-09,,0001654954-21-002489,https://www.sec.gov/Archives/edgar/data/901832/000165495421002489/a6865r.htm,https://www.sec.gov/Archives/edgar/data/901832/000165495421002489/
6-K,2021-03-04,2021-03-04,,0001654954-21-002309,https://www.sec.gov/Archives/edgar/data/901832/000165495421002309/a2348r.htm,https://www.sec.gov/Archives/edgar/data/901832/000165495421002309/
6-K,2021-03-03,2021-03-03,,0001654954-21-002256,https://www.sec.gov/Archives/edgar/data/901832/000165495421002256/a9930q.htm,https://www.sec.gov/Archives/edgar/data/901832/000165495421002256/
6-K,2021-03-02,2021-03-02,,0001654954-21-002206,https://www.sec.gov/Archives/edgar/data/901832/000165495421002206/a7831q.htm,https://www.sec.gov/Archives/edgar/data/901832/000165495421002206/
6-K,2021-03-01,2021-03-01,,0001654954-21-002182,https://www.sec.gov/Archives/edgar/data/901832/000165495421002182/a7273q.htm,https://www.sec.gov/Archives/edgar/data/901832/000165495421002182/
6-K,2021-02-22,2021-02-22,,0001654954-21-001936,https://www.sec.gov/Archives/edgar/data/901832/000165495421001936/a8610p.htm,https://www.sec.gov/Archives/edgar/data/901832/000165495421001936/
6-K,2021-02-17,2021-02-17,,0001654954-21-001754,https://www.sec.gov/Archives/edgar/data/901832/000165495421001754/a3947p.htm,https://www.sec.gov/Archives/edgar/data/901832/000165495421001754/
6-K,2021-02-16,2021-02-16,,0001654954-21-001653,https://www.sec.gov/Archives/edgar/data/901832/000165495421001653/a2477p.htm,https://www.sec.gov/Archives/edgar/data/901832/000165495421001653/
6-K,2021-02-16,2021-02-16,,0001654954-21-001647,https://www.sec.gov/Archives/edgar/data/901832/000165495421001647/a1466p.htm,https://www.sec.gov/Archives/edgar/data/901832/000165495421001647/
6-K,2021-02-16,2021-02-16,,0001654954-21-001642,https://www.sec.gov/Archives/edgar/data/901832/000165495421001642/a1125p.htm,https://www.sec.gov/Archives/edgar/data/901832/000165495421001642/
20-F,2021-02-16,2020-12-31,,0001104659-21-022456,https://www.sec.gov/Archives/edgar/data/901832/000110465921022456/a21-3954_120f.htm,https://www.sec.gov/Archives/edgar/data/901832/000110465921022456/
6-K,2021-02-11,2021-02-11,,0001654954-21-001467,https://www.sec.gov/Archives/edgar/data/901832/000165495421001467/a6931o.htm,https://www.sec.gov/Archives/edgar/data/901832/000165495421001467/
6-K,2021-02-11,2021-02-11,,0001654954-21-001465,https://www.sec.gov/Archives/edgar/data/901832/000165495421001465/a6964o.htm,https://www.sec.gov/Archives/edgar/data/901832/000165495421001465/
6-K,2021-02-10,2021-02-10,,0001654954-21-001387,https://www.sec.gov/Archives/edgar/data/901832/000165495421001387/a5864o.htm,https://www.sec.gov/Archives/edgar/data/901832/000165495421001387/
6-K,2021-02-05,2021-02-05,,0001654954-21-001196,https://www.sec.gov/Archives/edgar/data/901832/000165495421001196/a1317o.htm,https://www.sec.gov/Archives/edgar/data/901832/000165495421001196/
6-K,2021-02-04,2021-02-04,,0001654954-21-001150,https://www.sec.gov/Archives/edgar/data/901832/000165495421001150/a9857n.htm,https://www.sec.gov/Archives/edgar/data/901832/000165495421001150/
6-K,2021-02-01,2021-02-01,,0001654954-21-001009,https://www.sec.gov/Archives/edgar/data/901832/000165495421001009/a5749n.htm,https://www.sec.gov/Archives/edgar/data/901832/000165495421001009/
6-K,2021-02-01,2021-02-01,,0001654954-21-001002,https://www.sec.gov/Archives/edgar/data/901832/000165495421001002/a5672n.htm,https://www.sec.gov/Archives/edgar/data/901832/000165495421001002/
6-K,2021-02-01,2021-02-01,,0001654954-21-000978,https://www.sec.gov/Archives/edgar/data/901832/000165495421000978/a5067n.htm,https://www.sec.gov/Archives/edgar/data/901832/000165495421000978/
6-K,2021-01-29,2021-01-29,,0001654954-21-000938,https://www.sec.gov/Archives/edgar/data/901832/000165495421000938/a4213n.htm,https://www.sec.gov/Archives/edgar/data/901832/000165495421000938/
6-K,2021-01-26,2021-01-26,,0001654954-21-000794,https://www.sec.gov/Archives/edgar/data/901832/000165495421000794/a9585m.htm,https://www.sec.gov/Archives/edgar/data/901832/000165495421000794/
6-K,2021-01-26,2021-01-26,,0001654954-21-000785,https://www.sec.gov/Archives/edgar/data/901832/000165495421000785/a8902m.htm,https://www.sec.gov/Archives/edgar/data/901832/000165495421000785/
6-K,2021-01-25,2021-01-25,,0001654954-21-000733,https://www.sec.gov/Archives/edgar/data/901832/000165495421000733/a7291m.htm,https://www.sec.gov/Archives/edgar/data/901832/000165495421000733/
6-K,2021-01-25,2021-01-25,,0001654954-21-000731,https://www.sec.gov/Archives/edgar/data/901832/000165495421000731/a7287m.htm,https://www.sec.gov/Archives/edgar/data/901832/000165495421000731/
6-K,2021-01-20,2021-01-20,,0001654954-21-000641,https://www.sec.gov/Archives/edgar/data/901832/000165495421000641/a2825m.htm,https://www.sec.gov/Archives/edgar/data/901832/000165495421000641/
6-K,2021-01-19,2021-01-19,,0001654954-21-000566,https://www.sec.gov/Archives/edgar/data/901832/000165495421000566/a9827l.htm,https://www.sec.gov/Archives/edgar/data/901832/000165495421000566/
6-K,2021-01-15,2021-01-15,,0001654954-21-000491,https://www.sec.gov/Archives/edgar/data/901832/000165495421000491/a8329l.htm,https://www.sec.gov/Archives/edgar/data/901832/000165495421000491/
6-K,2021-01-06,2021-01-06,,0001654954-21-000174,https://www.sec.gov/Archives/edgar/data/901832/000165495421000174/a7320k.htm,https://www.sec.gov/Archives/edgar/data/901832/000165495421000174/
6-K,2021-01-04,2021-01-04,,0001654954-21-000040,https://www.sec.gov/Archives/edgar/data/901832/000165495421000040/a4805k.htm,https://www.sec.gov/Archives/edgar/data/901832/000165495421000040/
6-K,2021-01-04,2021-01-04,,0001654954-21-000011,https://www.sec.gov/Archives/edgar/data/901832/000165495421000011/a3969k.htm,https://www.sec.gov/Archives/edgar/data/901832/000165495421000011/
6-K,2020-12-30,2020-12-30,,0001654954-20-013987,https://www.sec.gov/Archives/edgar/data/901832/000165495420013987/a1114k.htm,https://www.sec.gov/Archives/edgar/data/901832/000165495420013987/
6-K,2020-12-29,2020-12-29,,0001654954-20-013935,https://www.sec.gov/Archives/edgar/data/901832/000165495420013935/a9403j.htm,https://www.sec.gov/Archives/edgar/data/901832/000165495420013935/
6-K,2020-12-21,2020-12-21,,0001654954-20-013770,https://www.sec.gov/Archives/edgar/data/901832/000165495420013770/a3346j.htm,https://www.sec.gov/Archives/edgar/data/901832/000165495420013770/
6-K,2020-12-21,2020-12-21,,0001654954-20-013764,https://www.sec.gov/Archives/edgar/data/901832/000165495420013764/a2445j.htm,https://www.sec.gov/Archives/edgar/data/901832/000165495420013764/
6-K,2020-12-17,2020-12-17,,0001654954-20-013685,https://www.sec.gov/Archives/edgar/data/901832/000165495420013685/a0649j.htm,https://www.sec.gov/Archives/edgar/data/901832/000165495420013685/
6-K,2020-12-16,2020-12-16,,0001654954-20-013615,https://www.sec.gov/Archives/edgar/data/901832/000165495420013615/a9212i.htm,https://www.sec.gov/Archives/edgar/data/901832/000165495420013615/
6-K,2020-12-15,2020-12-15,,0001654954-20-013550,https://www.sec.gov/Archives/edgar/data/901832/000165495420013550/a6756i.htm,https://www.sec.gov/Archives/edgar/data/901832/000165495420013550/
6-K,2020-12-14,2020-12-14,,0001654954-20-013488,https://www.sec.gov/Archives/edgar/data/901832/000165495420013488/a5168i.htm,https://www.sec.gov/Archives/edgar/data/901832/000165495420013488/
6-K,2020-12-14,2020-12-14,,0001654954-20-013486,https://www.sec.gov/Archives/edgar/data/901832/000165495420013486/a5163i.htm,https://www.sec.gov/Archives/edgar/data/901832/000165495420013486/
6-K,2020-12-14,2020-12-14,,0001654954-20-013484,https://www.sec.gov/Archives/edgar/data/901832/000165495420013484/a4622i.htm,https://www.sec.gov/Archives/edgar/data/901832/000165495420013484/
6-K,2020-12-01,2020-12-01,,0001654954-20-013087,https://www.sec.gov/Archives/edgar/data/901832/000165495420013087/a1543h.htm,https://www.sec.gov/Archives/edgar/data/901832/000165495420013087/
6-K,2020-12-01,2020-12-01,,0001654954-20-013085,https://www.sec.gov/Archives/edgar/data/901832/000165495420013085/a1534h.htm,https://www.sec.gov/Archives/edgar/data/901832/000165495420013085/
6-K,2020-12-01,2020-12-01,,0001654954-20-013044,https://www.sec.gov/Archives/edgar/data/901832/000165495420013044/a0730h.htm,https://www.sec.gov/Archives/edgar/data/901832/000165495420013044/
6-K,2020-11-30,2020-11-30,,0001654954-20-012975,https://www.sec.gov/Archives/edgar/data/901832/000165495420012975/a8902g.htm,https://www.sec.gov/Archives/edgar/data/901832/000165495420012975/
6-K,2020-11-23,2020-11-23,,0001654954-20-012768,https://www.sec.gov/Archives/edgar/data/901832/000165495420012768/a1393g.htm,https://www.sec.gov/Archives/edgar/data/901832/000165495420012768/
6-K,2020-11-20,2020-11-20,,0001654954-20-012743,https://www.sec.gov/Archives/edgar/data/901832/000165495420012743/a9932f.htm,https://www.sec.gov/Archives/edgar/data/901832/000165495420012743/
6-K,2020-11-10,2020-11-10,,0001654954-20-012063,https://www.sec.gov/Archives/edgar/data/901832/000165495420012063/a8037e.htm,https://www.sec.gov/Archives/edgar/data/901832/000165495420012063/
6-K,2020-11-09,2020-11-09,,0001654954-20-011954,https://www.sec.gov/Archives/edgar/data/901832/000165495420011954/a6391e.htm,https://www.sec.gov/Archives/edgar/data/901832/000165495420011954/
6-K,2020-11-06,2020-11-06,,0001654954-20-011914,https://www.sec.gov/Archives/edgar/data/901832/000165495420011914/a4960e.htm,https://www.sec.gov/Archives/edgar/data/901832/000165495420011914/
6-K,2020-11-05,2020-11-05,,0001654954-20-011868,https://www.sec.gov/Archives/edgar/data/901832/000165495420011868/a3158e.htm,https://www.sec.gov/Archives/edgar/data/901832/000165495420011868/
6-K,2020-11-05,2020-11-05,,0001654954-20-011853,https://www.sec.gov/Archives/edgar/data/901832/000165495420011853/a3141e.htm,https://www.sec.gov/Archives/edgar/data/901832/000165495420011853/
6-K,2020-11-05,2020-11-05,,0001654954-20-011851,https://www.sec.gov/Archives/edgar/data/901832/000165495420011851/a3113e.htm,https://www.sec.gov/Archives/edgar/data/901832/000165495420011851/
6-K,2020-11-05,2020-11-05,,0001654954-20-011849,https://www.sec.gov/Archives/edgar/data/901832/000165495420011849/a3111e.htm,https://www.sec.gov/Archives/edgar/data/901832/000165495420011849/
6-K,2020-11-02,2020-11-02,,0001654954-20-011697,https://www.sec.gov/Archives/edgar/data/901832/000165495420011697/a9472d.htm,https://www.sec.gov/Archives/edgar/data/901832/000165495420011697/
6-K,2020-10-30,2020-10-30,,0001654954-20-011616,https://www.sec.gov/Archives/edgar/data/901832/000165495420011616/a7408d.htm,https://www.sec.gov/Archives/edgar/data/901832/000165495420011616/
6-K,2020-10-29,2020-10-29,,0001654954-20-011554,https://www.sec.gov/Archives/edgar/data/901832/000165495420011554/a5471d.htm,https://www.sec.gov/Archives/edgar/data/901832/000165495420011554/
6-K,2020-10-28,2020-10-28,,0001654954-20-011505,https://www.sec.gov/Archives/edgar/data/901832/000165495420011505/a4508d.htm,https://www.sec.gov/Archives/edgar/data/901832/000165495420011505/
6-K,2020-10-28,2020-10-28,,0001654954-20-011503,https://www.sec.gov/Archives/edgar/data/901832/000165495420011503/a4505d.htm,https://www.sec.gov/Archives/edgar/data/901832/000165495420011503/
6-K,2020-10-20,2020-10-20,,0001654954-20-011271,https://www.sec.gov/Archives/edgar/data/901832/000165495420011271/a6219c.htm,https://www.sec.gov/Archives/edgar/data/901832/000165495420011271/
6-K,2020-10-19,2020-10-19,,0001654954-20-011249,https://www.sec.gov/Archives/edgar/data/901832/000165495420011249/a4479c.htm,https://www.sec.gov/Archives/edgar/data/901832/000165495420011249/
6-K,2020-10-19,2020-10-19,,0001654954-20-011247,https://www.sec.gov/Archives/edgar/data/901832/000165495420011247/a4477c.htm,https://www.sec.gov/Archives/edgar/data/901832/000165495420011247/
6-K,2020-10-13,2020-10-13,,0001654954-20-010994,https://www.sec.gov/Archives/edgar/data/901832/000165495420010994/a7051b.htm,https://www.sec.gov/Archives/edgar/data/901832/000165495420010994/
6-K,2020-10-02,2020-10-02,,0001654954-20-010745,https://www.sec.gov/Archives/edgar/data/901832/000165495420010745/a9316a.htm,https://www.sec.gov/Archives/edgar/data/901832/000165495420010745/
6-K,2020-10-01,2020-10-01,,0001654954-20-010709,https://www.sec.gov/Archives/edgar/data/901832/000165495420010709/a8302a.htm,https://www.sec.gov/Archives/edgar/data/901832/000165495420010709/
6-K,2020-09-25,2020-09-25,,0001654954-20-010434,https://www.sec.gov/Archives/edgar/data/901832/000165495420010434/a0739a.htm,https://www.sec.gov/Archives/edgar/data/901832/000165495420010434/
6-K,2020-09-21,2020-09-21,,0001654954-20-010262,https://www.sec.gov/Archives/edgar/data/901832/000165495420010262/a5532z.htm,https://www.sec.gov/Archives/edgar/data/901832/000165495420010262/
6-K,2020-09-21,2020-09-21,,0001654954-20-010257,https://www.sec.gov/Archives/edgar/data/901832/000165495420010257/a5530z.htm,https://www.sec.gov/Archives/edgar/data/901832/000165495420010257/
6-K,2020-09-21,2020-09-21,,0001654954-20-010255,https://www.sec.gov/Archives/edgar/data/901832/000165495420010255/a5021z.htm,https://www.sec.gov/Archives/edgar/data/901832/000165495420010255/
6-K,2020-09-10,2020-09-10,,0001654954-20-009961,https://www.sec.gov/Archives/edgar/data/901832/000165495420009961/a5949y.htm,https://www.sec.gov/Archives/edgar/data/901832/000165495420009961/
6-K,2020-09-10,2020-09-10,,0001654954-20-009956,https://www.sec.gov/Archives/edgar/data/901832/000165495420009956/a5943y.htm,https://www.sec.gov/Archives/edgar/data/901832/000165495420009956/
6-K,2020-09-01,2020-09-01,,0001654954-20-009700,https://www.sec.gov/Archives/edgar/data/901832/000165495420009700/a6718x.htm,https://www.sec.gov/Archives/edgar/data/901832/000165495420009700/
6-K,2020-09-01,2020-09-01,,0001654954-20-009679,https://www.sec.gov/Archives/edgar/data/901832/000165495420009679/a5813x.htm,https://www.sec.gov/Archives/edgar/data/901832/000165495420009679/
6-K,2020-09-01,2020-09-01,,0001654954-20-009677,https://www.sec.gov/Archives/edgar/data/901832/000165495420009677/a5586x.htm,https://www.sec.gov/Archives/edgar/data/901832/000165495420009677/
6-K,2020-08-25,2020-08-25,,0001654954-20-009476,https://www.sec.gov/Archives/edgar/data/901832/000165495420009476/a0200x.htm,https://www.sec.gov/Archives/edgar/data/901832/000165495420009476/
6-K,2020-08-21,2020-08-21,,0001654954-20-009398,https://www.sec.gov/Archives/edgar/data/901832/000165495420009398/a8089w.htm,https://www.sec.gov/Archives/edgar/data/901832/000165495420009398/
6-K,2020-08-18,2020-08-18,,0001654954-20-009267,https://www.sec.gov/Archives/edgar/data/901832/000165495420009267/a4286w.htm,https://www.sec.gov/Archives/edgar/data/901832/000165495420009267/
6-K,2020-08-06,2020-08-06,,0000950103-20-015394,https://www.sec.gov/Archives/edgar/data/901832/000095010320015394/dp134017_6k.htm,https://www.sec.gov/Archives/edgar/data/901832/000095010320015394/
6-K,2020-08-04,2020-08-04,,0001654954-20-008339,https://www.sec.gov/Archives/edgar/data/901832/000165495420008339/a0073v.htm,https://www.sec.gov/Archives/edgar/data/901832/000165495420008339/
6-K,2020-08-03,2020-08-03,,0001654954-20-008312,https://www.sec.gov/Archives/edgar/data/901832/000165495420008312/a9604u.htm,https://www.sec.gov/Archives/edgar/data/901832/000165495420008312/
6-K,2020-07-30,2020-07-30,,0001654954-20-008163,https://www.sec.gov/Archives/edgar/data/901832/000165495420008163/a5880uv2.htm,https://www.sec.gov/Archives/edgar/data/901832/000165495420008163/
6-K,2020-07-30,2020-07-30,,0001654954-20-008147,https://www.sec.gov/Archives/edgar/data/901832/000165495420008147/a5855u.htm,https://www.sec.gov/Archives/edgar/data/901832/000165495420008147/
6-K,2020-07-29,2020-07-29,,0001654954-20-008089,https://www.sec.gov/Archives/edgar/data/901832/000165495420008089/a3896u.htm,https://www.sec.gov/Archives/edgar/data/901832/000165495420008089/
6-K,2020-07-28,2020-07-28,,0001654954-20-008051,https://www.sec.gov/Archives/edgar/data/901832/000165495420008051/a3045u.htm,https://www.sec.gov/Archives/edgar/data/901832/000165495420008051/
6-K,2020-07-27,2020-07-27,,0001654954-20-008021,https://www.sec.gov/Archives/edgar/data/901832/000165495420008021/a1371u.htm,https://www.sec.gov/Archives/edgar/data/901832/000165495420008021/
6-K,2020-07-27,2020-07-27,,0001654954-20-008018,https://www.sec.gov/Archives/edgar/data/901832/000165495420008018/a1373u.htm,https://www.sec.gov/Archives/edgar/data/901832/000165495420008018/
6-K,2020-07-27,2020-07-27,,0001654954-20-008017,https://www.sec.gov/Archives/edgar/data/901832/000165495420008017/a1369u.htm,https://www.sec.gov/Archives/edgar/data/901832/000165495420008017/
6-K,2020-07-24,2020-07-24,,0001654954-20-007972,https://www.sec.gov/Archives/edgar/data/901832/000165495420007972/a9975t.htm,https://www.sec.gov/Archives/edgar/data/901832/000165495420007972/
6-K,2020-07-22,2020-07-22,,0001654954-20-007888,https://www.sec.gov/Archives/edgar/data/901832/000165495420007888/a7689t.htm,https://www.sec.gov/Archives/edgar/data/901832/000165495420007888/
6-K,2020-07-22,2020-07-22,,0001654954-20-007885,https://www.sec.gov/Archives/edgar/data/901832/000165495420007885/a7687t.htm,https://www.sec.gov/Archives/edgar/data/901832/000165495420007885/
6-K,2020-07-21,2020-07-21,,0001654954-20-007848,https://www.sec.gov/Archives/edgar/data/901832/000165495420007848/a5528t.htm,https://www.sec.gov/Archives/edgar/data/901832/000165495420007848/
6-K,2020-07-21,2020-07-21,,0001654954-20-007845,https://www.sec.gov/Archives/edgar/data/901832/000165495420007845/a5526t.htm,https://www.sec.gov/Archives/edgar/data/901832/000165495420007845/
6-K,2020-07-20,2020-07-20,,0001654954-20-007825,https://www.sec.gov/Archives/edgar/data/901832/000165495420007825/a5255t.htm,https://www.sec.gov/Archives/edgar/data/901832/000165495420007825/
6-K,2020-07-16,2020-07-16,,0001654954-20-007755,https://www.sec.gov/Archives/edgar/data/901832/000165495420007755/a1175t.htm,https://www.sec.gov/Archives/edgar/data/901832/000165495420007755/
6-K,2020-07-09,2020-07-09,,0001654954-20-007480,https://www.sec.gov/Archives/edgar/data/901832/000165495420007480/a5189s.htm,https://www.sec.gov/Archives/edgar/data/901832/000165495420007480/
6-K,2020-07-08,2020-07-08,,0001654954-20-007436,https://www.sec.gov/Archives/edgar/data/901832/000165495420007436/a3708s.htm,https://www.sec.gov/Archives/edgar/data/901832/000165495420007436/
6-K,2020-07-01,2020-07-01,,0001654954-20-007216,https://www.sec.gov/Archives/edgar/data/901832/000165495420007216/a7381r.htm,https://www.sec.gov/Archives/edgar/data/901832/000165495420007216/
6-K,2020-06-30,2020-06-30,,0001654954-20-007129,https://www.sec.gov/Archives/edgar/data/901832/000165495420007129/a5568r.htm,https://www.sec.gov/Archives/edgar/data/901832/000165495420007129/
6-K,2020-06-30,2020-06-30,,0001654954-20-007114,https://www.sec.gov/Archives/edgar/data/901832/000165495420007114/a4970r.htm,https://www.sec.gov/Archives/edgar/data/901832/000165495420007114/
6-K,2020-06-17,2020-06-17,,0001654954-20-006721,https://www.sec.gov/Archives/edgar/data/901832/000165495420006721/a2558q.htm,https://www.sec.gov/Archives/edgar/data/901832/000165495420006721/
6-K,2020-06-17,2020-06-17,,0001654954-20-006719,https://www.sec.gov/Archives/edgar/data/901832/000165495420006719/a2553q.htm,https://www.sec.gov/Archives/edgar/data/901832/000165495420006719/
6-K,2020-06-15,2020-06-15,,0001654954-20-006596,https://www.sec.gov/Archives/edgar/data/901832/000165495420006596/a8921p.htm,https://www.sec.gov/Archives/edgar/data/901832/000165495420006596/
6-K,2020-06-11,2020-06-11,,0001654954-20-006476,https://www.sec.gov/Archives/edgar/data/901832/000165495420006476/a6018p.htm,https://www.sec.gov/Archives/edgar/data/901832/000165495420006476/
6-K,2020-06-01,2020-06-01,,0001654954-20-006192,https://www.sec.gov/Archives/edgar/data/901832/000165495420006192/a5649o.htm,https://www.sec.gov/Archives/edgar/data/901832/000165495420006192/
6-K,2020-06-01,2020-06-01,,0001654954-20-006190,https://www.sec.gov/Archives/edgar/data/901832/000165495420006190/a5617o.htm,https://www.sec.gov/Archives/edgar/data/901832/000165495420006190/
6-K,2020-06-01,2020-06-01,,0001654954-20-006141,https://www.sec.gov/Archives/edgar/data/901832/000165495420006141/a5013o.htm,https://www.sec.gov/Archives/edgar/data/901832/000165495420006141/
6-K,2020-06-01,2020-06-01,,0001654954-20-006139,https://www.sec.gov/Archives/edgar/data/901832/000165495420006139/a5007o.htm,https://www.sec.gov/Archives/edgar/data/901832/000165495420006139/
6-K,2020-05-29,2020-05-29,,0001654954-20-006071,https://www.sec.gov/Archives/edgar/data/901832/000165495420006071/a3961o1.htm,https://www.sec.gov/Archives/edgar/data/901832/000165495420006071/
6-K,2020-05-29,2020-05-29,,0001654954-20-006069,https://www.sec.gov/Archives/edgar/data/901832/000165495420006069/a3956o2.htm,https://www.sec.gov/Archives/edgar/data/901832/000165495420006069/
6-K,2020-05-29,2020-05-29,,0001654954-20-006060,https://www.sec.gov/Archives/edgar/data/901832/000165495420006060/a2952o.htm,https://www.sec.gov/Archives/edgar/data/901832/000165495420006060/
6-K,2020-05-26,2020-05-26,,0001654954-20-005945,https://www.sec.gov/Archives/edgar/data/901832/000165495420005945/a9151n.htm,https://www.sec.gov/Archives/edgar/data/901832/000165495420005945/
6-K,2020-05-22,2020-05-22,,0001654954-20-005894,https://www.sec.gov/Archives/edgar/data/901832/000165495420005894/a7390n.htm,https://www.sec.gov/Archives/edgar/data/901832/000165495420005894/
6-K,2020-05-21,2020-05-21,,0001654954-20-005856,https://www.sec.gov/Archives/edgar/data/901832/000165495420005856/a5975n.htm,https://www.sec.gov/Archives/edgar/data/901832/000165495420005856/
6-K,2020-05-20,2020-05-20,,0001654954-20-005803,https://www.sec.gov/Archives/edgar/data/901832/000165495420005803/a4589.htm,https://www.sec.gov/Archives/edgar/data/901832/000165495420005803/
6-K,2020-05-18,2020-05-18,,0001654954-20-005690,https://www.sec.gov/Archives/edgar/data/901832/000165495420005690/a1713n.htm,https://www.sec.gov/Archives/edgar/data/901832/000165495420005690/
6-K,2020-05-18,2020-05-18,,0001654954-20-005688,https://www.sec.gov/Archives/edgar/data/901832/000165495420005688/a1711n.htm,https://www.sec.gov/Archives/edgar/data/901832/000165495420005688/
6-K,2020-05-11,2020-05-11,,0001654954-20-005119,https://www.sec.gov/Archives/edgar/data/901832/000165495420005119/a4552m.htm,https://www.sec.gov/Archives/edgar/data/901832/000165495420005119/
6-K,2020-05-11,2020-05-11,,0001654954-20-005118,https://www.sec.gov/Archives/edgar/data/901832/000165495420005118/a4546m.htm,https://www.sec.gov/Archives/edgar/data/901832/000165495420005118/
6-K,2020-05-11,2020-05-11,,0001654954-20-005116,https://www.sec.gov/Archives/edgar/data/901832/000165495420005116/a4496m.htm,https://www.sec.gov/Archives/edgar/data/901832/000165495420005116/
6-K,2020-05-06,2020-05-06,,0001654954-20-004956,https://www.sec.gov/Archives/edgar/data/901832/000165495420004956/a0848m.htm,https://www.sec.gov/Archives/edgar/data/901832/000165495420004956/
6-K,2020-05-01,2020-05-01,,0001654954-20-004781,https://www.sec.gov/Archives/edgar/data/901832/000165495420004781/a6993l.htm,https://www.sec.gov/Archives/edgar/data/901832/000165495420004781/
6-K,2020-04-29,2020-04-29,,0001654954-20-004619,https://www.sec.gov/Archives/edgar/data/901832/000165495420004619/a3758l.htm,https://www.sec.gov/Archives/edgar/data/901832/000165495420004619/
6-K,2020-04-29,2020-04-29,,0001654954-20-004573,https://www.sec.gov/Archives/edgar/data/901832/000165495420004573/a2404l.htm,https://www.sec.gov/Archives/edgar/data/901832/000165495420004573/
6-K,2020-04-24,2020-04-24,,0001654954-20-004367,https://www.sec.gov/Archives/edgar/data/901832/000165495420004367/a7693k.htm,https://www.sec.gov/Archives/edgar/data/901832/000165495420004367/
6-K,2020-04-17,2020-04-17,,0001654954-20-004183,https://www.sec.gov/Archives/edgar/data/901832/000165495420004183/a0265k.htm,https://www.sec.gov/Archives/edgar/data/901832/000165495420004183/
6-K,2020-04-14,2020-04-14,,0001654954-20-004015,https://www.sec.gov/Archives/edgar/data/901832/000165495420004015/a4959j.htm,https://www.sec.gov/Archives/edgar/data/901832/000165495420004015/
6-K,2020-04-14,2020-04-14,,0001654954-20-004011,https://www.sec.gov/Archives/edgar/data/901832/000165495420004011/a4957j.htm,https://www.sec.gov/Archives/edgar/data/901832/000165495420004011/
6-K,2020-04-02,2020-04-02,,0001654954-20-003694,https://www.sec.gov/Archives/edgar/data/901832/000165495420003694/a5496i.htm,https://www.sec.gov/Archives/edgar/data/901832/000165495420003694/
6-K,2020-04-01,2020-04-01,,0001654954-20-003668,https://www.sec.gov/Archives/edgar/data/901832/000165495420003668/a4454i.htm,https://www.sec.gov/Archives/edgar/data/901832/000165495420003668/
6-K,2020-03-31,2020-03-31,,0001654954-20-003551,https://www.sec.gov/Archives/edgar/data/901832/000165495420003551/a1312i.htm,https://www.sec.gov/Archives/edgar/data/901832/000165495420003551/
6-K,2020-03-30,2020-03-30,,0001654954-20-003408,https://www.sec.gov/Archives/edgar/data/901832/000165495420003408/a0051i.htm,https://www.sec.gov/Archives/edgar/data/901832/000165495420003408/
6-K,2020-03-30,2020-03-30,,0001654954-20-003406,https://www.sec.gov/Archives/edgar/data/901832/000165495420003406/a0057i.htm,https://www.sec.gov/Archives/edgar/data/901832/000165495420003406/
6-K,2020-03-26,2020-03-26,,0001654954-20-003244,https://www.sec.gov/Archives/edgar/data/901832/000165495420003244/a6259h.htm,https://www.sec.gov/Archives/edgar/data/901832/000165495420003244/
6-K,2020-03-26,2020-03-26,,0001654954-20-003241,https://www.sec.gov/Archives/edgar/data/901832/000165495420003241/a6835h.htm,https://www.sec.gov/Archives/edgar/data/901832/000165495420003241/
6-K,2020-03-20,2020-03-20,,0001654954-20-002891,https://www.sec.gov/Archives/edgar/data/901832/000165495420002891/a8885g.htm,https://www.sec.gov/Archives/edgar/data/901832/000165495420002891/
6-K,2020-03-19,2020-03-19,,0001654954-20-002846,https://www.sec.gov/Archives/edgar/data/901832/000165495420002846/a7611g.htm,https://www.sec.gov/Archives/edgar/data/901832/000165495420002846/
6-K,2020-03-17,2020-03-17,,0001654954-20-002751,https://www.sec.gov/Archives/edgar/data/901832/000165495420002751/a4187g.htm,https://www.sec.gov/Archives/edgar/data/901832/000165495420002751/
6-K,2020-03-12,2020-03-12,,0001104659-20-032157,https://www.sec.gov/Archives/edgar/data/901832/000110465920032157/a20-12289_16k.htm,https://www.sec.gov/Archives/edgar/data/901832/000110465920032157/
6-K,2020-03-12,2020-03-12,,0001654954-20-002527,https://www.sec.gov/Archives/edgar/data/901832/000165495420002527/a8387f.htm,https://www.sec.gov/Archives/edgar/data/901832/000165495420002527/
6-K,2020-03-12,2020-03-12,,0001654954-20-002519,https://www.sec.gov/Archives/edgar/data/901832/000165495420002519/a8946f.htm,https://www.sec.gov/Archives/edgar/data/901832/000165495420002519/
6-K,2020-03-10,2020-03-10,,0001654954-20-002403,https://www.sec.gov/Archives/edgar/data/901832/000165495420002403/a5051f.htm,https://www.sec.gov/Archives/edgar/data/901832/000165495420002403/
6-K,2020-03-06,2020-03-06,,0001654954-20-002304,https://www.sec.gov/Archives/edgar/data/901832/000165495420002304/a2583f.htm,https://www.sec.gov/Archives/edgar/data/901832/000165495420002304/
6-K,2020-03-04,2020-03-04,,0001654954-20-002215,https://www.sec.gov/Archives/edgar/data/901832/000165495420002215/a9158e.htm,https://www.sec.gov/Archives/edgar/data/901832/000165495420002215/
20-F,2020-03-03,2019-12-31,,0001104659-20-028557,https://www.sec.gov/Archives/edgar/data/901832/000110465920028557/a20-5700_120f.htm,https://www.sec.gov/Archives/edgar/data/901832/000110465920028557/
6-K,2020-03-03,2020-03-03,,0001654954-20-002167,https://www.sec.gov/Archives/edgar/data/901832/000165495420002167/a8488e.htm,https://www.sec.gov/Archives/edgar/data/901832/000165495420002167/
6-K,2020-03-02,2020-03-02,,0001654954-20-002118,https://www.sec.gov/Archives/edgar/data/901832/000165495420002118/a7258e.htm,https://www.sec.gov/Archives/edgar/data/901832/000165495420002118/
6-K,2020-03-02,2020-03-02,,0001654954-20-002098,https://www.sec.gov/Archives/edgar/data/901832/000165495420002098/a6422e.htm,https://www.sec.gov/Archives/edgar/data/901832/000165495420002098/
6-K,2020-02-27,2020-02-27,,0001654954-20-001963,https://www.sec.gov/Archives/edgar/data/901832/000165495420001963/a2449e.htm,https://www.sec.gov/Archives/edgar/data/901832/000165495420001963/
6-K,2020-02-25,2020-02-25,,0001654954-20-001896,https://www.sec.gov/Archives/edgar/data/901832/000165495420001896/a0212e.htm,https://www.sec.gov/Archives/edgar/data/901832/000165495420001896/
6-K,2020-02-19,2020-02-19,,0001654954-20-001708,https://www.sec.gov/Archives/edgar/data/901832/000165495420001708/a3832d.htm,https://www.sec.gov/Archives/edgar/data/901832/000165495420001708/
6-K,2020-02-14,2020-02-14,,0001654954-20-001577,https://www.sec.gov/Archives/edgar/data/901832/000165495420001577/a9843cnew.htm,https://www.sec.gov/Archives/edgar/data/901832/000165495420001577/
6-K,2020-02-03,2020-02-03,,0001654954-20-001054,https://www.sec.gov/Archives/edgar/data/901832/000165495420001054/a7794b.htm,https://www.sec.gov/Archives/edgar/data/901832/000165495420001054/
6-K,2020-01-27,2020-01-27,,0001654954-20-000758,https://www.sec.gov/Archives/edgar/data/901832/000165495420000758/a9771a.htm,https://www.sec.gov/Archives/edgar/data/901832/000165495420000758/
6-K,2020-01-27,2020-01-27,,0001654954-20-000754,https://www.sec.gov/Archives/edgar/data/901832/000165495420000754/a9769a.htm,https://www.sec.gov/Archives/edgar/data/901832/000165495420000754/
6-K,2020-01-27,2020-01-27,,0001654954-20-000749,https://www.sec.gov/Archives/edgar/data/901832/000165495420000749/a9349a.htm,https://www.sec.gov/Archives/edgar/data/901832/000165495420000749/
6-K,2020-01-27,2020-01-27,,0001654954-20-000748,https://www.sec.gov/Archives/edgar/data/901832/000165495420000748/a9347a.htm,https://www.sec.gov/Archives/edgar/data/901832/000165495420000748/
6-K,2020-01-21,2020-01-20,,0001654954-20-000588,https://www.sec.gov/Archives/edgar/data/901832/000165495420000588/a2858a.htm,https://www.sec.gov/Archives/edgar/data/901832/000165495420000588/
6-K,2020-01-21,2020-01-20,,0001654954-20-000585,https://www.sec.gov/Archives/edgar/data/901832/000165495420000585/a2852a.htm,https://www.sec.gov/Archives/edgar/data/901832/000165495420000585/
6-K,2020-01-13,2020-01-13,,0001654954-20-000337,https://www.sec.gov/Archives/edgar/data/901832/000165495420000337/a5582z.htm,https://www.sec.gov/Archives/edgar/data/901832/000165495420000337/
6-K,2020-01-13,2020-01-13,,0001654954-20-000329,https://www.sec.gov/Archives/edgar/data/901832/000165495420000329/a5579z.htm,https://www.sec.gov/Archives/edgar/data/901832/000165495420000329/
6-K,2020-01-06,2020-01-06,,0001654954-20-000085,https://www.sec.gov/Archives/edgar/data/901832/000165495420000085/a8104y.htm,https://www.sec.gov/Archives/edgar/data/901832/000165495420000085/
6-K,2020-01-06,2020-01-06,,0001654954-20-000083,https://www.sec.gov/Archives/edgar/data/901832/000165495420000083/a8107y.htm,https://www.sec.gov/Archives/edgar/data/901832/000165495420000083/
6-K,2020-01-02,2020-01-02,,0001654954-20-000020,https://www.sec.gov/Archives/edgar/data/901832/000165495420000020/a5775y.htm,https://www.sec.gov/Archives/edgar/data/901832/000165495420000020/
6-K,2019-12-30,2019-12-30,,0001654954-19-014280,https://www.sec.gov/Archives/edgar/data/901832/000165495419014280/a2293y.htm,https://www.sec.gov/Archives/edgar/data/901832/000165495419014280/
6-K,2019-12-23,2019-12-23,,0001654954-19-014173,https://www.sec.gov/Archives/edgar/data/901832/000165495419014173/a7906x.htm,https://www.sec.gov/Archives/edgar/data/901832/000165495419014173/
6-K,2019-12-23,2019-12-23,,0001654954-19-014166,https://www.sec.gov/Archives/edgar/data/901832/000165495419014166/a7470x.htm,https://www.sec.gov/Archives/edgar/data/901832/000165495419014166/
6-K,2019-12-20,2019-12-20,,0001654954-19-014119,https://www.sec.gov/Archives/edgar/data/901832/000165495419014119/a6174x.htm,https://www.sec.gov/Archives/edgar/data/901832/000165495419014119/
6-K,2019-12-17,2019-12-17,,0001654954-19-014008,https://www.sec.gov/Archives/edgar/data/901832/000165495419014008/a2338x.htm,https://www.sec.gov/Archives/edgar/data/901832/000165495419014008/
6-K,2019-12-16,2019-12-16,,0001654954-19-013935,https://www.sec.gov/Archives/edgar/data/901832/000165495419013935/a9508w.htm,https://www.sec.gov/Archives/edgar/data/901832/000165495419013935/
6-K,2019-12-12,2019-12-12,,0001654954-19-013828,https://www.sec.gov/Archives/edgar/data/901832/000165495419013828/a6397w.htm,https://www.sec.gov/Archives/edgar/data/901832/000165495419013828/
6-K,2019-12-11,2019-12-11,,0001654954-19-013795,https://www.sec.gov/Archives/edgar/data/901832/000165495419013795/a5495w.htm,https://www.sec.gov/Archives/edgar/data/901832/000165495419013795/
6-K,2019-12-05,2019-12-05,,0001654954-19-013604,https://www.sec.gov/Archives/edgar/data/901832/000165495419013604/a7885v.htm,https://www.sec.gov/Archives/edgar/data/901832/000165495419013604/
6-K,2019-12-03,2019-12-03,,0001654954-19-013542,https://www.sec.gov/Archives/edgar/data/901832/000165495419013542/a4614v.htm,https://www.sec.gov/Archives/edgar/data/901832/000165495419013542/
6-K,2019-12-02,2019-12-02,,0001654954-19-013523,https://www.sec.gov/Archives/edgar/data/901832/000165495419013523/a3789v.htm,https://www.sec.gov/Archives/edgar/data/901832/000165495419013523/
6-K,2019-12-02,2019-12-02,,0001654954-19-013519,https://www.sec.gov/Archives/edgar/data/901832/000165495419013519/a3783v.htm,https://www.sec.gov/Archives/edgar/data/901832/000165495419013519/
6-K,2019-11-29,2019-11-29,,0001654954-19-013455,https://www.sec.gov/Archives/edgar/data/901832/000165495419013455/a1180v.htm,https://www.sec.gov/Archives/edgar/data/901832/000165495419013455/
6-K,2019-11-21,2019-11-21,,0001654954-19-013275,https://www.sec.gov/Archives/edgar/data/901832/000165495419013275/a2857u.htm,https://www.sec.gov/Archives/edgar/data/901832/000165495419013275/
6-K,2019-11-15,2019-11-15,,0001654954-19-013052,https://www.sec.gov/Archives/edgar/data/901832/000165495419013052/a5478t.htm,https://www.sec.gov/Archives/edgar/data/901832/000165495419013052/
6-K,2019-11-14,2019-11-14,,0001654954-19-012884,https://www.sec.gov/Archives/edgar/data/901832/000165495419012884/a3493t.htm,https://www.sec.gov/Archives/edgar/data/901832/000165495419012884/
6-K,2019-11-12,2019-11-12,,0001654954-19-012603,https://www.sec.gov/Archives/edgar/data/901832/000165495419012603/a0413t.htm,https://www.sec.gov/Archives/edgar/data/901832/000165495419012603/
6-K,2019-11-12,2019-11-12,,0001654954-19-012589,https://www.sec.gov/Archives/edgar/data/901832/000165495419012589/a8848s.htm,https://www.sec.gov/Archives/edgar/data/901832/000165495419012589/
6-K,2019-11-08,2019-11-08,,0001654954-19-012529,https://www.sec.gov/Archives/edgar/data/901832/000165495419012529/a7223s.htm,https://www.sec.gov/Archives/edgar/data/901832/000165495419012529/
6-K,2019-11-06,2019-11-06,,0001654954-19-012392,https://www.sec.gov/Archives/edgar/data/901832/000165495419012392/a5211s.htm,https://www.sec.gov/Archives/edgar/data/901832/000165495419012392/
6-K,2019-11-01,2019-11-01,,0001654954-19-012253,https://www.sec.gov/Archives/edgar/data/901832/000165495419012253/a0101s.htm,https://www.sec.gov/Archives/edgar/data/901832/000165495419012253/
6-K,2019-10-30,2019-10-30,,0001654954-19-012080,https://www.sec.gov/Archives/edgar/data/901832/000165495419012080/a5423r.htm,https://www.sec.gov/Archives/edgar/data/901832/000165495419012080/
6-K,2019-10-28,2019-10-28,,0001654954-19-012032,https://www.sec.gov/Archives/edgar/data/901832/000165495419012032/a3764r.htm,https://www.sec.gov/Archives/edgar/data/901832/000165495419012032/
6-K,2019-10-24,2019-10-24,,0001654954-19-011972,https://www.sec.gov/Archives/edgar/data/901832/000165495419011972/a9391q1.htm,https://www.sec.gov/Archives/edgar/data/901832/000165495419011972/
6-K,2019-10-21,2019-10-21,,0001654954-19-011880,https://www.sec.gov/Archives/edgar/data/901832/000165495419011880/a5066q.htm,https://www.sec.gov/Archives/edgar/data/901832/000165495419011880/
6-K,2019-10-17,2019-10-17,,0001654954-19-011810,https://www.sec.gov/Archives/edgar/data/901832/000165495419011810/a1966q.htm,https://www.sec.gov/Archives/edgar/data/901832/000165495419011810/
6-K,2019-10-04,2019-10-04,,0001654954-19-011463,https://www.sec.gov/Archives/edgar/data/901832/000165495419011463/a8426o.htm,https://www.sec.gov/Archives/edgar/data/901832/000165495419011463/
6-K,2019-10-04,2019-10-04,,0001654954-19-011461,https://www.sec.gov/Archives/edgar/data/901832/000165495419011461/a8418o.htm,https://www.sec.gov/Archives/edgar/data/901832/000165495419011461/
6-K,2019-10-04,2019-10-04,,0001654954-19-011455,https://www.sec.gov/Archives/edgar/data/901832/000165495419011455/a7461o.htm,https://www.sec.gov/Archives/edgar/data/901832/000165495419011455/
6-K,2019-10-03,2019-10-03,,0001654954-19-011417,https://www.sec.gov/Archives/edgar/data/901832/000165495419011417/a7246o.htm,https://www.sec.gov/Archives/edgar/data/901832/000165495419011417/
6-K,2019-10-01,2019-10-01,,0001654954-19-011299,https://www.sec.gov/Archives/edgar/data/901832/000165495419011299/a3605o.htm,https://www.sec.gov/Archives/edgar/data/901832/000165495419011299/
6-K,2019-10-01,2019-10-01,,0001654954-19-011282,https://www.sec.gov/Archives/edgar/data/901832/000165495419011282/a2878o.htm,https://www.sec.gov/Archives/edgar/data/901832/000165495419011282/
6-K,2019-10-01,2019-10-01,,0001654954-19-011267,https://www.sec.gov/Archives/edgar/data/901832/000165495419011267/a2875o.htm,https://www.sec.gov/Archives/edgar/data/901832/000165495419011267/
6-K,2019-09-30,2019-09-30,,0001654954-19-011226,https://www.sec.gov/Archives/edgar/data/901832/000165495419011226/a1899o.htm,https://www.sec.gov/Archives/edgar/data/901832/000165495419011226/
6-K,2019-09-30,2019-09-30,,0001654954-19-011208,https://www.sec.gov/Archives/edgar/data/901832/000165495419011208/a0558o.htm,https://www.sec.gov/Archives/edgar/data/901832/000165495419011208/
6-K,2019-09-30,2019-09-30,,0001654954-19-011205,https://www.sec.gov/Archives/edgar/data/901832/000165495419011205/a0560o.htm,https://www.sec.gov/Archives/edgar/data/901832/000165495419011205/
6-K,2019-09-23,2019-09-23,,0001654954-19-011002,https://www.sec.gov/Archives/edgar/data/901832/000165495419011002/a2444n.htm,https://www.sec.gov/Archives/edgar/data/901832/000165495419011002/
6-K,2019-09-18,2019-09-18,,0001654954-19-010848,https://www.sec.gov/Archives/edgar/data/901832/000165495419010848/a7651m.htm,https://www.sec.gov/Archives/edgar/data/901832/000165495419010848/
6-K,2019-09-09,2019-09-09,,0001654954-19-010442,https://www.sec.gov/Archives/edgar/data/901832/000165495419010442/a5839l.htm,https://www.sec.gov/Archives/edgar/data/901832/000165495419010442/
6-K,2019-09-04,2019-09-04,,0001654954-19-010304,https://www.sec.gov/Archives/edgar/data/901832/000165495419010304/a1625l.htm,https://www.sec.gov/Archives/edgar/data/901832/000165495419010304/
6-K,2019-09-03,2019-09-03,,0001654954-19-010252,https://www.sec.gov/Archives/edgar/data/901832/000165495419010252/a9231k.htm,https://www.sec.gov/Archives/edgar/data/901832/000165495419010252/
6-K,2019-09-03,2019-09-03,,0001654954-19-010242,https://www.sec.gov/Archives/edgar/data/901832/000165495419010242/a8036k.htm,https://www.sec.gov/Archives/edgar/data/901832/000165495419010242/
6-K,2019-09-03,2019-09-03,,0001654954-19-010236,https://www.sec.gov/Archives/edgar/data/901832/000165495419010236/a8034k.htm,https://www.sec.gov/Archives/edgar/data/901832/000165495419010236/
6-K,2019-08-29,2019-08-29,,0001654954-19-010107,https://www.sec.gov/Archives/edgar/data/901832/000165495419010107/a5256k.htm,https://www.sec.gov/Archives/edgar/data/901832/000165495419010107/
6-K,2019-08-28,2019-08-28,,0001654954-19-010072,https://www.sec.gov/Archives/edgar/data/901832/000165495419010072/a3736k.htm,https://www.sec.gov/Archives/edgar/data/901832/000165495419010072/
6-K,2019-08-28,2019-08-28,,0001654954-19-010068,https://www.sec.gov/Archives/edgar/data/901832/000165495419010068/a3732k.htm,https://www.sec.gov/Archives/edgar/data/901832/000165495419010068/
6-K,2019-08-22,2019-08-22,,0001654954-19-009889,https://www.sec.gov/Archives/edgar/data/901832/000165495419009889/a8929j.htm,https://www.sec.gov/Archives/edgar/data/901832/000165495419009889/
6-K,2019-08-22,2019-08-22,,0001654954-19-009886,https://www.sec.gov/Archives/edgar/data/901832/000165495419009886/a8505j.htm,https://www.sec.gov/Archives/edgar/data/901832/000165495419009886/
6-K,2019-08-21,2019-08-21,,0001654954-19-009828,https://www.sec.gov/Archives/edgar/data/901832/000165495419009828/a7016j.htm,https://www.sec.gov/Archives/edgar/data/901832/000165495419009828/
6-K,2019-08-20,2019-08-20,,0001654954-19-009794,https://www.sec.gov/Archives/edgar/data/901832/000165495419009794/a5997j.htm,https://www.sec.gov/Archives/edgar/data/901832/000165495419009794/
6-K,2019-08-19,2019-08-19,,0001654954-19-009739,https://www.sec.gov/Archives/edgar/data/901832/000165495419009739/a4118j.htm,https://www.sec.gov/Archives/edgar/data/901832/000165495419009739/
6-K,2019-08-14,2019-08-14,,0001654954-19-009441,https://www.sec.gov/Archives/edgar/data/901832/000165495419009441/a9925i.htm,https://www.sec.gov/Archives/edgar/data/901832/000165495419009441/
6-K,2019-08-14,2019-08-14,,0001654954-19-009438,https://www.sec.gov/Archives/edgar/data/901832/000165495419009438/a9933i.htm,https://www.sec.gov/Archives/edgar/data/901832/000165495419009438/
6-K,2019-08-09,2019-08-09,,0001654954-19-009099,https://www.sec.gov/Archives/edgar/data/901832/000165495419009099/a5535iamendment.htm,https://www.sec.gov/Archives/edgar/data/901832/000165495419009099/
6-K,2019-08-07,2019-08-07,,0001654954-19-008934,https://www.sec.gov/Archives/edgar/data/901832/000165495419008934/a2083i.htm,https://www.sec.gov/Archives/edgar/data/901832/000165495419008934/
6-K,2019-08-05,2019-08-05,,0001654954-19-008795,https://www.sec.gov/Archives/edgar/data/901832/000165495419008795/a8660h.htm,https://www.sec.gov/Archives/edgar/data/901832/000165495419008795/
6-K,2019-08-01,2019-08-01,,0001654954-19-008729,https://www.sec.gov/Archives/edgar/data/901832/000165495419008729/a6173h.htm,https://www.sec.gov/Archives/edgar/data/901832/000165495419008729/
6-K,2019-07-25,2019-06-30,,0001104659-19-041809,https://www.sec.gov/Archives/edgar/data/901832/000110465919041809/a19-12893_16k.htm,https://www.sec.gov/Archives/edgar/data/901832/000110465919041809/
6-K,2019-07-15,2019-07-15,,0001654954-19-008237,https://www.sec.gov/Archives/edgar/data/901832/000165495419008237/a4976f.htm,https://www.sec.gov/Archives/edgar/data/901832/000165495419008237/
6-K,2019-07-12,2019-07-12,,0001654954-19-008191,https://www.sec.gov/Archives/edgar/data/901832/000165495419008191/a3075f.htm,https://www.sec.gov/Archives/edgar/data/901832/000165495419008191/
6-K,2019-07-01,2019-07-01,,0001654954-19-007830,https://www.sec.gov/Archives/edgar/data/901832/000165495419007830/a9357d.htm,https://www.sec.gov/Archives/edgar/data/901832/000165495419007830/
6-K,2019-07-01,2019-07-01,,0001654954-19-007829,https://www.sec.gov/Archives/edgar/data/901832/000165495419007829/a0712e.htm,https://www.sec.gov/Archives/edgar/data/901832/000165495419007829/
6-K,2019-07-01,2019-07-01,,0001654954-19-007826,https://www.sec.gov/Archives/edgar/data/901832/000165495419007826/a9327d.htm,https://www.sec.gov/Archives/edgar/data/901832/000165495419007826/
6-K,2019-06-27,2019-06-27,,0001654954-19-007708,https://www.sec.gov/Archives/edgar/data/901832/000165495419007708/a5770d.htm,https://www.sec.gov/Archives/edgar/data/901832/000165495419007708/
6-K,2019-06-19,2019-06-19,,0001654954-19-007455,https://www.sec.gov/Archives/edgar/data/901832/000165495419007455/a7213c.htm,https://www.sec.gov/Archives/edgar/data/901832/000165495419007455/
6-K,2019-06-19,2019-06-19,,0001654954-19-007454,https://www.sec.gov/Archives/edgar/data/901832/000165495419007454/a6835c.htm,https://www.sec.gov/Archives/edgar/data/901832/000165495419007454/
6-K,2019-06-19,2019-06-19,,0001654954-19-007452,https://www.sec.gov/Archives/edgar/data/901832/000165495419007452/a6830c.htm,https://www.sec.gov/Archives/edgar/data/901832/000165495419007452/
6-K,2019-06-18,2019-06-18,,0001654954-19-007417,https://www.sec.gov/Archives/edgar/data/901832/000165495419007417/a5409c.htm,https://www.sec.gov/Archives/edgar/data/901832/000165495419007417/
6-K,2019-06-17,2019-06-17,,0001654954-19-007369,https://www.sec.gov/Archives/edgar/data/901832/000165495419007369/a4354c.htm,https://www.sec.gov/Archives/edgar/data/901832/000165495419007369/
6-K,2019-06-12,2019-06-12,,0001654954-19-007220,https://www.sec.gov/Archives/edgar/data/901832/000165495419007220/a0178c.htm,https://www.sec.gov/Archives/edgar/data/901832/000165495419007220/
6-K,2019-06-06,2019-06-06,,0001654954-19-007027,https://www.sec.gov/Archives/edgar/data/901832/000165495419007027/a3503b.htm,https://www.sec.gov/Archives/edgar/data/901832/000165495419007027/
6-K,2019-06-03,2019-06-03,,0001654954-19-006854,https://www.sec.gov/Archives/edgar/data/901832/000165495419006854/a8394a.htm,https://www.sec.gov/Archives/edgar/data/901832/000165495419006854/
6-K,2019-06-03,2019-06-03,,0001654954-19-006846,https://www.sec.gov/Archives/edgar/data/901832/000165495419006846/a8390a.htm,https://www.sec.gov/Archives/edgar/data/901832/000165495419006846/
6-K,2019-06-03,2019-06-03,,0001654954-19-006820,https://www.sec.gov/Archives/edgar/data/901832/000165495419006820/a8506a.htm,https://www.sec.gov/Archives/edgar/data/901832/000165495419006820/
6-K,2019-05-10,2019-05-10,,0001654954-19-005594,https://www.sec.gov/Archives/edgar/data/901832/000165495419005594/a6305y.htm,https://www.sec.gov/Archives/edgar/data/901832/000165495419005594/
6-K,2019-05-08,2019-05-08,,0001654954-19-005428,https://www.sec.gov/Archives/edgar/data/901832/000165495419005428/a3968y.htm,https://www.sec.gov/Archives/edgar/data/901832/000165495419005428/
6-K,2019-05-08,2019-05-08,,0001654954-19-005426,https://www.sec.gov/Archives/edgar/data/901832/000165495419005426/a3755y.htm,https://www.sec.gov/Archives/edgar/data/901832/000165495419005426/
6-K,2019-05-08,2019-05-08,,0001654954-19-005423,https://www.sec.gov/Archives/edgar/data/901832/000165495419005423/a2933y.htm,https://www.sec.gov/Archives/edgar/data/901832/000165495419005423/
6-K,2019-05-07,2019-05-07,,0001654954-19-005361,https://www.sec.gov/Archives/edgar/data/901832/000165495419005361/a1215y.htm,https://www.sec.gov/Archives/edgar/data/901832/000165495419005361/
6-K,2019-05-03,2019-05-03,,0001654954-19-005215,https://www.sec.gov/Archives/edgar/data/901832/000165495419005215/a9638x.htm,https://www.sec.gov/Archives/edgar/data/901832/000165495419005215/
6-K,2019-05-01,2019-05-01,,0001654954-19-005103,https://www.sec.gov/Archives/edgar/data/901832/000165495419005103/a7776x.htm,https://www.sec.gov/Archives/edgar/data/901832/000165495419005103/
6-K,2019-05-01,2019-05-01,,0001654954-19-005087,https://www.sec.gov/Archives/edgar/data/901832/000165495419005087/a7562x.htm,https://www.sec.gov/Archives/edgar/data/901832/000165495419005087/
6-K,2019-04-29,2019-04-29,,0001654954-19-004921,https://www.sec.gov/Archives/edgar/data/901832/000165495419004921/a3645x.htm,https://www.sec.gov/Archives/edgar/data/901832/000165495419004921/
6-K,2019-04-26,2019-04-26,,0001654954-19-004880,https://www.sec.gov/Archives/edgar/data/901832/000165495419004880/a3125x.htm,https://www.sec.gov/Archives/edgar/data/901832/000165495419004880/
6-K,2019-04-26,2019-04-26,,0001654954-19-004837,https://www.sec.gov/Archives/edgar/data/901832/000165495419004837/a1704x.htm,https://www.sec.gov/Archives/edgar/data/901832/000165495419004837/
6-K,2019-04-10,2019-04-10,,0001654954-19-004209,https://www.sec.gov/Archives/edgar/data/901832/000165495419004209/a6871v.htm,https://www.sec.gov/Archives/edgar/data/901832/000165495419004209/
6-K,2019-04-04,2019-04-04,,0001654954-19-004052,https://www.sec.gov/Archives/edgar/data/901832/000165495419004052/a1694v.htm,https://www.sec.gov/Archives/edgar/data/901832/000165495419004052/
6-K,2019-04-03,2019-04-03,,0001654954-19-003986,https://www.sec.gov/Archives/edgar/data/901832/000165495419003986/a9874u.htm,https://www.sec.gov/Archives/edgar/data/901832/000165495419003986/
6-K,2019-04-02,2019-04-02,,0001654954-19-003934,https://www.sec.gov/Archives/edgar/data/901832/000165495419003934/a8735u.htm,https://www.sec.gov/Archives/edgar/data/901832/000165495419003934/
6-K,2019-04-01,2019-04-01,,0001654954-19-003781,https://www.sec.gov/Archives/edgar/data/901832/000165495419003781/a7148u.htm,https://www.sec.gov/Archives/edgar/data/901832/000165495419003781/
6-K,2019-04-01,2019-04-01,,0001654954-19-003729,https://www.sec.gov/Archives/edgar/data/901832/000165495419003729/a5844u.htm,https://www.sec.gov/Archives/edgar/data/901832/000165495419003729/
6-K,2019-03-29,2019-03-29,,0001654954-19-003672,https://www.sec.gov/Archives/edgar/data/901832/000165495419003672/a5642u.htm,https://www.sec.gov/Archives/edgar/data/901832/000165495419003672/
6-K,2019-03-29,2019-03-29,,0001654954-19-003592,https://www.sec.gov/Archives/edgar/data/901832/000165495419003592/a4052u.htm,https://www.sec.gov/Archives/edgar/data/901832/000165495419003592/
6-K,2019-03-27,2019-03-27,,0001654954-19-003428,https://www.sec.gov/Archives/edgar/data/901832/000165495419003428/a1400u.htm,https://www.sec.gov/Archives/edgar/data/901832/000165495419003428/
6-K,2019-03-25,2019-03-25,,0001654954-19-003136,https://www.sec.gov/Archives/edgar/data/901832/000165495419003136/a8484t.htm,https://www.sec.gov/Archives/edgar/data/901832/000165495419003136/
6-K,2019-03-18,2019-03-18,,0001654954-19-002844,https://www.sec.gov/Archives/edgar/data/901832/000165495419002844/a0968t.htm,https://www.sec.gov/Archives/edgar/data/901832/000165495419002844/
