form,filing_date,report_date,items,accession_number,primary_doc_url,filing_index_url
6-K,2026-07-21,2026-06-30,,0001114448-26-000012,https://www.sec.gov/Archives/edgar/data/1114448/000111444826000012/nvs-20260630.htm,https://www.sec.gov/Archives/edgar/data/1114448/000111444826000012/
6-K,2026-06-11,2026-06-11,,0001171843-26-004052,https://www.sec.gov/Archives/edgar/data/1114448/000117184326004052/f6k_061126.htm,https://www.sec.gov/Archives/edgar/data/1114448/000117184326004052/
6-K,2026-04-28,2026-03-31,,0001114448-26-000010,https://www.sec.gov/Archives/edgar/data/1114448/000111444826000010/a260428-6k.htm,https://www.sec.gov/Archives/edgar/data/1114448/000111444826000010/
6-K,2026-03-18,2026-03-18,,0001104659-26-031037,https://www.sec.gov/Archives/edgar/data/1114448/000110465926031037/tm268725d5_6k.htm,https://www.sec.gov/Archives/edgar/data/1114448/000110465926031037/
424B5,2026-03-17,,,0001104659-26-029551,https://www.sec.gov/Archives/edgar/data/1114448/000110465926029551/tm268725-2_424b5.htm,https://www.sec.gov/Archives/edgar/data/1114448/000110465926029551/
424B5,2026-03-16,,,0001104659-26-028048,https://www.sec.gov/Archives/edgar/data/1114448/000110465926028048/tm268725-1_424b5.htm,https://www.sec.gov/Archives/edgar/data/1114448/000110465926028048/
6-K,2026-02-04,2025-12-31,,0001114448-26-000008,https://www.sec.gov/Archives/edgar/data/1114448/000111444826000008/a260204rnfmar-6k.htm,https://www.sec.gov/Archives/edgar/data/1114448/000111444826000008/
6-K,2026-02-04,2025-12-31,,0001114448-26-000007,https://www.sec.gov/Archives/edgar/data/1114448/000111444826000007/a260204-6k.htm,https://www.sec.gov/Archives/edgar/data/1114448/000111444826000007/
20-F,2026-02-04,2025-12-31,,0001114448-26-000004,https://www.sec.gov/Archives/edgar/data/1114448/000111444826000004/nvs-20251231.htm,https://www.sec.gov/Archives/edgar/data/1114448/000111444826000004/
6-K,2025-11-25,2025-11-24,,0001171843-25-007547,https://www.sec.gov/Archives/edgar/data/1114448/000117184325007547/f6k_112425.htm,https://www.sec.gov/Archives/edgar/data/1114448/000117184325007547/
6-K,2025-11-20,2025-11-20,,0001171843-25-007445,https://www.sec.gov/Archives/edgar/data/1114448/000117184325007445/f6k_112025.htm,https://www.sec.gov/Archives/edgar/data/1114448/000117184325007445/
6-K,2025-11-05,2025-11-05,,0001104659-25-107058,https://www.sec.gov/Archives/edgar/data/1114448/000110465925107058/tm2529850d5_6k.htm,https://www.sec.gov/Archives/edgar/data/1114448/000110465925107058/
424B5,2025-11-04,,,0001104659-25-106338,https://www.sec.gov/Archives/edgar/data/1114448/000110465925106338/tm2529850-2_424b5.htm,https://www.sec.gov/Archives/edgar/data/1114448/000110465925106338/
424B5,2025-11-03,,,0001104659-25-105278,https://www.sec.gov/Archives/edgar/data/1114448/000110465925105278/tm2529850-1_424b5.htm,https://www.sec.gov/Archives/edgar/data/1114448/000110465925105278/
6-K,2025-10-28,2025-09-30,,0001114448-25-000003,https://www.sec.gov/Archives/edgar/data/1114448/000111444825000003/a251028-6k.htm,https://www.sec.gov/Archives/edgar/data/1114448/000111444825000003/
6-K,2025-10-27,2025-10-27,,0001171843-25-006660,https://www.sec.gov/Archives/edgar/data/1114448/000117184325006660/f6k_102625.htm,https://www.sec.gov/Archives/edgar/data/1114448/000117184325006660/
6-K,2025-09-30,2025-09-30,,0001171843-25-006196,https://www.sec.gov/Archives/edgar/data/1114448/000117184325006196/f6k_093025.htm,https://www.sec.gov/Archives/edgar/data/1114448/000117184325006196/
6-K,2025-08-11,2025-08-11,,0001171843-25-005290,https://www.sec.gov/Archives/edgar/data/1114448/000117184325005290/f6k_081125.htm,https://www.sec.gov/Archives/edgar/data/1114448/000117184325005290/
6-K,2025-07-17,2025-07-17,,0001171843-25-004531,https://www.sec.gov/Archives/edgar/data/1114448/000117184325004531/f6k_071725.htm,https://www.sec.gov/Archives/edgar/data/1114448/000117184325004531/
6-K,2025-07-17,2025-06-30,,0001370368-25-000012,https://www.sec.gov/Archives/edgar/data/1114448/000137036825000012/nvs-20250630.htm,https://www.sec.gov/Archives/edgar/data/1114448/000137036825000012/
6-K,2025-06-02,2025-04-03,,0001171843-25-003556,https://www.sec.gov/Archives/edgar/data/1114448/000117184325003556/f6k_060225.htm,https://www.sec.gov/Archives/edgar/data/1114448/000117184325003556/
6-K,2025-04-29,2025-03-31,,0001370368-25-000010,https://www.sec.gov/Archives/edgar/data/1114448/000137036825000010/a250429-6k.htm,https://www.sec.gov/Archives/edgar/data/1114448/000137036825000010/
6-K,2025-04-03,2025-04-03,,0001171843-25-001979,https://www.sec.gov/Archives/edgar/data/1114448/000117184325001979/f6k_040325.htm,https://www.sec.gov/Archives/edgar/data/1114448/000117184325001979/
6-K,2025-03-28,2025-03-28,,0001171843-25-001805,https://www.sec.gov/Archives/edgar/data/1114448/000117184325001805/f6k_032825.htm,https://www.sec.gov/Archives/edgar/data/1114448/000117184325001805/
6-K,2025-01-31,2024-12-31,,0001370368-25-000008,https://www.sec.gov/Archives/edgar/data/1114448/000137036825000008/a250131nisar-6k.htm,https://www.sec.gov/Archives/edgar/data/1114448/000137036825000008/
6-K,2025-01-31,2024-12-31,,0001370368-25-000007,https://www.sec.gov/Archives/edgar/data/1114448/000137036825000007/a250131-6k.htm,https://www.sec.gov/Archives/edgar/data/1114448/000137036825000007/
20-F,2025-01-31,2024-12-31,,0001370368-25-000004,https://www.sec.gov/Archives/edgar/data/1114448/000137036825000004/nvs-20241231.htm,https://www.sec.gov/Archives/edgar/data/1114448/000137036825000004/
6-K,2024-12-30,2024-12-30,,0001171843-24-007096,https://www.sec.gov/Archives/edgar/data/1114448/000117184324007096/f6k_123024.htm,https://www.sec.gov/Archives/edgar/data/1114448/000117184324007096/
6-K,2024-11-25,2024-11-21,,0001171843-24-006547,https://www.sec.gov/Archives/edgar/data/1114448/000117184324006547/f6k_112124.htm,https://www.sec.gov/Archives/edgar/data/1114448/000117184324006547/
6-K,2024-10-29,2024-10-29,,0001171843-24-005855,https://www.sec.gov/Archives/edgar/data/1114448/000117184324005855/f6k_102924.htm,https://www.sec.gov/Archives/edgar/data/1114448/000117184324005855/
6-K,2024-10-29,2024-09-30,,0001370368-24-000022,https://www.sec.gov/Archives/edgar/data/1114448/000137036824000022/a241029-6k.htm,https://www.sec.gov/Archives/edgar/data/1114448/000137036824000022/
6-K,2024-09-18,2024-09-18,,0001104659-24-100991,https://www.sec.gov/Archives/edgar/data/1114448/000110465924100991/tm2423681d8_6k.htm,https://www.sec.gov/Archives/edgar/data/1114448/000110465924100991/
424B5,2024-09-17,,,0001104659-24-100712,https://www.sec.gov/Archives/edgar/data/1114448/000110465924100712/tm2423681-5_424b5.htm,https://www.sec.gov/Archives/edgar/data/1114448/000110465924100712/
6-K,2024-09-17,2024-09-17,,0001171843-24-005228,https://www.sec.gov/Archives/edgar/data/1114448/000117184324005228/f6k_091724.htm,https://www.sec.gov/Archives/edgar/data/1114448/000117184324005228/
424B5,2024-09-16,,,0001104659-24-100040,https://www.sec.gov/Archives/edgar/data/1114448/000110465924100040/tm2423681-4_424b5.htm,https://www.sec.gov/Archives/edgar/data/1114448/000110465924100040/
6-K,2024-08-08,2024-08-07,,0001171843-24-004539,https://www.sec.gov/Archives/edgar/data/1114448/000117184324004539/f6k_080724.htm,https://www.sec.gov/Archives/edgar/data/1114448/000117184324004539/
6-K,2024-07-18,2024-06-30,,0001370368-24-000019,https://www.sec.gov/Archives/edgar/data/1114448/000137036824000019/nvs-20240630.htm,https://www.sec.gov/Archives/edgar/data/1114448/000137036824000019/
6-K,2024-04-23,2024-03-31,,0001370368-24-000017,https://www.sec.gov/Archives/edgar/data/1114448/000137036824000017/a240423-6k.htm,https://www.sec.gov/Archives/edgar/data/1114448/000137036824000017/
6-K,2024-01-31,2023-12-31,,0001370368-24-000008,https://www.sec.gov/Archives/edgar/data/1114448/000137036824000008/a240131nisar-6k.htm,https://www.sec.gov/Archives/edgar/data/1114448/000137036824000008/
6-K,2024-01-31,2023-12-31,,0001370368-24-000007,https://www.sec.gov/Archives/edgar/data/1114448/000137036824000007/a240131-6k.htm,https://www.sec.gov/Archives/edgar/data/1114448/000137036824000007/
20-F,2024-01-31,2023-12-31,,0001370368-24-000004,https://www.sec.gov/Archives/edgar/data/1114448/000137036824000004/nvs-20231231.htm,https://www.sec.gov/Archives/edgar/data/1114448/000137036824000004/
6-K,2024-01-08,2024-01-08,,0001171843-24-000110,https://www.sec.gov/Archives/edgar/data/1114448/000117184324000110/f6k_010824.htm,https://www.sec.gov/Archives/edgar/data/1114448/000117184324000110/
6-K,2023-12-11,2023-12-11,,0001171843-23-007527,https://www.sec.gov/Archives/edgar/data/1114448/000117184323007527/f6k_121123.htm,https://www.sec.gov/Archives/edgar/data/1114448/000117184323007527/
6-K,2023-12-06,2023-12-05,,0001171843-23-007448,https://www.sec.gov/Archives/edgar/data/1114448/000117184323007448/f6k_120523.htm,https://www.sec.gov/Archives/edgar/data/1114448/000117184323007448/
6-K,2023-11-28,2023-11-28,,0001171843-23-007295,https://www.sec.gov/Archives/edgar/data/1114448/000117184323007295/f6k_112823.htm,https://www.sec.gov/Archives/edgar/data/1114448/000117184323007295/
6-K,2023-10-30,2023-10-30,,0001171843-23-006515,https://www.sec.gov/Archives/edgar/data/1114448/000117184323006515/f6k_103023.htm,https://www.sec.gov/Archives/edgar/data/1114448/000117184323006515/
6-K,2023-10-24,2023-09-30,,0001370368-23-000068,https://www.sec.gov/Archives/edgar/data/1114448/000137036823000068/a231024-6k.htm,https://www.sec.gov/Archives/edgar/data/1114448/000137036823000068/
6-K,2023-10-04,2023-10-04,,0001171843-23-006034,https://www.sec.gov/Archives/edgar/data/1114448/000117184323006034/f6k_100423.htm,https://www.sec.gov/Archives/edgar/data/1114448/000117184323006034/
6-K,2023-10-02,2023-10-02,,0001171843-23-005961,https://www.sec.gov/Archives/edgar/data/1114448/000117184323005961/f6k_100223.htm,https://www.sec.gov/Archives/edgar/data/1114448/000117184323005961/
6-K,2023-09-05,2023-09-05,,0001171843-23-005541,https://www.sec.gov/Archives/edgar/data/1114448/000117184323005541/f6k_090523.htm,https://www.sec.gov/Archives/edgar/data/1114448/000117184323005541/
6-K,2023-08-21,2023-08-18,,0001171843-23-005373,https://www.sec.gov/Archives/edgar/data/1114448/000117184323005373/f6k_081823.htm,https://www.sec.gov/Archives/edgar/data/1114448/000117184323005373/
6-K,2023-08-09,2023-08-09,,0001171843-23-005125,https://www.sec.gov/Archives/edgar/data/1114448/000117184323005125/f6k_090823.htm,https://www.sec.gov/Archives/edgar/data/1114448/000117184323005125/
6-K,2023-07-18,2023-06-30,,0001370368-23-000059,https://www.sec.gov/Archives/edgar/data/1114448/000137036823000059/nvs-20230630.htm,https://www.sec.gov/Archives/edgar/data/1114448/000137036823000059/
6-K,2023-07-10,2023-07-07,,0001171843-23-004422,https://www.sec.gov/Archives/edgar/data/1114448/000117184323004422/f6k_070723.htm,https://www.sec.gov/Archives/edgar/data/1114448/000117184323004422/
6-K,2023-06-12,2023-06-12,,0001171843-23-003863,https://www.sec.gov/Archives/edgar/data/1114448/000117184323003863/f6k_061223.htm,https://www.sec.gov/Archives/edgar/data/1114448/000117184323003863/
6-K,2023-04-25,2023-03-31,,0001370368-23-000046,https://www.sec.gov/Archives/edgar/data/1114448/000137036823000046/a230425-6k.htm,https://www.sec.gov/Archives/edgar/data/1114448/000137036823000046/
6-K,2023-03-27,2023-03-27,,0001171843-23-001905,https://www.sec.gov/Archives/edgar/data/1114448/000117184323001905/f6k_032723.htm,https://www.sec.gov/Archives/edgar/data/1114448/000117184323001905/
6-K,2023-02-01,2022-12-31,,0001370368-23-000009,https://www.sec.gov/Archives/edgar/data/1114448/000137036823000009/a230201-nisar_6k.htm,https://www.sec.gov/Archives/edgar/data/1114448/000137036823000009/
6-K,2023-02-01,2022-12-31,,0001370368-23-000008,https://www.sec.gov/Archives/edgar/data/1114448/000137036823000008/a230201-6k.htm,https://www.sec.gov/Archives/edgar/data/1114448/000137036823000008/
20-F,2023-02-01,2022-12-31,,0001370368-23-000006,https://www.sec.gov/Archives/edgar/data/1114448/000137036823000006/nvs-20221231.htm,https://www.sec.gov/Archives/edgar/data/1114448/000137036823000006/
6-K,2022-12-05,2022-12-05,,0001171843-22-007817,https://www.sec.gov/Archives/edgar/data/1114448/000117184322007817/f6k_120522.htm,https://www.sec.gov/Archives/edgar/data/1114448/000117184322007817/
6-K,2022-10-25,2022-09-30,,0001370368-22-000077,https://www.sec.gov/Archives/edgar/data/1114448/000137036822000077/a221025-6k.htm,https://www.sec.gov/Archives/edgar/data/1114448/000137036822000077/
6-K,2022-10-24,2022-10-24,,0001171843-22-006695,https://www.sec.gov/Archives/edgar/data/1114448/000117184322006695/f6k_102422.htm,https://www.sec.gov/Archives/edgar/data/1114448/000117184322006695/
6-K,2022-09-21,2022-09-21,,0001171843-22-006161,https://www.sec.gov/Archives/edgar/data/1114448/000117184322006161/f6k_092122.htm,https://www.sec.gov/Archives/edgar/data/1114448/000117184322006161/
6-K,2022-08-25,2022-08-25,,0001171843-22-005820,https://www.sec.gov/Archives/edgar/data/1114448/000117184322005820/f6k_082522.htm,https://www.sec.gov/Archives/edgar/data/1114448/000117184322005820/
6-K,2022-07-19,2022-06-30,,0001370368-22-000059,https://www.sec.gov/Archives/edgar/data/1114448/000137036822000059/nvs-20220630.htm,https://www.sec.gov/Archives/edgar/data/1114448/000137036822000059/
6-K,2022-06-21,2022-06-21,,0001171843-22-004443,https://www.sec.gov/Archives/edgar/data/1114448/000117184322004443/f6k_062122.htm,https://www.sec.gov/Archives/edgar/data/1114448/000117184322004443/
6-K,2022-04-26,2022-03-31,,0001370368-22-000038,https://www.sec.gov/Archives/edgar/data/1114448/000137036822000038/a220426-6k.htm,https://www.sec.gov/Archives/edgar/data/1114448/000137036822000038/
6-K,2022-04-04,2022-04-04,,0001171843-22-002295,https://www.sec.gov/Archives/edgar/data/1114448/000117184322002295/f6k_040422.htm,https://www.sec.gov/Archives/edgar/data/1114448/000117184322002295/
6-K,2022-03-24,2022-03-23,,0001171843-22-002080,https://www.sec.gov/Archives/edgar/data/1114448/000117184322002080/f6k_032322.htm,https://www.sec.gov/Archives/edgar/data/1114448/000117184322002080/
20-F,2022-02-02,2021-12-31,,0001370368-22-000010,https://www.sec.gov/Archives/edgar/data/1114448/000137036822000010/nvs-20211231.htm,https://www.sec.gov/Archives/edgar/data/1114448/000137036822000010/
6-K,2022-02-02,2021-12-31,,0001370368-22-000009,https://www.sec.gov/Archives/edgar/data/1114448/000137036822000009/a220202-6k.htm,https://www.sec.gov/Archives/edgar/data/1114448/000137036822000009/
6-K,2021-12-22,2021-12-22,,0001171843-21-008671,https://www.sec.gov/Archives/edgar/data/1114448/000117184321008671/f6k_122221.htm,https://www.sec.gov/Archives/edgar/data/1114448/000117184321008671/
6-K,2021-12-20,2021-12-20,,0001171843-21-008622,https://www.sec.gov/Archives/edgar/data/1114448/000117184321008622/f6k_201221.htm,https://www.sec.gov/Archives/edgar/data/1114448/000117184321008622/
6-K,2021-12-17,2021-12-16,,0001171843-21-008586,https://www.sec.gov/Archives/edgar/data/1114448/000117184321008586/f6k_121621.htm,https://www.sec.gov/Archives/edgar/data/1114448/000117184321008586/
6-K,2021-11-04,2021-11-04,,0001171843-21-007500,https://www.sec.gov/Archives/edgar/data/1114448/000117184321007500/f6k_110421.htm,https://www.sec.gov/Archives/edgar/data/1114448/000117184321007500/
6-K,2021-10-26,2021-09-30,,0001370368-21-000072,https://www.sec.gov/Archives/edgar/data/1114448/000137036821000072/a211026-6k.htm,https://www.sec.gov/Archives/edgar/data/1114448/000137036821000072/
6-K,2021-10-25,2021-10-25,,0001171843-21-007094,https://www.sec.gov/Archives/edgar/data/1114448/000117184321007094/f6k_102521.htm,https://www.sec.gov/Archives/edgar/data/1114448/000117184321007094/
6-K,2021-08-03,2021-08-03,,0001171843-21-005398,https://www.sec.gov/Archives/edgar/data/1114448/000117184321005398/f6k_080321.htm,https://www.sec.gov/Archives/edgar/data/1114448/000117184321005398/
6-K,2021-07-21,2021-06-30,,0001370368-21-000055,https://www.sec.gov/Archives/edgar/data/1114448/000137036821000055/nvs-20210630.htm,https://www.sec.gov/Archives/edgar/data/1114448/000137036821000055/
6-K,2021-06-28,2021-06-28,,0001171843-21-004538,https://www.sec.gov/Archives/edgar/data/1114448/000117184321004538/f6k_062821.htm,https://www.sec.gov/Archives/edgar/data/1114448/000117184321004538/
6-K,2021-04-27,2021-03-31,,0001370368-21-000041,https://www.sec.gov/Archives/edgar/data/1114448/000137036821000041/a210427-6k.htm,https://www.sec.gov/Archives/edgar/data/1114448/000137036821000041/
6-K,2021-03-23,2021-03-23,,0001171843-21-001978,https://www.sec.gov/Archives/edgar/data/1114448/000117184321001978/f6k_032321.htm,https://www.sec.gov/Archives/edgar/data/1114448/000117184321001978/
6-K,2021-03-22,2021-03-22,,0001171843-21-001947,https://www.sec.gov/Archives/edgar/data/1114448/000117184321001947/f6k_032221.htm,https://www.sec.gov/Archives/edgar/data/1114448/000117184321001947/
6-K,2021-03-09,2021-03-09,,0001171843-21-001606,https://www.sec.gov/Archives/edgar/data/1114448/000117184321001606/f6k_030921.htm,https://www.sec.gov/Archives/edgar/data/1114448/000117184321001606/
6-K,2021-03-05,2021-03-05,,0001171843-21-001562,https://www.sec.gov/Archives/edgar/data/1114448/000117184321001562/f6k_030521.htm,https://www.sec.gov/Archives/edgar/data/1114448/000117184321001562/
6-K,2021-02-16,2021-02-16,,0001171843-21-001060,https://www.sec.gov/Archives/edgar/data/1114448/000117184321001060/f6k_021621.htm,https://www.sec.gov/Archives/edgar/data/1114448/000117184321001060/
6-K,2021-01-29,2021-01-29,,0001171843-21-000616,https://www.sec.gov/Archives/edgar/data/1114448/000117184321000616/f6k_012921.htm,https://www.sec.gov/Archives/edgar/data/1114448/000117184321000616/
6-K,2021-01-26,2020-12-31,,0001370368-21-000008,https://www.sec.gov/Archives/edgar/data/1114448/000137036821000008/a210126-6k.htm,https://www.sec.gov/Archives/edgar/data/1114448/000137036821000008/
20-F,2021-01-26,2020-12-31,,0001370368-21-000006,https://www.sec.gov/Archives/edgar/data/1114448/000137036821000006/a21012620f.htm,https://www.sec.gov/Archives/edgar/data/1114448/000137036821000006/
6-K,2020-12-21,2020-12-18,,0001171843-20-008653,https://www.sec.gov/Archives/edgar/data/1114448/000117184320008653/f6k_121820.htm,https://www.sec.gov/Archives/edgar/data/1114448/000117184320008653/
6-K,2020-11-24,2020-11-24,,0001171843-20-008168,https://www.sec.gov/Archives/edgar/data/1114448/000117184320008168/f6k_112420.htm,https://www.sec.gov/Archives/edgar/data/1114448/000117184320008168/
6-K,2020-10-27,2020-09-30,,0001370368-20-000086,https://www.sec.gov/Archives/edgar/data/1114448/000137036820000086/a201027-6k.htm,https://www.sec.gov/Archives/edgar/data/1114448/000137036820000086/
6-K,2020-10-16,2020-10-16,,0001171843-20-007068,https://www.sec.gov/Archives/edgar/data/1114448/000117184320007068/f6k_101620.htm,https://www.sec.gov/Archives/edgar/data/1114448/000117184320007068/
6-K,2020-09-23,2020-09-23,,0001171843-20-006593,https://www.sec.gov/Archives/edgar/data/1114448/000117184320006593/f6k_092320.htm,https://www.sec.gov/Archives/edgar/data/1114448/000117184320006593/
6-K,2020-09-01,2020-09-01,,0001171843-20-006198,https://www.sec.gov/Archives/edgar/data/1114448/000117184320006198/f6k_090120.htm,https://www.sec.gov/Archives/edgar/data/1114448/000117184320006198/
6-K,2020-08-20,2020-08-20,,0001171843-20-006020,https://www.sec.gov/Archives/edgar/data/1114448/000117184320006020/f6k_082020.htm,https://www.sec.gov/Archives/edgar/data/1114448/000117184320006020/
6-K,2020-08-17,2020-08-17,,0001171843-20-005971,https://www.sec.gov/Archives/edgar/data/1114448/000117184320005971/f6k_081720.htm,https://www.sec.gov/Archives/edgar/data/1114448/000117184320005971/
6-K,2020-07-21,2020-06-30,,0001370368-20-000069,https://www.sec.gov/Archives/edgar/data/1114448/000137036820000069/a200721-6k.htm,https://www.sec.gov/Archives/edgar/data/1114448/000137036820000069/
6-K,2020-07-02,2020-07-02,,0001171843-20-004689,https://www.sec.gov/Archives/edgar/data/1114448/000117184320004689/f6k_070220.htm,https://www.sec.gov/Archives/edgar/data/1114448/000117184320004689/
6-K,2020-06-25,2020-06-25,,0001171843-20-004563,https://www.sec.gov/Archives/edgar/data/1114448/000117184320004563/f6k_062520.htm,https://www.sec.gov/Archives/edgar/data/1114448/000117184320004563/
6-K,2020-06-17,2020-06-17,,0001171843-20-004387,https://www.sec.gov/Archives/edgar/data/1114448/000117184320004387/f6k_061720.htm,https://www.sec.gov/Archives/edgar/data/1114448/000117184320004387/
6-K,2020-05-12,2020-05-06,,0001171843-20-003608,https://www.sec.gov/Archives/edgar/data/1114448/000117184320003608/f6k_051220.htm,https://www.sec.gov/Archives/edgar/data/1114448/000117184320003608/
6-K,2020-04-28,2020-03-31,,0001370368-20-000061,https://www.sec.gov/Archives/edgar/data/1114448/000137036820000061/a200428-6k.htm,https://www.sec.gov/Archives/edgar/data/1114448/000137036820000061/
6-K,2020-04-02,2020-04-02,,0001171843-20-002294,https://www.sec.gov/Archives/edgar/data/1114448/000117184320002294/f6k_040220.htm,https://www.sec.gov/Archives/edgar/data/1114448/000117184320002294/
6-K,2020-03-27,2020-03-27,,0001171843-20-002077,https://www.sec.gov/Archives/edgar/data/1114448/000117184320002077/f6k_032720.htm,https://www.sec.gov/Archives/edgar/data/1114448/000117184320002077/
6-K,2020-03-27,2020-03-27,,0001171843-20-002076,https://www.sec.gov/Archives/edgar/data/1114448/000117184320002076/f6k_032720.htm,https://www.sec.gov/Archives/edgar/data/1114448/000117184320002076/
6-K,2020-03-19,2020-03-19,,0001171843-20-001840,https://www.sec.gov/Archives/edgar/data/1114448/000117184320001840/f6k_031920.htm,https://www.sec.gov/Archives/edgar/data/1114448/000117184320001840/
6-K,2020-03-02,2020-03-02,,0001171843-20-001424,https://www.sec.gov/Archives/edgar/data/1114448/000117184320001424/f6k_030220.htm,https://www.sec.gov/Archives/edgar/data/1114448/000117184320001424/
6-K,2020-02-28,2020-02-28,,0001171843-20-001368,https://www.sec.gov/Archives/edgar/data/1114448/000117184320001368/f6k_022820.htm,https://www.sec.gov/Archives/edgar/data/1114448/000117184320001368/
424B5,2020-02-12,,,0001047469-20-000837,https://www.sec.gov/Archives/edgar/data/1114448/000104746920000837/a2240739z424b5.htm,https://www.sec.gov/Archives/edgar/data/1114448/000104746920000837/
424B5,2020-02-11,,,0001047469-20-000795,https://www.sec.gov/Archives/edgar/data/1114448/000104746920000795/a2240685z424b5.htm,https://www.sec.gov/Archives/edgar/data/1114448/000104746920000795/
6-K,2020-01-31,2020-01-31,,0001171843-20-000619,https://www.sec.gov/Archives/edgar/data/1114448/000117184320000619/f6k_013120.htm,https://www.sec.gov/Archives/edgar/data/1114448/000117184320000619/
6-K,2020-01-29,2019-12-31,,0001370368-20-000007,https://www.sec.gov/Archives/edgar/data/1114448/000137036820000007/a200129-6k.htm,https://www.sec.gov/Archives/edgar/data/1114448/000137036820000007/
20-F,2020-01-29,2019-12-31,,0001370368-20-000003,https://www.sec.gov/Archives/edgar/data/1114448/000137036820000003/a20012920f.htm,https://www.sec.gov/Archives/edgar/data/1114448/000137036820000003/
6-K,2020-01-06,2020-01-06,,0001171843-20-000083,https://www.sec.gov/Archives/edgar/data/1114448/000117184320000083/f6k_010620.htm,https://www.sec.gov/Archives/edgar/data/1114448/000117184320000083/
6-K,2019-12-16,2019-12-16,,0001171843-19-008118,https://www.sec.gov/Archives/edgar/data/1114448/000117184319008118/f6k_121619.htm,https://www.sec.gov/Archives/edgar/data/1114448/000117184319008118/
6-K,2019-12-05,2019-12-05,,0001171843-19-007956,https://www.sec.gov/Archives/edgar/data/1114448/000117184319007956/f6k_120519.htm,https://www.sec.gov/Archives/edgar/data/1114448/000117184319007956/
6-K,2019-11-25,2019-11-24,,0001171843-19-007762,https://www.sec.gov/Archives/edgar/data/1114448/000117184319007762/f6k_112519.htm,https://www.sec.gov/Archives/edgar/data/1114448/000117184319007762/
6-K,2019-11-15,2019-11-15,,0001171843-19-007596,https://www.sec.gov/Archives/edgar/data/1114448/000117184319007596/f6k_111519.htm,https://www.sec.gov/Archives/edgar/data/1114448/000117184319007596/
6-K,2019-11-01,2019-11-01,,0001171843-19-007057,https://www.sec.gov/Archives/edgar/data/1114448/000117184319007057/f6k_110119.htm,https://www.sec.gov/Archives/edgar/data/1114448/000117184319007057/
6-K,2019-10-30,2019-10-30,,0001171843-19-006937,https://www.sec.gov/Archives/edgar/data/1114448/000117184319006937/f6k_103019.htm,https://www.sec.gov/Archives/edgar/data/1114448/000117184319006937/
6-K,2019-10-22,2019-09-30,,0001370368-19-000062,https://www.sec.gov/Archives/edgar/data/1114448/000137036819000062/a191022-6k.htm,https://www.sec.gov/Archives/edgar/data/1114448/000137036819000062/
6-K,2019-10-08,2019-10-08,,0001171843-19-006403,https://www.sec.gov/Archives/edgar/data/1114448/000117184319006403/f6k_100819.htm,https://www.sec.gov/Archives/edgar/data/1114448/000117184319006403/
6-K,2019-10-02,2019-10-02,,0001171843-19-006290,https://www.sec.gov/Archives/edgar/data/1114448/000117184319006290/f6k_100219.htm,https://www.sec.gov/Archives/edgar/data/1114448/000117184319006290/
6-K,2019-09-30,2019-09-29,,0001171843-19-006182,https://www.sec.gov/Archives/edgar/data/1114448/000117184319006182/f6k_093019.htm,https://www.sec.gov/Archives/edgar/data/1114448/000117184319006182/
6-K,2019-09-17,2019-09-17,,0001171843-19-005958,https://www.sec.gov/Archives/edgar/data/1114448/000117184319005958/f6k_091719.htm,https://www.sec.gov/Archives/edgar/data/1114448/000117184319005958/
6-K,2019-08-30,2019-08-30,,0001171843-19-005727,https://www.sec.gov/Archives/edgar/data/1114448/000117184319005727/f6k_083019.htm,https://www.sec.gov/Archives/edgar/data/1114448/000117184319005727/
6-K,2019-07-29,2019-07-29,,0001171843-19-004915,https://www.sec.gov/Archives/edgar/data/1114448/000117184319004915/f6k_072919.htm,https://www.sec.gov/Archives/edgar/data/1114448/000117184319004915/
6-K,2019-07-18,2019-06-30,,0001370368-19-000049,https://www.sec.gov/Archives/edgar/data/1114448/000137036819000049/a190718-6k.htm,https://www.sec.gov/Archives/edgar/data/1114448/000137036819000049/
6-K,2019-07-01,2019-07-01,,0001171843-19-004272,https://www.sec.gov/Archives/edgar/data/1114448/000117184319004272/f6k_070119.htm,https://www.sec.gov/Archives/edgar/data/1114448/000117184319004272/
6-K,2019-06-07,2019-06-07,,0001171843-19-003886,https://www.sec.gov/Archives/edgar/data/1114448/000117184319003886/f6k_060719.htm,https://www.sec.gov/Archives/edgar/data/1114448/000117184319003886/
6-K,2019-05-28,2019-05-24,,0001171843-19-003629,https://www.sec.gov/Archives/edgar/data/1114448/000117184319003629/f6k_052819.htm,https://www.sec.gov/Archives/edgar/data/1114448/000117184319003629/
6-K,2019-05-24,2019-05-24,,0001171843-19-003610,https://www.sec.gov/Archives/edgar/data/1114448/000117184319003610/f6k_052419.htm,https://www.sec.gov/Archives/edgar/data/1114448/000117184319003610/
6-K,2019-05-24,2019-05-24,,0001171843-19-003609,https://www.sec.gov/Archives/edgar/data/1114448/000117184319003609/f6k_052419.htm,https://www.sec.gov/Archives/edgar/data/1114448/000117184319003609/
6-K,2019-05-09,2019-05-09,,0001171843-19-003156,https://www.sec.gov/Archives/edgar/data/1114448/000117184319003156/f6k_050819.htm,https://www.sec.gov/Archives/edgar/data/1114448/000117184319003156/
6-K,2019-04-24,2019-03-31,,0001370368-19-000028,https://www.sec.gov/Archives/edgar/data/1114448/000137036819000028/a190424-6k.htm,https://www.sec.gov/Archives/edgar/data/1114448/000137036819000028/
6-K,2019-03-27,2019-03-27,,0001171843-19-002004,https://www.sec.gov/Archives/edgar/data/1114448/000117184319002004/f6k_032719.htm,https://www.sec.gov/Archives/edgar/data/1114448/000117184319002004/
6-K,2019-03-22,2019-03-22,,0001171843-19-001911,https://www.sec.gov/Archives/edgar/data/1114448/000117184319001911/f6k_032219.htm,https://www.sec.gov/Archives/edgar/data/1114448/000117184319001911/
6-K,2019-03-14,2019-03-14,,0001171843-19-001715,https://www.sec.gov/Archives/edgar/data/1114448/000117184319001715/f6k_031419.htm,https://www.sec.gov/Archives/edgar/data/1114448/000117184319001715/
6-K,2019-02-26,2019-02-25,,0001171843-19-001196,https://www.sec.gov/Archives/edgar/data/1114448/000117184319001196/f6k_022519.htm,https://www.sec.gov/Archives/edgar/data/1114448/000117184319001196/
6-K,2019-01-30,2018-12-31,,0001370368-19-000006,https://www.sec.gov/Archives/edgar/data/1114448/000137036819000006/a190130-6k.htm,https://www.sec.gov/Archives/edgar/data/1114448/000137036819000006/
6-K,2019-01-30,2019-01-30,,0001104659-19-004286,https://www.sec.gov/Archives/edgar/data/1114448/000110465919004286/a19-3441_16k.htm,https://www.sec.gov/Archives/edgar/data/1114448/000110465919004286/
20-F,2019-01-30,2018-12-31,,0001370368-19-000002,https://www.sec.gov/Archives/edgar/data/1114448/000137036819000002/a19013020f.htm,https://www.sec.gov/Archives/edgar/data/1114448/000137036819000002/
6-K,2018-12-21,2018-12-21,,0001171843-18-008529,https://www.sec.gov/Archives/edgar/data/1114448/000117184318008529/f6k_122118.htm,https://www.sec.gov/Archives/edgar/data/1114448/000117184318008529/
6-K,2018-12-20,2018-12-20,,0001171843-18-008513,https://www.sec.gov/Archives/edgar/data/1114448/000117184318008513/f6k_122018.htm,https://www.sec.gov/Archives/edgar/data/1114448/000117184318008513/
6-K,2018-11-14,2018-11-13,,0001171843-18-007926,https://www.sec.gov/Archives/edgar/data/1114448/000117184318007926/f6k_111318.htm,https://www.sec.gov/Archives/edgar/data/1114448/000117184318007926/
6-K,2018-10-18,2018-09-30,,0001370368-18-000045,https://www.sec.gov/Archives/edgar/data/1114448/000137036818000045/a181018-6k.htm,https://www.sec.gov/Archives/edgar/data/1114448/000137036818000045/
6-K,2018-10-18,2018-10-18,,0001171843-18-007050,https://www.sec.gov/Archives/edgar/data/1114448/000117184318007050/f6k_101818.htm,https://www.sec.gov/Archives/edgar/data/1114448/000117184318007050/
6-K,2018-09-06,2018-09-06,,0001171843-18-006424,https://www.sec.gov/Archives/edgar/data/1114448/000117184318006424/f6k_090618.htm,https://www.sec.gov/Archives/edgar/data/1114448/000117184318006424/
6-K,2018-08-29,2018-08-29,,0001171843-18-006303,https://www.sec.gov/Archives/edgar/data/1114448/000117184318006303/f6k_082918.htm,https://www.sec.gov/Archives/edgar/data/1114448/000117184318006303/
6-K,2018-08-23,2018-08-23,,0001171843-18-006229,https://www.sec.gov/Archives/edgar/data/1114448/000117184318006229/f6k_082318.htm,https://www.sec.gov/Archives/edgar/data/1114448/000117184318006229/
6-K,2018-08-14,2018-08-14,,0001171843-18-006049,https://www.sec.gov/Archives/edgar/data/1114448/000117184318006049/f6k_081418.htm,https://www.sec.gov/Archives/edgar/data/1114448/000117184318006049/
6-K,2018-07-27,2018-07-27,,0001171843-18-005463,https://www.sec.gov/Archives/edgar/data/1114448/000117184318005463/f6k_072718.htm,https://www.sec.gov/Archives/edgar/data/1114448/000117184318005463/
6-K,2018-07-18,2018-06-30,,0001370368-18-000037,https://www.sec.gov/Archives/edgar/data/1114448/000137036818000037/a180718-6k.htm,https://www.sec.gov/Archives/edgar/data/1114448/000137036818000037/
6-K,2018-06-29,2018-06-29,,0001171843-18-004906,https://www.sec.gov/Archives/edgar/data/1114448/000117184318004906/f6k_062918.htm,https://www.sec.gov/Archives/edgar/data/1114448/000117184318004906/
6-K,2018-06-29,2018-06-29,,0001171843-18-004904,https://www.sec.gov/Archives/edgar/data/1114448/000117184318004904/f6k_060118.htm,https://www.sec.gov/Archives/edgar/data/1114448/000117184318004904/
6-K,2018-06-01,2018-06-01,,0001171843-18-004353,https://www.sec.gov/Archives/edgar/data/1114448/000117184318004353/f6k_060118.htm,https://www.sec.gov/Archives/edgar/data/1114448/000117184318004353/
6-K,2018-06-01,2018-06-01,,0001171843-18-004351,https://www.sec.gov/Archives/edgar/data/1114448/000117184318004351/f6k_060118.htm,https://www.sec.gov/Archives/edgar/data/1114448/000117184318004351/
6-K,2018-05-18,2018-05-17,,0001171843-18-004056,https://www.sec.gov/Archives/edgar/data/1114448/000117184318004056/f6k_051718.htm,https://www.sec.gov/Archives/edgar/data/1114448/000117184318004056/
6-K,2018-05-16,2018-05-16,,0001171843-18-004000,https://www.sec.gov/Archives/edgar/data/1114448/000117184318004000/f6k_051618.htm,https://www.sec.gov/Archives/edgar/data/1114448/000117184318004000/
6-K,2018-05-03,2018-05-03,,0001171843-18-003411,https://www.sec.gov/Archives/edgar/data/1114448/000117184318003411/f6k_050318.htm,https://www.sec.gov/Archives/edgar/data/1114448/000117184318003411/
6-K,2018-05-01,2018-05-01,,0001171843-18-003224,https://www.sec.gov/Archives/edgar/data/1114448/000117184318003224/f6k_050118.htm,https://www.sec.gov/Archives/edgar/data/1114448/000117184318003224/
6-K,2018-04-19,2018-03-31,,0001370368-18-000023,https://www.sec.gov/Archives/edgar/data/1114448/000137036818000023/a180419-6k.htm,https://www.sec.gov/Archives/edgar/data/1114448/000137036818000023/
6-K,2018-04-19,2018-04-19,,0001171843-18-002838,https://www.sec.gov/Archives/edgar/data/1114448/000117184318002838/f6k_041918.htm,https://www.sec.gov/Archives/edgar/data/1114448/000117184318002838/
6-K,2018-04-17,2018-04-17,,0001171843-18-002762,https://www.sec.gov/Archives/edgar/data/1114448/000117184318002762/f6k_041718.htm,https://www.sec.gov/Archives/edgar/data/1114448/000117184318002762/
6-K,2018-04-09,2018-04-09,,0001171843-18-002601,https://www.sec.gov/Archives/edgar/data/1114448/000117184318002601/f6k_040918.htm,https://www.sec.gov/Archives/edgar/data/1114448/000117184318002601/
6-K,2018-03-27,2018-03-27,,0001171843-18-002301,https://www.sec.gov/Archives/edgar/data/1114448/000117184318002301/f6k_032718.htm,https://www.sec.gov/Archives/edgar/data/1114448/000117184318002301/
6-K,2018-03-12,2018-03-12,,0001171843-18-001849,https://www.sec.gov/Archives/edgar/data/1114448/000117184318001849/f6k_031218.htm,https://www.sec.gov/Archives/edgar/data/1114448/000117184318001849/
6-K,2018-02-09,2017-11-10,,0001171843-18-001000,https://www.sec.gov/Archives/edgar/data/1114448/000117184318001000/f6k_111317.htm,https://www.sec.gov/Archives/edgar/data/1114448/000117184318001000/
6-K,2018-02-02,2018-02-01,,0001171843-18-000832,https://www.sec.gov/Archives/edgar/data/1114448/000117184318000832/f6k_020118.htm,https://www.sec.gov/Archives/edgar/data/1114448/000117184318000832/
6-K,2018-01-26,2018-01-26,,0001171843-18-000682,https://www.sec.gov/Archives/edgar/data/1114448/000117184318000682/f6k_012618.htm,https://www.sec.gov/Archives/edgar/data/1114448/000117184318000682/
20-F,2018-01-24,2017-12-31,,0001047469-18-000380,https://www.sec.gov/Archives/edgar/data/1114448/000104746918000380/a2234185z20-f.htm,https://www.sec.gov/Archives/edgar/data/1114448/000104746918000380/
6-K,2018-01-24,2017-12-31,,0001370368-18-000005,https://www.sec.gov/Archives/edgar/data/1114448/000137036818000005/a180124-6k.htm,https://www.sec.gov/Archives/edgar/data/1114448/000137036818000005/
6-K,2018-01-24,2017-12-31,,0001370368-18-000004,https://www.sec.gov/Archives/edgar/data/1114448/000137036818000004/a180124-6k.htm,https://www.sec.gov/Archives/edgar/data/1114448/000137036818000004/
6-K,2018-01-11,2018-01-11,,0001171843-18-000315,https://www.sec.gov/Archives/edgar/data/1114448/000117184318000315/f6k_011118.htm,https://www.sec.gov/Archives/edgar/data/1114448/000117184318000315/
6-K,2017-12-20,2017-12-15,,0001171843-17-007764,https://www.sec.gov/Archives/edgar/data/1114448/000117184317007764/f6k_121517.htm,https://www.sec.gov/Archives/edgar/data/1114448/000117184317007764/
6-K,2017-11-14,2017-11-13,,0001171843-17-006975,https://www.sec.gov/Archives/edgar/data/1114448/000117184317006975/f6k_111317.htm,https://www.sec.gov/Archives/edgar/data/1114448/000117184317006975/
6-K,2017-11-14,2017-11-13,,0001171843-17-006974,https://www.sec.gov/Archives/edgar/data/1114448/000117184317006974/f6k_111317.htm,https://www.sec.gov/Archives/edgar/data/1114448/000117184317006974/
6-K,2017-10-30,2017-10-30,,0001171843-17-006383,https://www.sec.gov/Archives/edgar/data/1114448/000117184317006383/f6k_103017.htm,https://www.sec.gov/Archives/edgar/data/1114448/000117184317006383/
6-K,2017-10-24,2017-09-30,,0001370368-17-000070,https://www.sec.gov/Archives/edgar/data/1114448/000137036817000070/a171024-6k.htm,https://www.sec.gov/Archives/edgar/data/1114448/000137036817000070/
6-K,2017-10-10,2017-09-04,,0001171843-17-005971,https://www.sec.gov/Archives/edgar/data/1114448/000117184317005971/f6k_090417.htm,https://www.sec.gov/Archives/edgar/data/1114448/000117184317005971/
6-K,2017-08-30,2017-08-30,,0001171843-17-005301,https://www.sec.gov/Archives/edgar/data/1114448/000117184317005301/f6k_083017.htm,https://www.sec.gov/Archives/edgar/data/1114448/000117184317005301/
6-K,2017-08-28,2017-08-27,,0001171843-17-005262,https://www.sec.gov/Archives/edgar/data/1114448/000117184317005262/f6k_082717.htm,https://www.sec.gov/Archives/edgar/data/1114448/000117184317005262/
6-K,2017-08-28,2017-08-27,,0001171843-17-005261,https://www.sec.gov/Archives/edgar/data/1114448/000117184317005261/f6k_082717.htm,https://www.sec.gov/Archives/edgar/data/1114448/000117184317005261/
6-K,2017-07-18,2017-06-30,,0001370368-17-000062,https://www.sec.gov/Archives/edgar/data/1114448/000137036817000062/a170718-6k.htm,https://www.sec.gov/Archives/edgar/data/1114448/000137036817000062/
6-K,2017-07-13,2017-07-12,,0001171843-17-004057,https://www.sec.gov/Archives/edgar/data/1114448/000117184317004057/f6k_071217.htm,https://www.sec.gov/Archives/edgar/data/1114448/000117184317004057/
6-K,2017-06-22,2017-06-22,,0001171843-17-003758,https://www.sec.gov/Archives/edgar/data/1114448/000117184317003758/f6k_062217.htm,https://www.sec.gov/Archives/edgar/data/1114448/000117184317003758/
6-K,2017-06-20,2017-06-20,,0001171843-17-003696,https://www.sec.gov/Archives/edgar/data/1114448/000117184317003696/f6k_062017.htm,https://www.sec.gov/Archives/edgar/data/1114448/000117184317003696/
6-K,2017-05-31,2017-05-31,,0001171843-17-003387,https://www.sec.gov/Archives/edgar/data/1114448/000117184317003387/f6k_053117.htm,https://www.sec.gov/Archives/edgar/data/1114448/000117184317003387/
6-K,2017-04-25,2017-03-31,,0001370368-17-000038,https://www.sec.gov/Archives/edgar/data/1114448/000137036817000038/a170425-6k.htm,https://www.sec.gov/Archives/edgar/data/1114448/000137036817000038/
6-K,2017-03-30,2017-03-29,,0001171843-17-001847,https://www.sec.gov/Archives/edgar/data/1114448/000117184317001847/f6k_032917.htm,https://www.sec.gov/Archives/edgar/data/1114448/000117184317001847/
6-K,2017-03-22,2017-03-22,,0001171843-17-001675,https://www.sec.gov/Archives/edgar/data/1114448/000117184317001675/f6k_032217.htm,https://www.sec.gov/Archives/edgar/data/1114448/000117184317001675/
6-K,2017-03-14,2017-03-13,,0001171843-17-001494,https://www.sec.gov/Archives/edgar/data/1114448/000117184317001494/f6k_031417.htm,https://www.sec.gov/Archives/edgar/data/1114448/000117184317001494/
424B5,2017-02-15,,,0001047469-17-000686,https://www.sec.gov/Archives/edgar/data/1114448/000104746917000686/a2230934z424b5.htm,https://www.sec.gov/Archives/edgar/data/1114448/000104746917000686/
424B5,2017-02-14,,,0001047469-17-000659,https://www.sec.gov/Archives/edgar/data/1114448/000104746917000659/a2230897z424b5.htm,https://www.sec.gov/Archives/edgar/data/1114448/000104746917000659/
6-K,2017-02-14,2017-02-14,,0001104659-17-008861,https://www.sec.gov/Archives/edgar/data/1114448/000110465917008861/a17-4066_36k.htm,https://www.sec.gov/Archives/edgar/data/1114448/000110465917008861/
20-F,2017-01-25,2016-12-31,,0001047469-17-000338,https://www.sec.gov/Archives/edgar/data/1114448/000104746917000338/a2230622z20-f.htm,https://www.sec.gov/Archives/edgar/data/1114448/000104746917000338/
6-K,2017-01-25,2016-12-31,,0001370368-17-000006,https://www.sec.gov/Archives/edgar/data/1114448/000137036817000006/a170125-6k.htm,https://www.sec.gov/Archives/edgar/data/1114448/000137036817000006/
6-K,2017-01-25,2016-12-31,,0001370368-17-000004,https://www.sec.gov/Archives/edgar/data/1114448/000137036817000004/a170125-6k.htm,https://www.sec.gov/Archives/edgar/data/1114448/000137036817000004/
6-K,2016-12-14,2016-12-12,,0001171843-16-013625,https://www.sec.gov/Archives/edgar/data/1114448/000117184316013625/f6k_121216.htm,https://www.sec.gov/Archives/edgar/data/1114448/000117184316013625/
6-K,2016-11-01,2016-11-01,,0001171843-16-012770,https://www.sec.gov/Archives/edgar/data/1114448/000117184316012770/f6k_110116.htm,https://www.sec.gov/Archives/edgar/data/1114448/000117184316012770/
6-K,2016-10-25,2016-09-30,,0001370368-16-000150,https://www.sec.gov/Archives/edgar/data/1114448/000137036816000150/a161025-6k.htm,https://www.sec.gov/Archives/edgar/data/1114448/000137036816000150/
6-K,2016-09-19,2016-09-19,,0001171843-16-012184,https://www.sec.gov/Archives/edgar/data/1114448/000117184316012184/f6k_091916.htm,https://www.sec.gov/Archives/edgar/data/1114448/000117184316012184/
6-K,2016-08-25,2016-08-25,,0001171843-16-011927,https://www.sec.gov/Archives/edgar/data/1114448/000117184316011927/f6k_082516.htm,https://www.sec.gov/Archives/edgar/data/1114448/000117184316011927/
6-K,2016-07-19,2016-06-30,,0001370368-16-000134,https://www.sec.gov/Archives/edgar/data/1114448/000137036816000134/a160719-6k.htm,https://www.sec.gov/Archives/edgar/data/1114448/000137036816000134/
6-K,2016-05-17,2016-05-17,,0001171843-16-010111,https://www.sec.gov/Archives/edgar/data/1114448/000117184316010111/f6k_051716.htm,https://www.sec.gov/Archives/edgar/data/1114448/000117184316010111/
6-K,2016-04-21,2016-03-31,,0001370368-16-000122,https://www.sec.gov/Archives/edgar/data/1114448/000137036816000122/a160421-6k.htm,https://www.sec.gov/Archives/edgar/data/1114448/000137036816000122/
6-K,2016-01-27,2015-12-31,,0001370368-16-000098,https://www.sec.gov/Archives/edgar/data/1114448/000137036816000098/a160127-6k.htm,https://www.sec.gov/Archives/edgar/data/1114448/000137036816000098/
20-F,2016-01-27,2015-12-31,,0001047469-16-009872,https://www.sec.gov/Archives/edgar/data/1114448/000104746916009872/a2227040z20-f.htm,https://www.sec.gov/Archives/edgar/data/1114448/000104746916009872/
6-K,2016-01-19,2016-01-15,,0001171843-16-007221,https://www.sec.gov/Archives/edgar/data/1114448/000117184316007221/f6k_011516.htm,https://www.sec.gov/Archives/edgar/data/1114448/000117184316007221/
424B5,2015-11-18,,,0001047469-15-008772,https://www.sec.gov/Archives/edgar/data/1114448/000104746915008772/a2226668z424b5.htm,https://www.sec.gov/Archives/edgar/data/1114448/000104746915008772/
424B5,2015-11-17,,,0001047469-15-008723,https://www.sec.gov/Archives/edgar/data/1114448/000104746915008723/a2226610z424b5.htm,https://www.sec.gov/Archives/edgar/data/1114448/000104746915008723/
6-K,2015-11-17,2015-11-17,,0001104659-15-079511,https://www.sec.gov/Archives/edgar/data/1114448/000110465915079511/a15-22780_16k.htm,https://www.sec.gov/Archives/edgar/data/1114448/000110465915079511/
6-K,2015-11-17,2015-11-17,,0001104659-15-079510,https://www.sec.gov/Archives/edgar/data/1114448/000110465915079510/a15-22780_26k.htm,https://www.sec.gov/Archives/edgar/data/1114448/000110465915079510/
6-K,2015-11-04,2015-11-04,,0001171843-15-005959,https://www.sec.gov/Archives/edgar/data/1114448/000117184315005959/gff6k_110415.htm,https://www.sec.gov/Archives/edgar/data/1114448/000117184315005959/
6-K,2015-10-27,2015-09-30,,0001370368-15-000084,https://www.sec.gov/Archives/edgar/data/1114448/000137036815000084/a151027-6k.htm,https://www.sec.gov/Archives/edgar/data/1114448/000137036815000084/
6-K,2015-10-23,2015-10-23,,0001171843-15-005679,https://www.sec.gov/Archives/edgar/data/1114448/000117184315005679/gff6k_102315.htm,https://www.sec.gov/Archives/edgar/data/1114448/000117184315005679/
6-K,2015-10-05,2015-09-25,,0001171843-15-005410,https://www.sec.gov/Archives/edgar/data/1114448/000117184315005410/gff6k_092515.htm,https://www.sec.gov/Archives/edgar/data/1114448/000117184315005410/
6-K,2015-10-05,2015-09-30,,0001171843-15-005409,https://www.sec.gov/Archives/edgar/data/1114448/000117184315005409/gff6k_093015.htm,https://www.sec.gov/Archives/edgar/data/1114448/000117184315005409/
6-K,2015-09-16,2015-07-07,,0001171843-15-005189,https://www.sec.gov/Archives/edgar/data/1114448/000117184315005189/gff6k_082515.htm,https://www.sec.gov/Archives/edgar/data/1114448/000117184315005189/
6-K,2015-07-21,2015-06-30,,0001370368-15-000055,https://www.sec.gov/Archives/edgar/data/1114448/000137036815000055/a150721-6k.htm,https://www.sec.gov/Archives/edgar/data/1114448/000137036815000055/
6-K,2015-04-23,2015-03-31,,0001370368-15-000043,https://www.sec.gov/Archives/edgar/data/1114448/000137036815000043/a150423-6k.htm,https://www.sec.gov/Archives/edgar/data/1114448/000137036815000043/
6-K,2015-04-16,2015-02-13,,0001171843-15-001996,https://www.sec.gov/Archives/edgar/data/1114448/000117184315001996/f6k_041315.htm,https://www.sec.gov/Archives/edgar/data/1114448/000117184315001996/
6-K,2015-03-06,2015-03-06,,0001171843-15-001297,https://www.sec.gov/Archives/edgar/data/1114448/000117184315001297/f6k_030615.htm,https://www.sec.gov/Archives/edgar/data/1114448/000117184315001297/
6-K,2015-02-13,2015-02-13,,0001171843-15-000814,https://www.sec.gov/Archives/edgar/data/1114448/000117184315000814/f6k_021315.htm,https://www.sec.gov/Archives/edgar/data/1114448/000117184315000814/
20-F,2015-01-27,2014-12-31,,0001047469-15-000433,https://www.sec.gov/Archives/edgar/data/1114448/000104746915000433/a2222787z20-f.htm,https://www.sec.gov/Archives/edgar/data/1114448/000104746915000433/
6-K,2015-01-27,2014-12-31,,0001370368-15-000002,https://www.sec.gov/Archives/edgar/data/1114448/000137036815000002/a150127-6k.htm,https://www.sec.gov/Archives/edgar/data/1114448/000137036815000002/
6-K,2014-11-28,2014-11-28,,0001104659-14-083876,https://www.sec.gov/Archives/edgar/data/1114448/000110465914083876/a14-25298_16k.htm,https://www.sec.gov/Archives/edgar/data/1114448/000110465914083876/
6-K,2014-11-21,2014-11-21,,0001104659-14-082572,https://www.sec.gov/Archives/edgar/data/1114448/000110465914082572/a14-24927_16k.htm,https://www.sec.gov/Archives/edgar/data/1114448/000110465914082572/
6-K,2014-11-18,2014-11-17,,0001104659-14-081489,https://www.sec.gov/Archives/edgar/data/1114448/000110465914081489/a14-24639_16k.htm,https://www.sec.gov/Archives/edgar/data/1114448/000110465914081489/
6-K,2014-10-28,2014-09-30,,0001370368-14-000078,https://www.sec.gov/Archives/edgar/data/1114448/000137036814000078/a141028-6k.htm,https://www.sec.gov/Archives/edgar/data/1114448/000137036814000078/
6-K,2014-10-27,2014-10-26,,0001104659-14-073802,https://www.sec.gov/Archives/edgar/data/1114448/000110465914073802/a14-23080_16k.htm,https://www.sec.gov/Archives/edgar/data/1114448/000110465914073802/
6-K,2014-10-23,2014-10-23,,0001104659-14-073168,https://www.sec.gov/Archives/edgar/data/1114448/000110465914073168/a14-22852_16k.htm,https://www.sec.gov/Archives/edgar/data/1114448/000110465914073168/
6-K,2014-10-16,2014-10-15,,0001104659-14-071875,https://www.sec.gov/Archives/edgar/data/1114448/000110465914071875/a14-22489_16k.htm,https://www.sec.gov/Archives/edgar/data/1114448/000110465914071875/
6-K,2014-10-08,2014-10-08,,0001104659-14-070588,https://www.sec.gov/Archives/edgar/data/1114448/000110465914070588/a14-22100_16k.htm,https://www.sec.gov/Archives/edgar/data/1114448/000110465914070588/
6-K,2014-10-06,2014-10-06,,0001104659-14-070139,https://www.sec.gov/Archives/edgar/data/1114448/000110465914070139/a14-21978_16k.htm,https://www.sec.gov/Archives/edgar/data/1114448/000110465914070139/
6-K,2014-09-02,2014-08-30,,0001104659-14-064095,https://www.sec.gov/Archives/edgar/data/1114448/000110465914064095/a14-20304_16k.htm,https://www.sec.gov/Archives/edgar/data/1114448/000110465914064095/
6-K,2014-08-13,2014-08-13,,0001104659-14-060259,https://www.sec.gov/Archives/edgar/data/1114448/000110465914060259/a14-19000_16k.htm,https://www.sec.gov/Archives/edgar/data/1114448/000110465914060259/
6-K,2014-08-11,2014-08-11,,0001104659-14-059090,https://www.sec.gov/Archives/edgar/data/1114448/000110465914059090/a14-18779_16k.htm,https://www.sec.gov/Archives/edgar/data/1114448/000110465914059090/
6-K,2014-07-17,2014-06-30,,0001370368-14-000054,https://www.sec.gov/Archives/edgar/data/1114448/000137036814000054/a140717-6k.htm,https://www.sec.gov/Archives/edgar/data/1114448/000137036814000054/
6-K,2014-06-18,2014-06-18,,0001104659-14-046639,https://www.sec.gov/Archives/edgar/data/1114448/000110465914046639/a14-15588_16k.htm,https://www.sec.gov/Archives/edgar/data/1114448/000110465914046639/
6-K,2014-05-15,2014-05-15,,0001104659-14-038930,https://www.sec.gov/Archives/edgar/data/1114448/000110465914038930/a14-12809_16k.htm,https://www.sec.gov/Archives/edgar/data/1114448/000110465914038930/
6-K,2014-04-29,2014-04-29,,0001104659-14-031947,https://www.sec.gov/Archives/edgar/data/1114448/000110465914031947/a14-10444_16k.htm,https://www.sec.gov/Archives/edgar/data/1114448/000110465914031947/
6-K,2014-04-24,2014-03-31,,0001370368-14-000040,https://www.sec.gov/Archives/edgar/data/1114448/000137036814000040/a140424-6k.htm,https://www.sec.gov/Archives/edgar/data/1114448/000137036814000040/
6-K,2014-04-22,2014-04-22,,0001104659-14-029026,https://www.sec.gov/Archives/edgar/data/1114448/000110465914029026/a14-10444_36k.htm,https://www.sec.gov/Archives/edgar/data/1114448/000110465914029026/
6-K,2014-04-09,2014-04-09,,0001104659-14-026531,https://www.sec.gov/Archives/edgar/data/1114448/000110465914026531/a14-10217_16k.htm,https://www.sec.gov/Archives/edgar/data/1114448/000110465914026531/
6-K,2014-03-31,2014-03-31,,0001104659-14-024198,https://www.sec.gov/Archives/edgar/data/1114448/000110465914024198/a14-9313_16k.htm,https://www.sec.gov/Archives/edgar/data/1114448/000110465914024198/
6-K,2014-03-28,2014-03-27,,0001104659-14-023525,https://www.sec.gov/Archives/edgar/data/1114448/000110465914023525/a14-9167_16k.htm,https://www.sec.gov/Archives/edgar/data/1114448/000110465914023525/
6-K,2014-03-21,2014-03-21,,0001104659-14-021421,https://www.sec.gov/Archives/edgar/data/1114448/000110465914021421/a14-8613_16k.htm,https://www.sec.gov/Archives/edgar/data/1114448/000110465914021421/
6-K,2014-02-25,2014-02-25,,0001104659-14-013068,https://www.sec.gov/Archives/edgar/data/1114448/000110465914013068/a14-6708_16k.htm,https://www.sec.gov/Archives/edgar/data/1114448/000110465914013068/
424B5,2014-02-19,,,0001047469-14-001027,https://www.sec.gov/Archives/edgar/data/1114448/000104746914001027/a2218403z424b5.htm,https://www.sec.gov/Archives/edgar/data/1114448/000104746914001027/
424B5,2014-02-18,,,0001047469-14-000961,https://www.sec.gov/Archives/edgar/data/1114448/000104746914000961/a2218331z424b5.htm,https://www.sec.gov/Archives/edgar/data/1114448/000104746914000961/
6-K,2014-02-18,2014-02-18,,0001047469-14-000960,https://www.sec.gov/Archives/edgar/data/1114448/000104746914000960/a2218332z6-k.htm,https://www.sec.gov/Archives/edgar/data/1114448/000104746914000960/
6-K,2014-02-18,2014-02-17,,0001104659-14-010831,https://www.sec.gov/Archives/edgar/data/1114448/000110465914010831/a14-6099_16k.htm,https://www.sec.gov/Archives/edgar/data/1114448/000110465914010831/
6-K,2014-01-29,2013-12-31,,0001370368-14-000004,https://www.sec.gov/Archives/edgar/data/1114448/000137036814000004/a140129-6k.htm,https://www.sec.gov/Archives/edgar/data/1114448/000137036814000004/
20-F,2014-01-29,2013-12-31,,0001047469-14-000415,https://www.sec.gov/Archives/edgar/data/1114448/000104746914000415/a2217883z20-f.htm,https://www.sec.gov/Archives/edgar/data/1114448/000104746914000415/
6-K,2014-01-24,2014-01-24,,0001104659-14-003932,https://www.sec.gov/Archives/edgar/data/1114448/000110465914003932/a14-4221_16k.htm,https://www.sec.gov/Archives/edgar/data/1114448/000110465914003932/
6-K,2013-11-22,2013-11-22,,0001104659-13-086483,https://www.sec.gov/Archives/edgar/data/1114448/000110465913086483/a13-24919_16k.htm,https://www.sec.gov/Archives/edgar/data/1114448/000110465913086483/
6-K,2013-11-12,2013-11-11,,0001104659-13-083142,https://www.sec.gov/Archives/edgar/data/1114448/000110465913083142/a13-23992_16k.htm,https://www.sec.gov/Archives/edgar/data/1114448/000110465913083142/
6-K,2013-10-22,2013-09-30,,0001370368-13-000059,https://www.sec.gov/Archives/edgar/data/1114448/000137036813000059/a131022-6k.htm,https://www.sec.gov/Archives/edgar/data/1114448/000137036813000059/
6-K,2013-07-26,2013-07-26,,0001104659-13-056867,https://www.sec.gov/Archives/edgar/data/1114448/000110465913056867/a13-17269_16k.htm,https://www.sec.gov/Archives/edgar/data/1114448/000110465913056867/
6-K,2013-07-17,2013-06-30,,0001370368-13-000043,https://www.sec.gov/Archives/edgar/data/1114448/000137036813000043/a130717-6k.htm,https://www.sec.gov/Archives/edgar/data/1114448/000137036813000043/
6-K,2013-07-17,2013-07-17,,0001104659-13-054824,https://www.sec.gov/Archives/edgar/data/1114448/000110465913054824/a13-16714_16k.htm,https://www.sec.gov/Archives/edgar/data/1114448/000110465913054824/
6-K,2013-07-08,2013-07-08,,0001104659-13-053412,https://www.sec.gov/Archives/edgar/data/1114448/000110465913053412/a13-16254_16k.htm,https://www.sec.gov/Archives/edgar/data/1114448/000110465913053412/
6-K,2013-06-21,2013-06-21,,0001104659-13-050522,https://www.sec.gov/Archives/edgar/data/1114448/000110465913050522/a13-15368_16k.htm,https://www.sec.gov/Archives/edgar/data/1114448/000110465913050522/
6-K,2013-05-24,2013-05-24,,0001104659-13-044573,https://www.sec.gov/Archives/edgar/data/1114448/000110465913044573/a13-12810_16k.htm,https://www.sec.gov/Archives/edgar/data/1114448/000110465913044573/
6-K,2013-04-24,2013-03-31,,0001370368-13-000033,https://www.sec.gov/Archives/edgar/data/1114448/000137036813000033/a130424-6k.htm,https://www.sec.gov/Archives/edgar/data/1114448/000137036813000033/
6-K,2013-04-24,2013-04-24,,0001104659-13-031874,https://www.sec.gov/Archives/edgar/data/1114448/000110465913031874/a13-10662_16k.htm,https://www.sec.gov/Archives/edgar/data/1114448/000110465913031874/
6-K,2013-04-19,2013-04-19,,0001104659-13-030936,https://www.sec.gov/Archives/edgar/data/1114448/000110465913030936/a13-10463_16k.htm,https://www.sec.gov/Archives/edgar/data/1114448/000110465913030936/
6-K,2013-02-22,2013-02-22,,0001104659-13-013129,https://www.sec.gov/Archives/edgar/data/1114448/000110465913013129/a13-5886_16k.htm,https://www.sec.gov/Archives/edgar/data/1114448/000110465913013129/
6-K,2013-02-19,2013-02-19,,0001104659-13-011571,https://www.sec.gov/Archives/edgar/data/1114448/000110465913011571/a13-5546_16k.htm,https://www.sec.gov/Archives/edgar/data/1114448/000110465913011571/
6-K,2013-02-19,2013-02-15,,0001104659-13-011490,https://www.sec.gov/Archives/edgar/data/1114448/000110465913011490/a13-5407_16k.htm,https://www.sec.gov/Archives/edgar/data/1114448/000110465913011490/
20-F,2013-01-23,2012-12-31,,0001047469-13-000377,https://www.sec.gov/Archives/edgar/data/1114448/000104746913000377/a2212460z20-f.htm,https://www.sec.gov/Archives/edgar/data/1114448/000104746913000377/
6-K,2013-01-23,2012-12-31,,0001370368-13-000002,https://www.sec.gov/Archives/edgar/data/1114448/000137036813000002/a130123-6k.htm,https://www.sec.gov/Archives/edgar/data/1114448/000137036813000002/
6-K,2013-01-22,2013-01-22,,0001104659-13-003573,https://www.sec.gov/Archives/edgar/data/1114448/000110465913003573/a13-3395_16k.htm,https://www.sec.gov/Archives/edgar/data/1114448/000110465913003573/
6-K,2012-12-17,2012-12-14,,0001104659-12-084535,https://www.sec.gov/Archives/edgar/data/1114448/000110465912084535/a12-29543_16k.htm,https://www.sec.gov/Archives/edgar/data/1114448/000110465912084535/
6-K,2012-12-12,2012-12-11,,0001104659-12-083405,https://www.sec.gov/Archives/edgar/data/1114448/000110465912083405/a12-28941_26k.htm,https://www.sec.gov/Archives/edgar/data/1114448/000110465912083405/
6-K,2012-12-11,2012-12-10,,0001104659-12-083121,https://www.sec.gov/Archives/edgar/data/1114448/000110465912083121/a12-28941_16k.htm,https://www.sec.gov/Archives/edgar/data/1114448/000110465912083121/
6-K,2012-11-21,2012-11-20,,0001104659-12-079389,https://www.sec.gov/Archives/edgar/data/1114448/000110465912079389/a12-27581_16k.htm,https://www.sec.gov/Archives/edgar/data/1114448/000110465912079389/
6-K,2012-11-16,2012-11-16,,0001104659-12-078440,https://www.sec.gov/Archives/edgar/data/1114448/000110465912078440/a12-27329_16k.htm,https://www.sec.gov/Archives/edgar/data/1114448/000110465912078440/
6-K,2012-11-09,2012-11-09,,0001104659-12-076329,https://www.sec.gov/Archives/edgar/data/1114448/000110465912076329/a12-26666_16k.htm,https://www.sec.gov/Archives/edgar/data/1114448/000110465912076329/
6-K,2012-11-09,2012-11-09,,0001104659-12-076221,https://www.sec.gov/Archives/edgar/data/1114448/000110465912076221/a12-26624_16k.htm,https://www.sec.gov/Archives/edgar/data/1114448/000110465912076221/
6-K,2012-11-08,2012-11-08,,0001104659-12-075591,https://www.sec.gov/Archives/edgar/data/1114448/000110465912075591/a12-26506_26k.htm,https://www.sec.gov/Archives/edgar/data/1114448/000110465912075591/
6-K,2012-11-08,2012-11-07,,0001104659-12-075562,https://www.sec.gov/Archives/edgar/data/1114448/000110465912075562/a12-26506_16k.htm,https://www.sec.gov/Archives/edgar/data/1114448/000110465912075562/
6-K,2012-11-07,2012-11-07,,0001104659-12-074939,https://www.sec.gov/Archives/edgar/data/1114448/000110465912074939/a12-26349_16k.htm,https://www.sec.gov/Archives/edgar/data/1114448/000110465912074939/
6-K,2012-11-01,2012-10-31,,0001104659-12-072894,https://www.sec.gov/Archives/edgar/data/1114448/000110465912072894/a12-25796_16k.htm,https://www.sec.gov/Archives/edgar/data/1114448/000110465912072894/
6-K,2012-10-31,2012-10-31,,0001104659-12-072435,https://www.sec.gov/Archives/edgar/data/1114448/000110465912072435/a12-25682_16k.htm,https://www.sec.gov/Archives/edgar/data/1114448/000110465912072435/
6-K,2012-10-26,2012-10-25,,0001104659-12-071334,https://www.sec.gov/Archives/edgar/data/1114448/000110465912071334/a12-25273_16k.htm,https://www.sec.gov/Archives/edgar/data/1114448/000110465912071334/
6-K,2012-10-25,2012-09-30,,0001370368-12-000077,https://www.sec.gov/Archives/edgar/data/1114448/000137036812000077/a121025-6k.htm,https://www.sec.gov/Archives/edgar/data/1114448/000137036812000077/
6-K,2012-10-12,2012-10-12,,0001104659-12-068832,https://www.sec.gov/Archives/edgar/data/1114448/000110465912068832/a12-23659_16k.htm,https://www.sec.gov/Archives/edgar/data/1114448/000110465912068832/
6-K,2012-10-01,2012-10-01,,0001104659-12-066512,https://www.sec.gov/Archives/edgar/data/1114448/000110465912066512/a12-22516_16k.htm,https://www.sec.gov/Archives/edgar/data/1114448/000110465912066512/
6-K,2012-09-27,2012-09-27,,0001104659-12-065674,https://www.sec.gov/Archives/edgar/data/1114448/000110465912065674/a12-22174_16k.htm,https://www.sec.gov/Archives/edgar/data/1114448/000110465912065674/
6-K,2012-09-25,2012-09-25,,0001104659-12-065183,https://www.sec.gov/Archives/edgar/data/1114448/000110465912065183/a12-22023_16k.htm,https://www.sec.gov/Archives/edgar/data/1114448/000110465912065183/
6-K,2012-09-21,2012-09-21,,0001104659-12-064737,https://www.sec.gov/Archives/edgar/data/1114448/000110465912064737/a12-21772_26k.htm,https://www.sec.gov/Archives/edgar/data/1114448/000110465912064737/
6-K,2012-09-21,2012-09-21,,0001104659-12-064736,https://www.sec.gov/Archives/edgar/data/1114448/000110465912064736/a12-21772_16k.htm,https://www.sec.gov/Archives/edgar/data/1114448/000110465912064736/
424B5,2012-09-19,,,0001047469-12-008953,https://www.sec.gov/Archives/edgar/data/1114448/000104746912008953/a2211022z424b5.htm,https://www.sec.gov/Archives/edgar/data/1114448/000104746912008953/
424B5,2012-09-18,,,0001047469-12-008899,https://www.sec.gov/Archives/edgar/data/1114448/000104746912008899/a2211022z424b5.htm,https://www.sec.gov/Archives/edgar/data/1114448/000104746912008899/
6-K,2012-09-18,2012-09-18,,0001104659-12-063901,https://www.sec.gov/Archives/edgar/data/1114448/000110465912063901/a12-21343_16k.htm,https://www.sec.gov/Archives/edgar/data/1114448/000110465912063901/
6-K,2012-09-05,2012-09-05,,0001104659-12-061618,https://www.sec.gov/Archives/edgar/data/1114448/000110465912061618/a12-20217_16k.htm,https://www.sec.gov/Archives/edgar/data/1114448/000110465912061618/
6-K,2012-09-04,2012-09-03,,0001104659-12-061211,https://www.sec.gov/Archives/edgar/data/1114448/000110465912061211/a12-19789_16k.htm,https://www.sec.gov/Archives/edgar/data/1114448/000110465912061211/
6-K,2012-08-30,2012-08-30,,0001104659-12-060764,https://www.sec.gov/Archives/edgar/data/1114448/000110465912060764/a12-19472_16k.htm,https://www.sec.gov/Archives/edgar/data/1114448/000110465912060764/
6-K,2012-08-28,2012-08-28,,0001104659-12-060350,https://www.sec.gov/Archives/edgar/data/1114448/000110465912060350/a12-19102_16k.htm,https://www.sec.gov/Archives/edgar/data/1114448/000110465912060350/
6-K,2012-08-16,2012-08-15,,0001104659-12-058276,https://www.sec.gov/Archives/edgar/data/1114448/000110465912058276/a12-18409_16k.htm,https://www.sec.gov/Archives/edgar/data/1114448/000110465912058276/
6-K,2012-08-06,2012-08-06,,0001104659-12-054444,https://www.sec.gov/Archives/edgar/data/1114448/000110465912054444/a12-17727_16k.htm,https://www.sec.gov/Archives/edgar/data/1114448/000110465912054444/
6-K,2012-07-30,2012-07-30,,0001104659-12-051993,https://www.sec.gov/Archives/edgar/data/1114448/000110465912051993/a12-17239_16k.htm,https://www.sec.gov/Archives/edgar/data/1114448/000110465912051993/
6-K,2012-07-23,2012-07-20,,0001104659-12-050228,https://www.sec.gov/Archives/edgar/data/1114448/000110465912050228/a12-16779_16k.htm,https://www.sec.gov/Archives/edgar/data/1114448/000110465912050228/
6-K,2012-07-19,2012-06-30,,0001370368-12-000045,https://www.sec.gov/Archives/edgar/data/1114448/000137036812000045/a120719-6k.htm,https://www.sec.gov/Archives/edgar/data/1114448/000137036812000045/
6-K,2012-06-22,2012-06-22,,0001104659-12-045159,https://www.sec.gov/Archives/edgar/data/1114448/000110465912045159/a12-15147_26k.htm,https://www.sec.gov/Archives/edgar/data/1114448/000110465912045159/
6-K,2012-06-22,2012-06-22,,0001104659-12-045156,https://www.sec.gov/Archives/edgar/data/1114448/000110465912045156/a12-15147_16k.htm,https://www.sec.gov/Archives/edgar/data/1114448/000110465912045156/
6-K,2012-06-11,2012-06-11,,0001104659-12-042672,https://www.sec.gov/Archives/edgar/data/1114448/000110465912042672/a12-14463_16k.htm,https://www.sec.gov/Archives/edgar/data/1114448/000110465912042672/
6-K,2012-06-07,2012-06-06,,0001104659-12-042163,https://www.sec.gov/Archives/edgar/data/1114448/000110465912042163/a12-14225_16k.htm,https://www.sec.gov/Archives/edgar/data/1114448/000110465912042163/
6-K,2012-06-04,2012-05-31,,0001104659-12-041420,https://www.sec.gov/Archives/edgar/data/1114448/000110465912041420/a12-13543_16k.htm,https://www.sec.gov/Archives/edgar/data/1114448/000110465912041420/
6-K,2012-05-21,2012-05-17,,0001104659-12-038606,https://www.sec.gov/Archives/edgar/data/1114448/000110465912038606/a12-12373_16k.htm,https://www.sec.gov/Archives/edgar/data/1114448/000110465912038606/
6-K,2012-05-10,2012-05-10,,0001104659-12-035563,https://www.sec.gov/Archives/edgar/data/1114448/000110465912035563/a12-11794_16k.htm,https://www.sec.gov/Archives/edgar/data/1114448/000110465912035563/
6-K,2012-05-07,2012-05-07,,0001104659-12-033536,https://www.sec.gov/Archives/edgar/data/1114448/000110465912033536/a12-11419_16k.htm,https://www.sec.gov/Archives/edgar/data/1114448/000110465912033536/
6-K,2012-05-03,2012-05-03,,0001104659-12-032289,https://www.sec.gov/Archives/edgar/data/1114448/000110465912032289/a12-11177_16k.htm,https://www.sec.gov/Archives/edgar/data/1114448/000110465912032289/
6-K,2012-05-02,2012-05-01,,0001104659-12-031608,https://www.sec.gov/Archives/edgar/data/1114448/000110465912031608/a12-10975_16k.htm,https://www.sec.gov/Archives/edgar/data/1114448/000110465912031608/
6-K,2012-04-30,2012-04-27,,0001104659-12-030249,https://www.sec.gov/Archives/edgar/data/1114448/000110465912030249/a12-10620_16k.htm,https://www.sec.gov/Archives/edgar/data/1114448/000110465912030249/
6-K,2012-04-26,2012-04-25,,0001104659-12-028715,https://www.sec.gov/Archives/edgar/data/1114448/000110465912028715/a12-10386_16k.htm,https://www.sec.gov/Archives/edgar/data/1114448/000110465912028715/
6-K,2012-04-24,2012-03-31,,0001370368-12-000024,https://www.sec.gov/Archives/edgar/data/1114448/000137036812000024/a120424-6k.htm,https://www.sec.gov/Archives/edgar/data/1114448/000137036812000024/
6-K,2012-04-20,2012-04-20,,0001104659-12-026649,https://www.sec.gov/Archives/edgar/data/1114448/000110465912026649/a12-10059_36k.htm,https://www.sec.gov/Archives/edgar/data/1114448/000110465912026649/
6-K,2012-04-20,2012-04-20,,0001104659-12-026648,https://www.sec.gov/Archives/edgar/data/1114448/000110465912026648/a12-10059_56k.htm,https://www.sec.gov/Archives/edgar/data/1114448/000110465912026648/
6-K,2012-04-20,2012-04-20,,0001104659-12-026647,https://www.sec.gov/Archives/edgar/data/1114448/000110465912026647/a12-10059_46k.htm,https://www.sec.gov/Archives/edgar/data/1114448/000110465912026647/
6-K,2012-04-20,2012-04-19,,0001104659-12-026606,https://www.sec.gov/Archives/edgar/data/1114448/000110465912026606/a12-10059_16k.htm,https://www.sec.gov/Archives/edgar/data/1114448/000110465912026606/
6-K,2012-04-20,2012-04-19,,0001104659-12-026605,https://www.sec.gov/Archives/edgar/data/1114448/000110465912026605/a12-10059_26k.htm,https://www.sec.gov/Archives/edgar/data/1114448/000110465912026605/
6-K,2012-04-02,2012-04-02,,0001104659-12-023000,https://www.sec.gov/Archives/edgar/data/1114448/000110465912023000/a12-8571_16k.htm,https://www.sec.gov/Archives/edgar/data/1114448/000110465912023000/
6-K,2012-03-28,2012-03-28,,0001104659-12-021908,https://www.sec.gov/Archives/edgar/data/1114448/000110465912021908/a12-8240_16k.htm,https://www.sec.gov/Archives/edgar/data/1114448/000110465912021908/
6-K,2012-03-16,2012-03-16,,0001104659-12-018746,https://www.sec.gov/Archives/edgar/data/1114448/000110465912018746/a12-7335_16k.htm,https://www.sec.gov/Archives/edgar/data/1114448/000110465912018746/
6-K,2012-03-08,2012-03-07,,0001104659-12-016377,https://www.sec.gov/Archives/edgar/data/1114448/000110465912016377/a12-6738_16k.htm,https://www.sec.gov/Archives/edgar/data/1114448/000110465912016377/
6-K,2012-03-01,2012-02-29,,0001104659-12-014769,https://www.sec.gov/Archives/edgar/data/1114448/000110465912014769/a12-6163_26k.htm,https://www.sec.gov/Archives/edgar/data/1114448/000110465912014769/
6-K,2012-03-01,2012-02-29,,0001104659-12-014768,https://www.sec.gov/Archives/edgar/data/1114448/000110465912014768/a12-6163_16k.htm,https://www.sec.gov/Archives/edgar/data/1114448/000110465912014768/
6-K,2012-02-28,2012-02-27,,0001104659-12-013516,https://www.sec.gov/Archives/edgar/data/1114448/000110465912013516/a12-5918_16k.htm,https://www.sec.gov/Archives/edgar/data/1114448/000110465912013516/
6-K,2012-02-23,2012-02-23,,0001104659-12-011875,https://www.sec.gov/Archives/edgar/data/1114448/000110465912011875/a12-5716_16k.htm,https://www.sec.gov/Archives/edgar/data/1114448/000110465912011875/
6-K,2012-02-17,2012-02-17,,0001104659-12-010805,https://www.sec.gov/Archives/edgar/data/1114448/000110465912010805/a12-5346_16k.htm,https://www.sec.gov/Archives/edgar/data/1114448/000110465912010805/
6-K,2012-02-13,2012-02-13,,0001104659-12-008955,https://www.sec.gov/Archives/edgar/data/1114448/000110465912008955/a12-4833_16k.htm,https://www.sec.gov/Archives/edgar/data/1114448/000110465912008955/
6-K,2012-02-07,2012-02-07,,0001104659-12-007237,https://www.sec.gov/Archives/edgar/data/1114448/000110465912007237/a12-4416_16k.htm,https://www.sec.gov/Archives/edgar/data/1114448/000110465912007237/
6-K,2012-02-01,2012-02-01,,0001104659-12-005654,https://www.sec.gov/Archives/edgar/data/1114448/000110465912005654/a12-3952_16k.htm,https://www.sec.gov/Archives/edgar/data/1114448/000110465912005654/
20-F,2012-01-25,2011-12-31,,0001047469-12-000354,https://www.sec.gov/Archives/edgar/data/1114448/000104746912000354/a2205643z20-f.htm,https://www.sec.gov/Archives/edgar/data/1114448/000104746912000354/
6-K,2012-01-25,2012-01-25,,0001104659-12-003772,https://www.sec.gov/Archives/edgar/data/1114448/000110465912003772/a12-3437_16k.htm,https://www.sec.gov/Archives/edgar/data/1114448/000110465912003772/
6-K,2012-01-25,2011-12-31,,0001370368-12-000003,https://www.sec.gov/Archives/edgar/data/1114448/000137036812000003/a120125-6k.htm,https://www.sec.gov/Archives/edgar/data/1114448/000137036812000003/
6-K,2012-01-20,2012-01-20,,0001104659-12-003019,https://www.sec.gov/Archives/edgar/data/1114448/000110465912003019/a12-3180_16k.htm,https://www.sec.gov/Archives/edgar/data/1114448/000110465912003019/
6-K,2012-01-20,2012-01-20,,0001104659-12-003012,https://www.sec.gov/Archives/edgar/data/1114448/000110465912003012/a12-3177_16k.htm,https://www.sec.gov/Archives/edgar/data/1114448/000110465912003012/
6-K,2012-01-19,2012-01-19,,0001104659-12-002719,https://www.sec.gov/Archives/edgar/data/1114448/000110465912002719/a12-2990_16k.htm,https://www.sec.gov/Archives/edgar/data/1114448/000110465912002719/
6-K,2012-01-18,2012-01-18,,0001104659-12-002491,https://www.sec.gov/Archives/edgar/data/1114448/000110465912002491/a12-2882_16k.htm,https://www.sec.gov/Archives/edgar/data/1114448/000110465912002491/
6-K,2012-01-13,2012-01-13,,0001104659-12-001852,https://www.sec.gov/Archives/edgar/data/1114448/000110465912001852/a12-2698_16k.htm,https://www.sec.gov/Archives/edgar/data/1114448/000110465912001852/
6-K,2012-01-10,2012-01-08,,0001104659-12-001244,https://www.sec.gov/Archives/edgar/data/1114448/000110465912001244/a12-2342_16k.htm,https://www.sec.gov/Archives/edgar/data/1114448/000110465912001244/
6-K,2011-12-20,2011-12-20,,0001104659-11-070231,https://www.sec.gov/Archives/edgar/data/1114448/000110465911070231/a11-32030_16k.htm,https://www.sec.gov/Archives/edgar/data/1114448/000110465911070231/
6-K,2011-12-15,2011-12-15,,0001104659-11-069540,https://www.sec.gov/Archives/edgar/data/1114448/000110465911069540/a11-31745_16k.htm,https://www.sec.gov/Archives/edgar/data/1114448/000110465911069540/
6-K,2011-12-14,2011-12-13,,0001104659-11-069270,https://www.sec.gov/Archives/edgar/data/1114448/000110465911069270/a11-31579_16k.htm,https://www.sec.gov/Archives/edgar/data/1114448/000110465911069270/
6-K,2011-12-13,2011-12-13,,0001104659-11-069053,https://www.sec.gov/Archives/edgar/data/1114448/000110465911069053/a11-31570_26k.htm,https://www.sec.gov/Archives/edgar/data/1114448/000110465911069053/
6-K,2011-12-13,2011-12-12,,0001104659-11-069051,https://www.sec.gov/Archives/edgar/data/1114448/000110465911069051/a11-31570_16k.htm,https://www.sec.gov/Archives/edgar/data/1114448/000110465911069051/
6-K,2011-12-08,2011-12-08,,0001104659-11-068225,https://www.sec.gov/Archives/edgar/data/1114448/000110465911068225/a11-31311_16k.htm,https://www.sec.gov/Archives/edgar/data/1114448/000110465911068225/
6-K,2011-12-02,2011-12-02,,0001104659-11-067284,https://www.sec.gov/Archives/edgar/data/1114448/000110465911067284/a11-31007_26k.htm,https://www.sec.gov/Archives/edgar/data/1114448/000110465911067284/
6-K,2011-12-02,2011-12-02,,0001104659-11-067283,https://www.sec.gov/Archives/edgar/data/1114448/000110465911067283/a11-31007_16k.htm,https://www.sec.gov/Archives/edgar/data/1114448/000110465911067283/
6-K,2011-11-28,2011-11-28,,0001104659-11-066232,https://www.sec.gov/Archives/edgar/data/1114448/000110465911066232/a11-30532_16k.htm,https://www.sec.gov/Archives/edgar/data/1114448/000110465911066232/
6-K,2011-11-18,2011-11-17,,0001104659-11-065024,https://www.sec.gov/Archives/edgar/data/1114448/000110465911065024/a11-30167_16k.htm,https://www.sec.gov/Archives/edgar/data/1114448/000110465911065024/
6-K,2011-11-09,2011-11-09,,0001104659-11-062376,https://www.sec.gov/Archives/edgar/data/1114448/000110465911062376/a11-29583_16k.htm,https://www.sec.gov/Archives/edgar/data/1114448/000110465911062376/
6-K,2011-11-07,2011-11-07,,0001104659-11-061266,https://www.sec.gov/Archives/edgar/data/1114448/000110465911061266/a11-29403_26k.htm,https://www.sec.gov/Archives/edgar/data/1114448/000110465911061266/
6-K,2011-11-07,2011-11-05,,0001104659-11-061263,https://www.sec.gov/Archives/edgar/data/1114448/000110465911061263/a11-29403_16k.htm,https://www.sec.gov/Archives/edgar/data/1114448/000110465911061263/
6-K,2011-10-25,2011-10-25,,0001104659-11-057567,https://www.sec.gov/Archives/edgar/data/1114448/000110465911057567/a11-28537_16k.htm,https://www.sec.gov/Archives/edgar/data/1114448/000110465911057567/
6-K,2011-10-25,2011-09-30,,0001370368-11-000051,https://www.sec.gov/Archives/edgar/data/1114448/000137036811000051/a111025-6k.htm,https://www.sec.gov/Archives/edgar/data/1114448/000137036811000051/
6-K,2011-10-24,2011-10-24,,0001104659-11-057303,https://www.sec.gov/Archives/edgar/data/1114448/000110465911057303/a11-28447_16k.htm,https://www.sec.gov/Archives/edgar/data/1114448/000110465911057303/
6-K,2011-10-18,2011-10-17,,0001104659-11-056439,https://www.sec.gov/Archives/edgar/data/1114448/000110465911056439/a11-28098_16k.htm,https://www.sec.gov/Archives/edgar/data/1114448/000110465911056439/
6-K,2011-09-29,2011-09-27,,0001104659-11-053860,https://www.sec.gov/Archives/edgar/data/1114448/000110465911053860/a11-27119_26k.htm,https://www.sec.gov/Archives/edgar/data/1114448/000110465911053860/
6-K,2011-09-29,2011-09-27,,0001104659-11-053857,https://www.sec.gov/Archives/edgar/data/1114448/000110465911053857/a11-27119_16k.htm,https://www.sec.gov/Archives/edgar/data/1114448/000110465911053857/
6-K,2011-09-26,2011-09-25,,0001104659-11-053147,https://www.sec.gov/Archives/edgar/data/1114448/000110465911053147/a11-26927_36k.htm,https://www.sec.gov/Archives/edgar/data/1114448/000110465911053147/
6-K,2011-09-26,2011-09-26,,0001104659-11-053142,https://www.sec.gov/Archives/edgar/data/1114448/000110465911053142/a11-26927_26k.htm,https://www.sec.gov/Archives/edgar/data/1114448/000110465911053142/
6-K,2011-09-26,2011-09-23,,0001104659-11-053128,https://www.sec.gov/Archives/edgar/data/1114448/000110465911053128/a11-26927_16k.htm,https://www.sec.gov/Archives/edgar/data/1114448/000110465911053128/
6-K,2011-09-21,2011-09-16,,0001104659-11-052616,https://www.sec.gov/Archives/edgar/data/1114448/000110465911052616/a11-26745_16k.htm,https://www.sec.gov/Archives/edgar/data/1114448/000110465911052616/
6-K,2011-09-13,2011-09-13,,0001104659-11-051403,https://www.sec.gov/Archives/edgar/data/1114448/000110465911051403/a11-26366_16k.htm,https://www.sec.gov/Archives/edgar/data/1114448/000110465911051403/
6-K,2011-09-09,2011-09-08,,0001104659-11-050981,https://www.sec.gov/Archives/edgar/data/1114448/000110465911050981/a11-26228_16k.htm,https://www.sec.gov/Archives/edgar/data/1114448/000110465911050981/
6-K,2011-09-06,2011-09-05,,0001104659-11-050210,https://www.sec.gov/Archives/edgar/data/1114448/000110465911050210/a11-25545_26k.htm,https://www.sec.gov/Archives/edgar/data/1114448/000110465911050210/
6-K,2011-09-06,2011-08-29,,0001104659-11-050204,https://www.sec.gov/Archives/edgar/data/1114448/000110465911050204/a11-25545_16k.htm,https://www.sec.gov/Archives/edgar/data/1114448/000110465911050204/
6-K,2011-08-30,2011-08-29,,0001104659-11-049285,https://www.sec.gov/Archives/edgar/data/1114448/000110465911049285/a11-25142_16k.htm,https://www.sec.gov/Archives/edgar/data/1114448/000110465911049285/
6-K,2011-07-22,2011-07-22,,0001104659-11-040259,https://www.sec.gov/Archives/edgar/data/1114448/000110465911040259/a11-21221_16k.htm,https://www.sec.gov/Archives/edgar/data/1114448/000110465911040259/
6-K,2011-07-19,2011-07-19,,0001104659-11-039563,https://www.sec.gov/Archives/edgar/data/1114448/000110465911039563/a11-19801_16k.htm,https://www.sec.gov/Archives/edgar/data/1114448/000110465911039563/
6-K,2011-07-19,2011-06-30,,0001370368-11-000021,https://www.sec.gov/Archives/edgar/data/1114448/000137036811000021/a110719-6k.htm,https://www.sec.gov/Archives/edgar/data/1114448/000137036811000021/
6-K,2011-07-18,2011-07-15,,0001104659-11-039423,https://www.sec.gov/Archives/edgar/data/1114448/000110465911039423/a11-19181_16k.htm,https://www.sec.gov/Archives/edgar/data/1114448/000110465911039423/
6-K,2011-07-11,2011-07-08,,0001104659-11-038457,https://www.sec.gov/Archives/edgar/data/1114448/000110465911038457/a11-17361_16k.htm,https://www.sec.gov/Archives/edgar/data/1114448/000110465911038457/
6-K,2011-07-05,2011-07-01,,0001104659-11-037645,https://www.sec.gov/Archives/edgar/data/1114448/000110465911037645/a11-16311_36k.htm,https://www.sec.gov/Archives/edgar/data/1114448/000110465911037645/
6-K,2011-07-05,2011-07-01,,0001104659-11-037644,https://www.sec.gov/Archives/edgar/data/1114448/000110465911037644/a11-16311_26k.htm,https://www.sec.gov/Archives/edgar/data/1114448/000110465911037644/
6-K,2011-07-05,2011-06-30,,0001104659-11-037640,https://www.sec.gov/Archives/edgar/data/1114448/000110465911037640/a11-16311_16k.htm,https://www.sec.gov/Archives/edgar/data/1114448/000110465911037640/
6-K,2011-06-27,2011-06-24,,0001104659-11-036465,https://www.sec.gov/Archives/edgar/data/1114448/000110465911036465/a11-15483_26k.htm,https://www.sec.gov/Archives/edgar/data/1114448/000110465911036465/
6-K,2011-06-24,2011-06-21,,0001104659-11-036241,https://www.sec.gov/Archives/edgar/data/1114448/000110465911036241/a11-15483_16k.htm,https://www.sec.gov/Archives/edgar/data/1114448/000110465911036241/
6-K,2011-06-17,2011-06-16,,0001104659-11-035239,https://www.sec.gov/Archives/edgar/data/1114448/000110465911035239/a11-15116_16k.htm,https://www.sec.gov/Archives/edgar/data/1114448/000110465911035239/
6-K,2011-06-16,2011-06-16,,0001104659-11-034989,https://www.sec.gov/Archives/edgar/data/1114448/000110465911034989/a11-15071_16k.htm,https://www.sec.gov/Archives/edgar/data/1114448/000110465911034989/
6-K,2011-06-09,2011-06-09,,0001104659-11-033877,https://www.sec.gov/Archives/edgar/data/1114448/000110465911033877/a11-14637_16k.htm,https://www.sec.gov/Archives/edgar/data/1114448/000110465911033877/
6-K,2011-06-06,2011-06-06,,0001104659-11-033261,https://www.sec.gov/Archives/edgar/data/1114448/000110465911033261/a11-14400_36k.htm,https://www.sec.gov/Archives/edgar/data/1114448/000110465911033261/
6-K,2011-06-06,2011-06-05,,0001104659-11-033258,https://www.sec.gov/Archives/edgar/data/1114448/000110465911033258/a11-14400_26k.htm,https://www.sec.gov/Archives/edgar/data/1114448/000110465911033258/
6-K,2011-06-06,2011-06-04,,0001104659-11-033255,https://www.sec.gov/Archives/edgar/data/1114448/000110465911033255/a11-14400_16k.htm,https://www.sec.gov/Archives/edgar/data/1114448/000110465911033255/
6-K,2011-06-01,2011-06-01,,0001104659-11-032513,https://www.sec.gov/Archives/edgar/data/1114448/000110465911032513/a11-13615_16k.htm,https://www.sec.gov/Archives/edgar/data/1114448/000110465911032513/
6-K,2011-05-25,2011-05-25,,0001104659-11-031346,https://www.sec.gov/Archives/edgar/data/1114448/000110465911031346/a11-13190_26k.htm,https://www.sec.gov/Archives/edgar/data/1114448/000110465911031346/
6-K,2011-05-25,2011-05-24,,0001104659-11-031345,https://www.sec.gov/Archives/edgar/data/1114448/000110465911031345/a11-13190_16k.htm,https://www.sec.gov/Archives/edgar/data/1114448/000110465911031345/
6-K,2011-05-20,2011-05-19,,0001104659-11-030389,https://www.sec.gov/Archives/edgar/data/1114448/000110465911030389/a11-12807_16k.htm,https://www.sec.gov/Archives/edgar/data/1114448/000110465911030389/
6-K,2011-05-19,2011-05-18,,0001104659-11-030094,https://www.sec.gov/Archives/edgar/data/1114448/000110465911030094/a11-12697_16k.htm,https://www.sec.gov/Archives/edgar/data/1114448/000110465911030094/
6-K,2011-05-17,2011-05-15,,0001104659-11-029472,https://www.sec.gov/Archives/edgar/data/1114448/000110465911029472/a11-12492_16k.htm,https://www.sec.gov/Archives/edgar/data/1114448/000110465911029472/
6-K,2011-05-12,2011-05-11,,0001104659-11-028339,https://www.sec.gov/Archives/edgar/data/1114448/000110465911028339/a11-12092_16k.htm,https://www.sec.gov/Archives/edgar/data/1114448/000110465911028339/
6-K,2011-05-06,2011-05-05,,0001104659-11-026520,https://www.sec.gov/Archives/edgar/data/1114448/000110465911026520/a11-11801_16k.htm,https://www.sec.gov/Archives/edgar/data/1114448/000110465911026520/
6-K,2011-05-05,2011-05-04,,0001104659-11-025959,https://www.sec.gov/Archives/edgar/data/1114448/000110465911025959/a11-11674_16k.htm,https://www.sec.gov/Archives/edgar/data/1114448/000110465911025959/
6-K,2011-04-28,2011-04-28,,0001104659-11-023258,https://www.sec.gov/Archives/edgar/data/1114448/000110465911023258/a11-11112_16k.htm,https://www.sec.gov/Archives/edgar/data/1114448/000110465911023258/
6-K,2011-04-19,2011-03-31,,0001370368-11-000013,https://www.sec.gov/Archives/edgar/data/1114448/000137036811000013/a110419-6k.htm,https://www.sec.gov/Archives/edgar/data/1114448/000137036811000013/
6-K,2011-04-15,2011-04-12,,0001104659-11-020275,https://www.sec.gov/Archives/edgar/data/1114448/000110465911020275/a11-10249_16k.htm,https://www.sec.gov/Archives/edgar/data/1114448/000110465911020275/
6-K,2011-04-12,2011-04-11,,0001104659-11-019661,https://www.sec.gov/Archives/edgar/data/1114448/000110465911019661/a11-10100_26k.htm,https://www.sec.gov/Archives/edgar/data/1114448/000110465911019661/
6-K,2011-04-12,2011-04-11,,0001104659-11-019660,https://www.sec.gov/Archives/edgar/data/1114448/000110465911019660/a11-10100_16k.htm,https://www.sec.gov/Archives/edgar/data/1114448/000110465911019660/
6-K,2011-04-11,2011-04-08,,0001104659-11-019376,https://www.sec.gov/Archives/edgar/data/1114448/000110465911019376/a11-10032_16k.htm,https://www.sec.gov/Archives/edgar/data/1114448/000110465911019376/
6-K,2011-04-08,2011-04-08,,0001104659-11-019259,https://www.sec.gov/Archives/edgar/data/1114448/000110465911019259/a11-10017_16k.htm,https://www.sec.gov/Archives/edgar/data/1114448/000110465911019259/
6-K,2011-04-08,2011-04-08,,0001104659-11-019208,https://www.sec.gov/Archives/edgar/data/1114448/000110465911019208/a11-10005_16k.htm,https://www.sec.gov/Archives/edgar/data/1114448/000110465911019208/
6-K,2011-04-08,2011-04-07,,0001104659-11-019194,https://www.sec.gov/Archives/edgar/data/1114448/000110465911019194/a11-9943_16k.htm,https://www.sec.gov/Archives/edgar/data/1114448/000110465911019194/
6-K,2011-04-01,2011-03-31,,0001104659-11-018093,https://www.sec.gov/Archives/edgar/data/1114448/000110465911018093/a11-9179_16k.htm,https://www.sec.gov/Archives/edgar/data/1114448/000110465911018093/
6-K,2011-03-24,2011-03-23,,0001104659-11-016223,https://www.sec.gov/Archives/edgar/data/1114448/000110465911016223/a11-8577_56k.htm,https://www.sec.gov/Archives/edgar/data/1114448/000110465911016223/
6-K,2011-03-24,2011-03-21,,0001104659-11-016218,https://www.sec.gov/Archives/edgar/data/1114448/000110465911016218/a11-8577_36k.htm,https://www.sec.gov/Archives/edgar/data/1114448/000110465911016218/
6-K,2011-03-24,2011-03-18,,0001104659-11-016217,https://www.sec.gov/Archives/edgar/data/1114448/000110465911016217/a11-8577_26k.htm,https://www.sec.gov/Archives/edgar/data/1114448/000110465911016217/
6-K,2011-03-24,2011-03-17,,0001104659-11-016216,https://www.sec.gov/Archives/edgar/data/1114448/000110465911016216/a11-8577_16k.htm,https://www.sec.gov/Archives/edgar/data/1114448/000110465911016216/
6-K,2011-03-24,2011-03-22,,0001104659-11-016215,https://www.sec.gov/Archives/edgar/data/1114448/000110465911016215/a11-8577_46k.htm,https://www.sec.gov/Archives/edgar/data/1114448/000110465911016215/
6-K,2011-03-15,2011-03-15,,0001104659-11-014208,https://www.sec.gov/Archives/edgar/data/1114448/000110465911014208/a11-7993_16k.htm,https://www.sec.gov/Archives/edgar/data/1114448/000110465911014208/
6-K,2011-03-10,2011-03-09,,0001104659-11-013367,https://www.sec.gov/Archives/edgar/data/1114448/000110465911013367/a11-7615_16k.htm,https://www.sec.gov/Archives/edgar/data/1114448/000110465911013367/
6-K,2011-03-01,2011-02-25,,0001104659-11-011137,https://www.sec.gov/Archives/edgar/data/1114448/000110465911011137/a11-6867_26k.htm,https://www.sec.gov/Archives/edgar/data/1114448/000110465911011137/
6-K,2011-03-01,2011-02-28,,0001104659-11-011135,https://www.sec.gov/Archives/edgar/data/1114448/000110465911011135/a11-6867_16k.htm,https://www.sec.gov/Archives/edgar/data/1114448/000110465911011135/
6-K,2011-02-23,2011-02-22,,0001104659-11-009136,https://www.sec.gov/Archives/edgar/data/1114448/000110465911009136/a11-6542_16k.htm,https://www.sec.gov/Archives/edgar/data/1114448/000110465911009136/
6-K,2011-02-18,2011-02-18,,0001104659-11-008291,https://www.sec.gov/Archives/edgar/data/1114448/000110465911008291/a11-6311_16k.htm,https://www.sec.gov/Archives/edgar/data/1114448/000110465911008291/
6-K,2011-02-18,2011-02-17,,0001104659-11-008158,https://www.sec.gov/Archives/edgar/data/1114448/000110465911008158/a11-6251_16k.htm,https://www.sec.gov/Archives/edgar/data/1114448/000110465911008158/
6-K,2011-02-11,2011-02-10,,0001104659-11-006537,https://www.sec.gov/Archives/edgar/data/1114448/000110465911006537/a11-5705_26k.htm,https://www.sec.gov/Archives/edgar/data/1114448/000110465911006537/
6-K,2011-02-11,2011-02-09,,0001104659-11-006535,https://www.sec.gov/Archives/edgar/data/1114448/000110465911006535/a11-5705_16k.htm,https://www.sec.gov/Archives/edgar/data/1114448/000110465911006535/
6-K,2011-01-31,2011-01-31,,0001104659-11-003836,https://www.sec.gov/Archives/edgar/data/1114448/000110465911003836/a11-4901_16k.htm,https://www.sec.gov/Archives/edgar/data/1114448/000110465911003836/
6-K,2011-01-28,2011-01-27,,0001104659-11-003513,https://www.sec.gov/Archives/edgar/data/1114448/000110465911003513/a11-4726_16k.htm,https://www.sec.gov/Archives/edgar/data/1114448/000110465911003513/
20-F,2011-01-27,2010-12-31,,0001047469-11-000325,https://www.sec.gov/Archives/edgar/data/1114448/000104746911000325/a2201576z20-f.htm,https://www.sec.gov/Archives/edgar/data/1114448/000104746911000325/
6-K,2011-01-27,2010-12-31,,0001370368-11-000003,https://www.sec.gov/Archives/edgar/data/1114448/000137036811000003/a110127-6k.htm,https://www.sec.gov/Archives/edgar/data/1114448/000137036811000003/
6-K,2011-01-25,2011-01-24,,0001104659-11-002712,https://www.sec.gov/Archives/edgar/data/1114448/000110465911002712/a11-4488_26k.htm,https://www.sec.gov/Archives/edgar/data/1114448/000110465911002712/
6-K,2011-01-25,2011-01-24,,0001104659-11-002711,https://www.sec.gov/Archives/edgar/data/1114448/000110465911002711/a11-4488_16k.htm,https://www.sec.gov/Archives/edgar/data/1114448/000110465911002711/
6-K,2011-01-24,2011-01-21,,0001104659-11-002473,https://www.sec.gov/Archives/edgar/data/1114448/000110465911002473/a11-4426_16k.htm,https://www.sec.gov/Archives/edgar/data/1114448/000110465911002473/
6-K,2011-01-10,2011-01-10,,0001104659-11-000900,https://www.sec.gov/Archives/edgar/data/1114448/000110465911000900/a11-3052_16k.htm,https://www.sec.gov/Archives/edgar/data/1114448/000110465911000900/
6-K,2011-01-07,2011-01-07,,0001104659-11-000757,https://www.sec.gov/Archives/edgar/data/1114448/000110465911000757/a11-2012_16k.htm,https://www.sec.gov/Archives/edgar/data/1114448/000110465911000757/
6-K,2010-12-27,2010-12-23,,0001104659-10-064258,https://www.sec.gov/Archives/edgar/data/1114448/000110465910064258/a10-24275_16k.htm,https://www.sec.gov/Archives/edgar/data/1114448/000110465910064258/
6-K,2010-12-23,2010-12-23,,0001104659-10-064117,https://www.sec.gov/Archives/edgar/data/1114448/000110465910064117/a10-24264_16k.htm,https://www.sec.gov/Archives/edgar/data/1114448/000110465910064117/
6-K,2010-12-21,2010-12-20,,0001104659-10-063620,https://www.sec.gov/Archives/edgar/data/1114448/000110465910063620/a10-24104_36k.htm,https://www.sec.gov/Archives/edgar/data/1114448/000110465910063620/
6-K,2010-12-21,2010-12-21,,0001104659-10-063619,https://www.sec.gov/Archives/edgar/data/1114448/000110465910063619/a10-24104_26k.htm,https://www.sec.gov/Archives/edgar/data/1114448/000110465910063619/
6-K,2010-12-21,2010-12-21,,0001104659-10-063618,https://www.sec.gov/Archives/edgar/data/1114448/000110465910063618/a10-24104_16k.htm,https://www.sec.gov/Archives/edgar/data/1114448/000110465910063618/
6-K,2010-12-15,2010-12-15,,0001104659-10-062780,https://www.sec.gov/Archives/edgar/data/1114448/000110465910062780/a10-23600_76k.htm,https://www.sec.gov/Archives/edgar/data/1114448/000110465910062780/
6-K,2010-12-13,2010-12-09,,0001104659-10-062325,https://www.sec.gov/Archives/edgar/data/1114448/000110465910062325/a10-22905_16k.htm,https://www.sec.gov/Archives/edgar/data/1114448/000110465910062325/
6-K,2010-12-13,2010-12-09,,0001104659-10-062315,https://www.sec.gov/Archives/edgar/data/1114448/000110465910062315/a10-22905_26k.htm,https://www.sec.gov/Archives/edgar/data/1114448/000110465910062315/
6-K,2010-12-07,2010-12-06,,0001104659-10-061452,https://www.sec.gov/Archives/edgar/data/1114448/000110465910061452/a10-22506_16k.htm,https://www.sec.gov/Archives/edgar/data/1114448/000110465910061452/
6-K,2010-12-06,2010-12-06,,0001104659-10-061245,https://www.sec.gov/Archives/edgar/data/1114448/000110465910061245/a10-22412_26k.htm,https://www.sec.gov/Archives/edgar/data/1114448/000110465910061245/
6-K,2010-12-06,2010-12-06,,0001104659-10-061202,https://www.sec.gov/Archives/edgar/data/1114448/000110465910061202/a10-22412_16k.htm,https://www.sec.gov/Archives/edgar/data/1114448/000110465910061202/
6-K,2010-12-03,2010-12-03,,0001104659-10-061008,https://www.sec.gov/Archives/edgar/data/1114448/000110465910061008/a10-22408_16k.htm,https://www.sec.gov/Archives/edgar/data/1114448/000110465910061008/
6-K,2010-12-02,2010-11-30,,0001104659-10-060790,https://www.sec.gov/Archives/edgar/data/1114448/000110465910060790/a10-22184_16k.htm,https://www.sec.gov/Archives/edgar/data/1114448/000110465910060790/
6-K,2010-12-02,2010-12-01,,0001104659-10-060788,https://www.sec.gov/Archives/edgar/data/1114448/000110465910060788/a10-22182_16k.htm,https://www.sec.gov/Archives/edgar/data/1114448/000110465910060788/
6-K,2010-11-17,2010-11-17,,0001104659-10-058879,https://www.sec.gov/Archives/edgar/data/1114448/000110465910058879/a10-21426_16k.htm,https://www.sec.gov/Archives/edgar/data/1114448/000110465910058879/
6-K,2010-11-12,2010-11-11,,0001104659-10-057790,https://www.sec.gov/Archives/edgar/data/1114448/000110465910057790/a10-21019_16k.htm,https://www.sec.gov/Archives/edgar/data/1114448/000110465910057790/
6-K,2010-11-04,2010-11-04,,0001104659-10-055770,https://www.sec.gov/Archives/edgar/data/1114448/000110465910055770/a10-20551_36k.htm,https://www.sec.gov/Archives/edgar/data/1114448/000110465910055770/
6-K,2010-11-04,2010-11-03,,0001104659-10-055722,https://www.sec.gov/Archives/edgar/data/1114448/000110465910055722/a10-20551_26k.htm,https://www.sec.gov/Archives/edgar/data/1114448/000110465910055722/
6-K,2010-11-04,2010-11-03,,0001104659-10-055718,https://www.sec.gov/Archives/edgar/data/1114448/000110465910055718/a10-20551_16k.htm,https://www.sec.gov/Archives/edgar/data/1114448/000110465910055718/
6-K,2010-11-01,2010-10-30,,0001104659-10-054910,https://www.sec.gov/Archives/edgar/data/1114448/000110465910054910/a10-20312_16k.htm,https://www.sec.gov/Archives/edgar/data/1114448/000110465910054910/
6-K,2010-10-26,2010-10-25,,0001104659-10-053596,https://www.sec.gov/Archives/edgar/data/1114448/000110465910053596/a10-19888_16k.htm,https://www.sec.gov/Archives/edgar/data/1114448/000110465910053596/
6-K,2010-10-25,2010-10-22,,0001104659-10-053364,https://www.sec.gov/Archives/edgar/data/1114448/000110465910053364/a10-19816_16k.htm,https://www.sec.gov/Archives/edgar/data/1114448/000110465910053364/
6-K,2010-10-22,2010-10-22,,0001104659-10-053208,https://www.sec.gov/Archives/edgar/data/1114448/000110465910053208/a10-19767_16k.htm,https://www.sec.gov/Archives/edgar/data/1114448/000110465910053208/
6-K,2010-10-21,2010-09-30,,0001370368-10-000041,https://www.sec.gov/Archives/edgar/data/1114448/000137036810000041/a101021-6k.htm,https://www.sec.gov/Archives/edgar/data/1114448/000137036810000041/
6-K,2010-10-21,2010-10-21,,0001104659-10-053014,https://www.sec.gov/Archives/edgar/data/1114448/000110465910053014/a10-19748_16k.htm,https://www.sec.gov/Archives/edgar/data/1114448/000110465910053014/
6-K,2010-10-18,2010-10-16,,0001104659-10-052556,https://www.sec.gov/Archives/edgar/data/1114448/000110465910052556/a10-19524_16k.htm,https://www.sec.gov/Archives/edgar/data/1114448/000110465910052556/
6-K,2010-10-12,2010-10-12,,0001104659-10-051972,https://www.sec.gov/Archives/edgar/data/1114448/000110465910051972/a10-19231_26k.htm,https://www.sec.gov/Archives/edgar/data/1114448/000110465910051972/
6-K,2010-10-12,2010-10-11,,0001104659-10-051936,https://www.sec.gov/Archives/edgar/data/1114448/000110465910051936/a10-19231_16k.htm,https://www.sec.gov/Archives/edgar/data/1114448/000110465910051936/
6-K,2010-10-07,2010-10-07,,0001104659-10-051509,https://www.sec.gov/Archives/edgar/data/1114448/000110465910051509/a10-19034_16k.htm,https://www.sec.gov/Archives/edgar/data/1114448/000110465910051509/
6-K,2010-10-06,2010-10-05,,0001104659-10-051319,https://www.sec.gov/Archives/edgar/data/1114448/000110465910051319/a10-18923_16k.htm,https://www.sec.gov/Archives/edgar/data/1114448/000110465910051319/
6-K,2010-10-01,2010-09-30,,0001104659-10-050842,https://www.sec.gov/Archives/edgar/data/1114448/000110465910050842/a10-18776_16k.htm,https://www.sec.gov/Archives/edgar/data/1114448/000110465910050842/
6-K,2010-09-30,2010-09-30,,0001104659-10-050586,https://www.sec.gov/Archives/edgar/data/1114448/000110465910050586/a10-18702_16k.htm,https://www.sec.gov/Archives/edgar/data/1114448/000110465910050586/
6-K,2010-09-27,2010-09-24,,0001104659-10-049920,https://www.sec.gov/Archives/edgar/data/1114448/000110465910049920/a10-18484_16k.htm,https://www.sec.gov/Archives/edgar/data/1114448/000110465910049920/
6-K,2010-09-27,2010-09-24,,0001104659-10-049919,https://www.sec.gov/Archives/edgar/data/1114448/000110465910049919/a10-18485_16k.htm,https://www.sec.gov/Archives/edgar/data/1114448/000110465910049919/
6-K,2010-09-27,2010-09-24,,0001104659-10-049914,https://www.sec.gov/Archives/edgar/data/1114448/000110465910049914/a10-18439_16k.htm,https://www.sec.gov/Archives/edgar/data/1114448/000110465910049914/
6-K,2010-09-24,2010-09-23,,0001104659-10-049744,https://www.sec.gov/Archives/edgar/data/1114448/000110465910049744/a10-18422_16k.htm,https://www.sec.gov/Archives/edgar/data/1114448/000110465910049744/
6-K,2010-09-23,2010-09-22,,0001104659-10-049574,https://www.sec.gov/Archives/edgar/data/1114448/000110465910049574/a10-18235_26k.htm,https://www.sec.gov/Archives/edgar/data/1114448/000110465910049574/
6-K,2010-09-23,2010-09-22,,0001104659-10-049563,https://www.sec.gov/Archives/edgar/data/1114448/000110465910049563/a10-18235_16k.htm,https://www.sec.gov/Archives/edgar/data/1114448/000110465910049563/
6-K,2010-09-20,2010-09-19,,0001104659-10-049058,https://www.sec.gov/Archives/edgar/data/1114448/000110465910049058/a10-18080_16k.htm,https://www.sec.gov/Archives/edgar/data/1114448/000110465910049058/
6-K,2010-09-16,2010-09-15,,0001104659-10-048740,https://www.sec.gov/Archives/edgar/data/1114448/000110465910048740/a10-17948_16k.htm,https://www.sec.gov/Archives/edgar/data/1114448/000110465910048740/
6-K,2010-09-14,2010-09-12,,0001104659-10-048433,https://www.sec.gov/Archives/edgar/data/1114448/000110465910048433/a10-17793_16k.htm,https://www.sec.gov/Archives/edgar/data/1114448/000110465910048433/
6-K,2010-09-10,2010-09-10,,0001104659-10-047982,https://www.sec.gov/Archives/edgar/data/1114448/000110465910047982/a10-17212_16k.htm,https://www.sec.gov/Archives/edgar/data/1114448/000110465910047982/
6-K,2010-08-27,2010-08-27,,0001104659-10-046153,https://www.sec.gov/Archives/edgar/data/1114448/000110465910046153/a10-16455_36k.htm,https://www.sec.gov/Archives/edgar/data/1114448/000110465910046153/
6-K,2010-08-27,2010-08-27,,0001104659-10-046152,https://www.sec.gov/Archives/edgar/data/1114448/000110465910046152/a10-16455_26k.htm,https://www.sec.gov/Archives/edgar/data/1114448/000110465910046152/
6-K,2010-08-27,2010-08-26,,0001104659-10-046143,https://www.sec.gov/Archives/edgar/data/1114448/000110465910046143/a10-16455_16k.htm,https://www.sec.gov/Archives/edgar/data/1114448/000110465910046143/
6-K,2010-07-26,2010-07-23,,0001104659-10-039408,https://www.sec.gov/Archives/edgar/data/1114448/000110465910039408/a10-14621_16k.htm,https://www.sec.gov/Archives/edgar/data/1114448/000110465910039408/
6-K,2010-07-21,2010-07-20,,0001104659-10-038736,https://www.sec.gov/Archives/edgar/data/1114448/000110465910038736/a10-14321_16k.htm,https://www.sec.gov/Archives/edgar/data/1114448/000110465910038736/
6-K,2010-07-20,2010-07-15,,0001104659-10-038541,https://www.sec.gov/Archives/edgar/data/1114448/000110465910038541/a10-14255_26k.htm,https://www.sec.gov/Archives/edgar/data/1114448/000110465910038541/
6-K,2010-07-20,2010-07-14,,0001104659-10-038539,https://www.sec.gov/Archives/edgar/data/1114448/000110465910038539/a10-14255_16k.htm,https://www.sec.gov/Archives/edgar/data/1114448/000110465910038539/
6-K,2010-07-15,2010-06-30,,0001370368-10-000027,https://www.sec.gov/Archives/edgar/data/1114448/000137036810000027/a100715-6k.htm,https://www.sec.gov/Archives/edgar/data/1114448/000137036810000027/
6-K,2010-07-01,2010-07-01,,0001104659-10-036627,https://www.sec.gov/Archives/edgar/data/1114448/000110465910036627/a10-13483_26k.htm,https://www.sec.gov/Archives/edgar/data/1114448/000110465910036627/
6-K,2010-07-01,2010-06-30,,0001104659-10-036626,https://www.sec.gov/Archives/edgar/data/1114448/000110465910036626/a10-13483_16k.htm,https://www.sec.gov/Archives/edgar/data/1114448/000110465910036626/
6-K,2010-06-18,2010-06-18,,0001104659-10-034480,https://www.sec.gov/Archives/edgar/data/1114448/000110465910034480/a10-12248_26k.htm,https://www.sec.gov/Archives/edgar/data/1114448/000110465910034480/
6-K,2010-06-18,2010-06-17,,0001104659-10-034469,https://www.sec.gov/Archives/edgar/data/1114448/000110465910034469/a10-12248_16k.htm,https://www.sec.gov/Archives/edgar/data/1114448/000110465910034469/
6-K,2010-06-14,2010-06-10,,0001104659-10-033579,https://www.sec.gov/Archives/edgar/data/1114448/000110465910033579/a10-11962_16k.htm,https://www.sec.gov/Archives/edgar/data/1114448/000110465910033579/
6-K,2010-06-08,2010-06-05,,0001104659-10-032776,https://www.sec.gov/Archives/edgar/data/1114448/000110465910032776/a10-11612_26k.htm,https://www.sec.gov/Archives/edgar/data/1114448/000110465910032776/
6-K,2010-06-08,2010-06-05,,0001104659-10-032772,https://www.sec.gov/Archives/edgar/data/1114448/000110465910032772/a10-11612_16k.htm,https://www.sec.gov/Archives/edgar/data/1114448/000110465910032772/
6-K,2010-06-04,2010-06-04,,0001104659-10-032371,https://www.sec.gov/Archives/edgar/data/1114448/000110465910032371/a10-11528_16k.htm,https://www.sec.gov/Archives/edgar/data/1114448/000110465910032371/
6-K,2010-06-03,2010-06-03,,0001104659-10-032088,https://www.sec.gov/Archives/edgar/data/1114448/000110465910032088/a10-11445_16k.htm,https://www.sec.gov/Archives/edgar/data/1114448/000110465910032088/
6-K,2010-06-02,2010-05-27,,0001104659-10-031902,https://www.sec.gov/Archives/edgar/data/1114448/000110465910031902/a10-11372_46k.htm,https://www.sec.gov/Archives/edgar/data/1114448/000110465910031902/
6-K,2010-06-02,2010-05-22,,0001104659-10-031901,https://www.sec.gov/Archives/edgar/data/1114448/000110465910031901/a10-11372_16k.htm,https://www.sec.gov/Archives/edgar/data/1114448/000110465910031901/
6-K,2010-06-02,2010-05-19,,0001104659-10-031899,https://www.sec.gov/Archives/edgar/data/1114448/000110465910031899/a10-11372_26k.htm,https://www.sec.gov/Archives/edgar/data/1114448/000110465910031899/
6-K,2010-06-02,2010-06-02,,0001104659-10-031898,https://www.sec.gov/Archives/edgar/data/1114448/000110465910031898/a10-11372_56k.htm,https://www.sec.gov/Archives/edgar/data/1114448/000110465910031898/
6-K,2010-06-02,2010-05-25,,0001104659-10-031897,https://www.sec.gov/Archives/edgar/data/1114448/000110465910031897/a10-11372_36k.htm,https://www.sec.gov/Archives/edgar/data/1114448/000110465910031897/
6-K,2010-04-23,2010-04-23,,0001104659-10-021356,https://www.sec.gov/Archives/edgar/data/1114448/000110465910021356/a10-8643_16k.htm,https://www.sec.gov/Archives/edgar/data/1114448/000110465910021356/
6-K,2010-04-22,2010-04-22,,0001104659-10-021111,https://www.sec.gov/Archives/edgar/data/1114448/000110465910021111/a10-8570_16k.htm,https://www.sec.gov/Archives/edgar/data/1114448/000110465910021111/
6-K,2010-04-20,2010-04-20,,0001104659-10-020578,https://www.sec.gov/Archives/edgar/data/1114448/000110465910020578/a10-8421_16k.htm,https://www.sec.gov/Archives/edgar/data/1114448/000110465910020578/
6-K,2010-04-20,2010-04-19,,0001104659-10-020512,https://www.sec.gov/Archives/edgar/data/1114448/000110465910020512/a10-8422_16k.htm,https://www.sec.gov/Archives/edgar/data/1114448/000110465910020512/
6-K,2010-04-14,2010-04-13,,0001104659-10-019559,https://www.sec.gov/Archives/edgar/data/1114448/000110465910019559/a10-8068_16k.htm,https://www.sec.gov/Archives/edgar/data/1114448/000110465910019559/
6-K,2010-03-19,2010-03-18,,0001104659-10-015287,https://www.sec.gov/Archives/edgar/data/1114448/000110465910015287/a10-6586_16k.htm,https://www.sec.gov/Archives/edgar/data/1114448/000110465910015287/
6-K,2010-03-16,2010-03-16,,0001104659-10-014396,https://www.sec.gov/Archives/edgar/data/1114448/000110465910014396/a10-6424_16k.htm,https://www.sec.gov/Archives/edgar/data/1114448/000110465910014396/
6-K,2010-03-16,2010-03-14,,0001104659-10-014344,https://www.sec.gov/Archives/edgar/data/1114448/000110465910014344/a10-6358_16k.htm,https://www.sec.gov/Archives/edgar/data/1114448/000110465910014344/
424B5,2010-03-10,,,0001047469-10-001989,https://www.sec.gov/Archives/edgar/data/1114448/000104746910001989/a2197140z424b5.htm,https://www.sec.gov/Archives/edgar/data/1114448/000104746910001989/
424B5,2010-03-09,,,0001047469-10-001907,https://www.sec.gov/Archives/edgar/data/1114448/000104746910001907/a2197140z424b5.htm,https://www.sec.gov/Archives/edgar/data/1114448/000104746910001907/
6-K,2010-03-09,2010-03-09,,0001104659-10-012923,https://www.sec.gov/Archives/edgar/data/1114448/000110465910012923/a10-5313_16k.htm,https://www.sec.gov/Archives/edgar/data/1114448/000110465910012923/
6-K,2010-03-01,2010-02-26,,0001104659-10-010571,https://www.sec.gov/Archives/edgar/data/1114448/000110465910010571/a10-4840_16k.htm,https://www.sec.gov/Archives/edgar/data/1114448/000110465910010571/
6-K,2010-02-25,2010-02-22,,0001104659-10-009343,https://www.sec.gov/Archives/edgar/data/1114448/000110465910009343/a10-4652_26k.htm,https://www.sec.gov/Archives/edgar/data/1114448/000110465910009343/
6-K,2010-02-25,2010-02-22,,0001104659-10-009333,https://www.sec.gov/Archives/edgar/data/1114448/000110465910009333/a10-4652_16k.htm,https://www.sec.gov/Archives/edgar/data/1114448/000110465910009333/
6-K,2010-02-19,2010-02-19,,0001104659-10-008047,https://www.sec.gov/Archives/edgar/data/1114448/000110465910008047/a10-4271_16k.htm,https://www.sec.gov/Archives/edgar/data/1114448/000110465910008047/
6-K,2010-02-09,2010-02-09,,0001104659-10-005597,https://www.sec.gov/Archives/edgar/data/1114448/000110465910005597/a10-3312_16k.htm,https://www.sec.gov/Archives/edgar/data/1114448/000110465910005597/
6-K,2010-02-09,2010-02-09,,0001104659-10-005499,https://www.sec.gov/Archives/edgar/data/1114448/000110465910005499/a10-3335_16k.htm,https://www.sec.gov/Archives/edgar/data/1114448/000110465910005499/
6-K,2010-01-26,2010-01-26,,0001104659-10-002886,https://www.sec.gov/Archives/edgar/data/1114448/000110465910002886/a10-2460_16k.htm,https://www.sec.gov/Archives/edgar/data/1114448/000110465910002886/
20-F,2010-01-26,2009-12-31,,0001047469-10-000310,https://www.sec.gov/Archives/edgar/data/1114448/000104746910000310/a2196017z20-f.htm,https://www.sec.gov/Archives/edgar/data/1114448/000104746910000310/
6-K,2010-01-22,2010-01-20,,0001104659-10-002504,https://www.sec.gov/Archives/edgar/data/1114448/000110465910002504/a10-2226_26k.htm,https://www.sec.gov/Archives/edgar/data/1114448/000110465910002504/
6-K,2010-01-22,2010-01-20,,0001104659-10-002503,https://www.sec.gov/Archives/edgar/data/1114448/000110465910002503/a10-2226_16k.htm,https://www.sec.gov/Archives/edgar/data/1114448/000110465910002503/
6-K,2010-01-11,2010-01-11,,0001104659-10-000967,https://www.sec.gov/Archives/edgar/data/1114448/000110465910000967/a10-1626_16k.htm,https://www.sec.gov/Archives/edgar/data/1114448/000110465910000967/
6-K,2010-01-04,2010-01-04,,0000898822-10-000011,https://www.sec.gov/Archives/edgar/data/1114448/000089882210000011/pressreleasejanuary42009.htm,https://www.sec.gov/Archives/edgar/data/1114448/000089882210000011/
6-K,2009-12-29,2009-12-21,,0001104659-09-071672,https://www.sec.gov/Archives/edgar/data/1114448/000110465909071672/a09-37035_26k.htm,https://www.sec.gov/Archives/edgar/data/1114448/000110465909071672/
6-K,2009-12-29,2009-12-23,,0001104659-09-071671,https://www.sec.gov/Archives/edgar/data/1114448/000110465909071671/a09-37035_16k.htm,https://www.sec.gov/Archives/edgar/data/1114448/000110465909071671/
6-K,2009-12-18,2009-12-18,,0001104659-09-070579,https://www.sec.gov/Archives/edgar/data/1114448/000110465909070579/a09-35654_16k.htm,https://www.sec.gov/Archives/edgar/data/1114448/000110465909070579/
6-K,2009-12-10,2009-12-09,,0001104659-09-069290,https://www.sec.gov/Archives/edgar/data/1114448/000110465909069290/a09-35066_26k.htm,https://www.sec.gov/Archives/edgar/data/1114448/000110465909069290/
6-K,2009-12-10,2009-12-08,,0001104659-09-069215,https://www.sec.gov/Archives/edgar/data/1114448/000110465909069215/a09-35066_16k.htm,https://www.sec.gov/Archives/edgar/data/1114448/000110465909069215/
6-K,2009-12-04,2009-12-02,,0001104659-09-068480,https://www.sec.gov/Archives/edgar/data/1114448/000110465909068480/a09-34772_26k.htm,https://www.sec.gov/Archives/edgar/data/1114448/000110465909068480/
6-K,2009-12-04,2009-12-03,,0001104659-09-068475,https://www.sec.gov/Archives/edgar/data/1114448/000110465909068475/a09-34772_16k.htm,https://www.sec.gov/Archives/edgar/data/1114448/000110465909068475/
6-K,2009-11-27,2009-11-25,,0001104659-09-067212,https://www.sec.gov/Archives/edgar/data/1114448/000110465909067212/a09-34416_16k.htm,https://www.sec.gov/Archives/edgar/data/1114448/000110465909067212/
6-K,2009-11-24,2009-11-24,,0001104659-09-066665,https://www.sec.gov/Archives/edgar/data/1114448/000110465909066665/a09-34221_16k.htm,https://www.sec.gov/Archives/edgar/data/1114448/000110465909066665/
6-K,2009-11-17,2009-11-17,,0001104659-09-065379,https://www.sec.gov/Archives/edgar/data/1114448/000110465909065379/a09-33741_16k.htm,https://www.sec.gov/Archives/edgar/data/1114448/000110465909065379/
6-K,2009-11-12,2009-11-12,,0001104659-09-064254,https://www.sec.gov/Archives/edgar/data/1114448/000110465909064254/a09-33480_16k.htm,https://www.sec.gov/Archives/edgar/data/1114448/000110465909064254/
6-K,2009-11-10,2009-11-04,,0001104659-09-063799,https://www.sec.gov/Archives/edgar/data/1114448/000110465909063799/a09-33153_26k.htm,https://www.sec.gov/Archives/edgar/data/1114448/000110465909063799/
6-K,2009-11-10,2009-11-05,,0001104659-09-063798,https://www.sec.gov/Archives/edgar/data/1114448/000110465909063798/a09-33153_16k.htm,https://www.sec.gov/Archives/edgar/data/1114448/000110465909063798/
6-K,2009-11-03,2009-11-03,,0001104659-09-061981,https://www.sec.gov/Archives/edgar/data/1114448/000110465909061981/a09-32774_16k.htm,https://www.sec.gov/Archives/edgar/data/1114448/000110465909061981/
6-K,2009-10-30,2009-10-28,,0001104659-09-061310,https://www.sec.gov/Archives/edgar/data/1114448/000110465909061310/a09-32488_26k.htm,https://www.sec.gov/Archives/edgar/data/1114448/000110465909061310/
6-K,2009-10-30,2009-10-29,,0001104659-09-061309,https://www.sec.gov/Archives/edgar/data/1114448/000110465909061309/a09-32488_16k.htm,https://www.sec.gov/Archives/edgar/data/1114448/000110465909061309/
6-K,2009-10-27,2009-10-22,,0001104659-09-060429,https://www.sec.gov/Archives/edgar/data/1114448/000110465909060429/a09-32227_26k.htm,https://www.sec.gov/Archives/edgar/data/1114448/000110465909060429/
6-K,2009-10-27,2009-10-23,,0001104659-09-060426,https://www.sec.gov/Archives/edgar/data/1114448/000110465909060426/a09-32227_16k.htm,https://www.sec.gov/Archives/edgar/data/1114448/000110465909060426/
6-K,2009-10-21,2009-10-20,,0001104659-09-059677,https://www.sec.gov/Archives/edgar/data/1114448/000110465909059677/a09-31891_16k.htm,https://www.sec.gov/Archives/edgar/data/1114448/000110465909059677/
6-K,2009-10-20,2009-10-20,,0001104659-09-059537,https://www.sec.gov/Archives/edgar/data/1114448/000110465909059537/a09-31891_26k.htm,https://www.sec.gov/Archives/edgar/data/1114448/000110465909059537/
6-K,2009-10-19,2009-10-19,,0001104659-09-059295,https://www.sec.gov/Archives/edgar/data/1114448/000110465909059295/a09-31812_16k.htm,https://www.sec.gov/Archives/edgar/data/1114448/000110465909059295/
6-K,2009-10-15,2009-10-12,,0001104659-09-058941,https://www.sec.gov/Archives/edgar/data/1114448/000110465909058941/a09-31574_16k.htm,https://www.sec.gov/Archives/edgar/data/1114448/000110465909058941/
6-K,2009-10-08,2009-10-08,,0001104659-09-058233,https://www.sec.gov/Archives/edgar/data/1114448/000110465909058233/a09-30484_16k.htm,https://www.sec.gov/Archives/edgar/data/1114448/000110465909058233/
6-K,2009-10-06,2009-10-06,,0001104659-09-057858,https://www.sec.gov/Archives/edgar/data/1114448/000110465909057858/a09-30075_16k.htm,https://www.sec.gov/Archives/edgar/data/1114448/000110465909057858/
6-K,2009-10-01,2009-09-30,,0001104659-09-057197,https://www.sec.gov/Archives/edgar/data/1114448/000110465909057197/a09-29334_16k.htm,https://www.sec.gov/Archives/edgar/data/1114448/000110465909057197/
6-K,2009-09-29,2009-09-25,,0001104659-09-056655,https://www.sec.gov/Archives/edgar/data/1114448/000110465909056655/a09-28335_36k.htm,https://www.sec.gov/Archives/edgar/data/1114448/000110465909056655/
6-K,2009-09-29,2009-09-25,,0001104659-09-056654,https://www.sec.gov/Archives/edgar/data/1114448/000110465909056654/a09-28335_26k.htm,https://www.sec.gov/Archives/edgar/data/1114448/000110465909056654/
6-K,2009-09-29,2009-09-24,,0001104659-09-056651,https://www.sec.gov/Archives/edgar/data/1114448/000110465909056651/a09-28335_16k.htm,https://www.sec.gov/Archives/edgar/data/1114448/000110465909056651/
6-K,2009-09-21,2009-09-17,,0001104659-09-055305,https://www.sec.gov/Archives/edgar/data/1114448/000110465909055305/a09-26924_16k.htm,https://www.sec.gov/Archives/edgar/data/1114448/000110465909055305/
6-K,2009-09-16,2009-09-15,,0001104659-09-054670,https://www.sec.gov/Archives/edgar/data/1114448/000110465909054670/a09-26396_16k.htm,https://www.sec.gov/Archives/edgar/data/1114448/000110465909054670/
6-K,2009-09-04,2009-09-03,,0001104659-09-053325,https://www.sec.gov/Archives/edgar/data/1114448/000110465909053325/a09-25465_16k.htm,https://www.sec.gov/Archives/edgar/data/1114448/000110465909053325/
6-K,2009-08-24,2009-08-24,,0001104659-09-051143,https://www.sec.gov/Archives/edgar/data/1114448/000110465909051143/a09-23874_16k.htm,https://www.sec.gov/Archives/edgar/data/1114448/000110465909051143/
6-K,2009-08-21,2009-08-19,,0001104659-09-050895,https://www.sec.gov/Archives/edgar/data/1114448/000110465909050895/a09-23724_16k.htm,https://www.sec.gov/Archives/edgar/data/1114448/000110465909050895/
6-K,2009-08-17,2009-08-17,,0001104659-09-050061,https://www.sec.gov/Archives/edgar/data/1114448/000110465909050061/a09-23315_16k.htm,https://www.sec.gov/Archives/edgar/data/1114448/000110465909050061/
6-K,2009-08-13,2009-08-11,,0001104659-09-049368,https://www.sec.gov/Archives/edgar/data/1114448/000110465909049368/a09-22384_16k.htm,https://www.sec.gov/Archives/edgar/data/1114448/000110465909049368/
6-K,2009-08-07,2009-08-05,,0001104659-09-047937,https://www.sec.gov/Archives/edgar/data/1114448/000110465909047937/a09-21474_26k.htm,https://www.sec.gov/Archives/edgar/data/1114448/000110465909047937/
6-K,2009-08-07,2009-08-06,,0001104659-09-047928,https://www.sec.gov/Archives/edgar/data/1114448/000110465909047928/a09-21474_16k.htm,https://www.sec.gov/Archives/edgar/data/1114448/000110465909047928/
6-K,2009-07-27,2009-07-24,,0001104659-09-044814,https://www.sec.gov/Archives/edgar/data/1114448/000110465909044814/a09-19714_16k.htm,https://www.sec.gov/Archives/edgar/data/1114448/000110465909044814/
6-K,2009-07-23,2009-07-21,,0001104659-09-044392,https://www.sec.gov/Archives/edgar/data/1114448/000110465909044392/a09-19384_16k.htm,https://www.sec.gov/Archives/edgar/data/1114448/000110465909044392/
6-K,2009-07-17,2009-07-16,,0001104659-09-043532,https://www.sec.gov/Archives/edgar/data/1114448/000110465909043532/a09-18408_16k.htm,https://www.sec.gov/Archives/edgar/data/1114448/000110465909043532/
6-K,2009-07-09,2009-07-08,,0001104659-09-042491,https://www.sec.gov/Archives/edgar/data/1114448/000110465909042491/a09-17689_16k.htm,https://www.sec.gov/Archives/edgar/data/1114448/000110465909042491/
6-K,2009-07-06,2009-07-06,,0001104659-09-041859,https://www.sec.gov/Archives/edgar/data/1114448/000110465909041859/a09-17616_16k.htm,https://www.sec.gov/Archives/edgar/data/1114448/000110465909041859/
6-K,2009-07-02,2009-06-30,,0001104659-09-041507,https://www.sec.gov/Archives/edgar/data/1114448/000110465909041507/a09-17534_16k.htm,https://www.sec.gov/Archives/edgar/data/1114448/000110465909041507/
6-K,2009-06-30,2009-06-24,,0001104659-09-040827,https://www.sec.gov/Archives/edgar/data/1114448/000110465909040827/a09-17177_16k.htm,https://www.sec.gov/Archives/edgar/data/1114448/000110465909040827/
6-K,2009-06-30,2009-06-25,,0001104659-09-040826,https://www.sec.gov/Archives/edgar/data/1114448/000110465909040826/a09-17177_36k.htm,https://www.sec.gov/Archives/edgar/data/1114448/000110465909040826/
6-K,2009-06-30,2009-06-26,,0001104659-09-040825,https://www.sec.gov/Archives/edgar/data/1114448/000110465909040825/a09-17177_26k.htm,https://www.sec.gov/Archives/edgar/data/1114448/000110465909040825/
6-K,2009-06-19,2009-06-18,,0001104659-09-038953,https://www.sec.gov/Archives/edgar/data/1114448/000110465909038953/a09-16406_16k.htm,https://www.sec.gov/Archives/edgar/data/1114448/000110465909038953/
6-K,2009-06-15,2009-06-12,,0001104659-09-038103,https://www.sec.gov/Archives/edgar/data/1114448/000110465909038103/a09-15923_16k.htm,https://www.sec.gov/Archives/edgar/data/1114448/000110465909038103/
6-K,2009-06-09,2009-06-08,,0001104659-09-037306,https://www.sec.gov/Archives/edgar/data/1114448/000110465909037306/a09-15182_16k.htm,https://www.sec.gov/Archives/edgar/data/1114448/000110465909037306/
6-K,2009-06-05,2009-06-05,,0001104659-09-036833,https://www.sec.gov/Archives/edgar/data/1114448/000110465909036833/a09-15036_16k.htm,https://www.sec.gov/Archives/edgar/data/1114448/000110465909036833/
6-K,2009-06-05,2009-06-05,,0001104659-09-036733,https://www.sec.gov/Archives/edgar/data/1114448/000110465909036733/a09-14763_46k.htm,https://www.sec.gov/Archives/edgar/data/1114448/000110465909036733/
6-K,2009-06-05,2009-06-04,,0001104659-09-036732,https://www.sec.gov/Archives/edgar/data/1114448/000110465909036732/a09-14763_36k.htm,https://www.sec.gov/Archives/edgar/data/1114448/000110465909036732/
6-K,2009-06-05,2009-06-03,,0001104659-09-036730,https://www.sec.gov/Archives/edgar/data/1114448/000110465909036730/a09-14763_26k.htm,https://www.sec.gov/Archives/edgar/data/1114448/000110465909036730/
6-K,2009-06-04,2009-06-02,,0001104659-09-036575,https://www.sec.gov/Archives/edgar/data/1114448/000110465909036575/a09-14763_16k.htm,https://www.sec.gov/Archives/edgar/data/1114448/000110465909036575/
6-K,2009-06-02,2009-06-01,,0001104659-09-036125,https://www.sec.gov/Archives/edgar/data/1114448/000110465909036125/a09-14734_26k.htm,https://www.sec.gov/Archives/edgar/data/1114448/000110465909036125/
6-K,2009-06-02,2009-05-29,,0001104659-09-036124,https://www.sec.gov/Archives/edgar/data/1114448/000110465909036124/a09-14734_16k.htm,https://www.sec.gov/Archives/edgar/data/1114448/000110465909036124/
6-K,2009-05-29,2009-05-28,,0001104659-09-035513,https://www.sec.gov/Archives/edgar/data/1114448/000110465909035513/a09-14465_26k.htm,https://www.sec.gov/Archives/edgar/data/1114448/000110465909035513/
6-K,2009-05-29,2009-05-28,,0001104659-09-035509,https://www.sec.gov/Archives/edgar/data/1114448/000110465909035509/a09-14465_16k.htm,https://www.sec.gov/Archives/edgar/data/1114448/000110465909035509/
6-K,2009-05-28,2009-05-26,,0001104659-09-035192,https://www.sec.gov/Archives/edgar/data/1114448/000110465909035192/a09-14276_16k.htm,https://www.sec.gov/Archives/edgar/data/1114448/000110465909035192/
6-K,2009-05-26,2009-05-20,,0001104659-09-034691,https://www.sec.gov/Archives/edgar/data/1114448/000110465909034691/a09-14244_26k.htm,https://www.sec.gov/Archives/edgar/data/1114448/000110465909034691/
6-K,2009-05-26,2009-05-21,,0001104659-09-034689,https://www.sec.gov/Archives/edgar/data/1114448/000110465909034689/a09-14244_16k.htm,https://www.sec.gov/Archives/edgar/data/1114448/000110465909034689/
6-K,2009-05-19,2009-05-19,,0001104659-09-033431,https://www.sec.gov/Archives/edgar/data/1114448/000110465909033431/a09-13846_16k.htm,https://www.sec.gov/Archives/edgar/data/1114448/000110465909033431/
6-K,2009-05-15,2009-05-13,,0001104659-09-032653,https://www.sec.gov/Archives/edgar/data/1114448/000110465909032653/a09-13504_36k.htm,https://www.sec.gov/Archives/edgar/data/1114448/000110465909032653/
6-K,2009-05-15,2009-05-13,,0001104659-09-032652,https://www.sec.gov/Archives/edgar/data/1114448/000110465909032652/a09-13504_26k.htm,https://www.sec.gov/Archives/edgar/data/1114448/000110465909032652/
6-K,2009-05-15,2009-05-15,,0001104659-09-032651,https://www.sec.gov/Archives/edgar/data/1114448/000110465909032651/a09-13504_16k.htm,https://www.sec.gov/Archives/edgar/data/1114448/000110465909032651/
6-K,2009-05-08,2009-05-07,,0001104659-09-030668,https://www.sec.gov/Archives/edgar/data/1114448/000110465909030668/a09-12880_16k.htm,https://www.sec.gov/Archives/edgar/data/1114448/000110465909030668/
6-K,2009-05-04,2008-04-30,,0001104659-09-028853,https://www.sec.gov/Archives/edgar/data/1114448/000110465909028853/a09-12495_16k.htm,https://www.sec.gov/Archives/edgar/data/1114448/000110465909028853/
6-K,2009-04-30,2009-04-30,,0001104659-09-027305,https://www.sec.gov/Archives/edgar/data/1114448/000110465909027305/a09-12224_26k.htm,https://www.sec.gov/Archives/edgar/data/1114448/000110465909027305/
6-K,2009-04-30,2009-04-29,,0001104659-09-027304,https://www.sec.gov/Archives/edgar/data/1114448/000110465909027304/a09-12224_16k.htm,https://www.sec.gov/Archives/edgar/data/1114448/000110465909027304/
6-K,2009-04-27,2009-04-23,,0001104659-09-026234,https://www.sec.gov/Archives/edgar/data/1114448/000110465909026234/a09-10991_16k.htm,https://www.sec.gov/Archives/edgar/data/1114448/000110465909026234/
6-K,2009-04-15,2009-04-08,,0001104659-09-024138,https://www.sec.gov/Archives/edgar/data/1114448/000110465909024138/a09-10194_16k.htm,https://www.sec.gov/Archives/edgar/data/1114448/000110465909024138/
6-K,2009-04-06,2009-04-02,,0001104659-09-022687,https://www.sec.gov/Archives/edgar/data/1114448/000110465909022687/a09-9402_16k.htm,https://www.sec.gov/Archives/edgar/data/1114448/000110465909022687/
6-K,2009-03-31,2009-03-30,,0001104659-09-021476,https://www.sec.gov/Archives/edgar/data/1114448/000110465909021476/a09-9056_26k.htm,https://www.sec.gov/Archives/edgar/data/1114448/000110465909021476/
6-K,2009-03-31,2009-03-30,,0001104659-09-021475,https://www.sec.gov/Archives/edgar/data/1114448/000110465909021475/a09-9056_16k.htm,https://www.sec.gov/Archives/edgar/data/1114448/000110465909021475/
6-K,2009-03-27,2009-03-25,,0001104659-09-020484,https://www.sec.gov/Archives/edgar/data/1114448/000110465909020484/a09-8685_16k.htm,https://www.sec.gov/Archives/edgar/data/1114448/000110465909020484/
6-K,2009-03-23,2009-03-19,,0001104659-09-019192,https://www.sec.gov/Archives/edgar/data/1114448/000110465909019192/a09-8154_26k.htm,https://www.sec.gov/Archives/edgar/data/1114448/000110465909019192/
