form,filing_date,report_date,items,accession_number,primary_doc_url,filing_index_url
6-K,2026-08-18,2026-08-17,,0001171843-26-005599,https://www.sec.gov/Archives/edgar/data/353278/000117184326005599/f6k_081726.htm,https://www.sec.gov/Archives/edgar/data/353278/000117184326005599/
6-K,2026-08-10,2026-08-10,,0001171843-26-005376,https://www.sec.gov/Archives/edgar/data/353278/000117184326005376/f6k_081026.htm,https://www.sec.gov/Archives/edgar/data/353278/000117184326005376/
6-K,2026-08-10,2026-08-06,,0001171843-26-005375,https://www.sec.gov/Archives/edgar/data/353278/000117184326005375/f6k_080626.htm,https://www.sec.gov/Archives/edgar/data/353278/000117184326005375/
6-K,2026-08-04,2026-06-30,,0000353278-26-000023,https://www.sec.gov/Archives/edgar/data/353278/000035327826000023/caq22026.htm,https://www.sec.gov/Archives/edgar/data/353278/000035327826000023/
6-K,2026-08-04,2026-08-04,,0001171843-26-005184,https://www.sec.gov/Archives/edgar/data/353278/000117184326005184/f6k_080426.htm,https://www.sec.gov/Archives/edgar/data/353278/000117184326005184/
6-K,2026-08-04,2026-08-04,,0001171843-26-005172,https://www.sec.gov/Archives/edgar/data/353278/000117184326005172/f6k_080426.htm,https://www.sec.gov/Archives/edgar/data/353278/000117184326005172/
6-K,2026-07-31,2026-07-31,,0001171843-26-005109,https://www.sec.gov/Archives/edgar/data/353278/000117184326005109/f6k_073126.htm,https://www.sec.gov/Archives/edgar/data/353278/000117184326005109/
6-K,2026-07-27,2026-07-27,,0001171843-26-004880,https://www.sec.gov/Archives/edgar/data/353278/000117184326004880/f6k_072726.htm,https://www.sec.gov/Archives/edgar/data/353278/000117184326004880/
6-K,2026-07-21,2026-07-20,,0001171843-26-004788,https://www.sec.gov/Archives/edgar/data/353278/000117184326004788/f6k_072026.htm,https://www.sec.gov/Archives/edgar/data/353278/000117184326004788/
6-K,2026-07-13,2026-07-13,,0001171843-26-004596,https://www.sec.gov/Archives/edgar/data/353278/000117184326004596/f6k_071326.htm,https://www.sec.gov/Archives/edgar/data/353278/000117184326004596/
6-K,2026-07-06,2026-07-06,,0001171843-26-004469,https://www.sec.gov/Archives/edgar/data/353278/000117184326004469/f6k_070626.htm,https://www.sec.gov/Archives/edgar/data/353278/000117184326004469/
6-K,2026-06-29,2026-06-29,,0001171843-26-004353,https://www.sec.gov/Archives/edgar/data/353278/000117184326004353/f6k_062926.htm,https://www.sec.gov/Archives/edgar/data/353278/000117184326004353/
6-K,2026-06-24,2026-06-22,,0001171843-26-004275,https://www.sec.gov/Archives/edgar/data/353278/000117184326004275/f6k_062226.htm,https://www.sec.gov/Archives/edgar/data/353278/000117184326004275/
6-K,2026-06-15,2026-06-15,,0001171843-26-004116,https://www.sec.gov/Archives/edgar/data/353278/000117184326004116/f6k_061526.htm,https://www.sec.gov/Archives/edgar/data/353278/000117184326004116/
6-K,2026-06-08,2026-06-08,,0001171843-26-003963,https://www.sec.gov/Archives/edgar/data/353278/000117184326003963/f6k_060826.htm,https://www.sec.gov/Archives/edgar/data/353278/000117184326003963/
6-K,2026-06-01,2026-06-01,,0001171843-26-003822,https://www.sec.gov/Archives/edgar/data/353278/000117184326003822/f6k_060126.htm,https://www.sec.gov/Archives/edgar/data/353278/000117184326003822/
6-K,2026-05-27,2026-05-26,,0001171843-26-003710,https://www.sec.gov/Archives/edgar/data/353278/000117184326003710/f6k_052626.htm,https://www.sec.gov/Archives/edgar/data/353278/000117184326003710/
6-K,2026-05-22,2026-05-22,,0001171843-26-003645,https://www.sec.gov/Archives/edgar/data/353278/000117184326003645/f6k_052226.htm,https://www.sec.gov/Archives/edgar/data/353278/000117184326003645/
6-K,2026-05-22,2026-05-22,,0001171843-26-003634,https://www.sec.gov/Archives/edgar/data/353278/000117184326003634/f6k_052226.htm,https://www.sec.gov/Archives/edgar/data/353278/000117184326003634/
6-K,2026-05-18,2026-05-18,,0001171843-26-003506,https://www.sec.gov/Archives/edgar/data/353278/000117184326003506/f6k_051826.htm,https://www.sec.gov/Archives/edgar/data/353278/000117184326003506/
6-K,2026-05-13,2026-05-12,,0001171843-26-003349,https://www.sec.gov/Archives/edgar/data/353278/000117184326003349/f6k_051226.htm,https://www.sec.gov/Archives/edgar/data/353278/000117184326003349/
6-K,2026-05-06,2026-03-31,,0000353278-26-000018,https://www.sec.gov/Archives/edgar/data/353278/000035327826000018/caq12026.htm,https://www.sec.gov/Archives/edgar/data/353278/000035327826000018/
6-K,2026-05-05,2026-05-05,,0001171843-26-003010,https://www.sec.gov/Archives/edgar/data/353278/000117184326003010/f6k_050526.htm,https://www.sec.gov/Archives/edgar/data/353278/000117184326003010/
6-K,2026-04-27,2026-04-27,,0001171843-26-002719,https://www.sec.gov/Archives/edgar/data/353278/000117184326002719/f6k_042726.htm,https://www.sec.gov/Archives/edgar/data/353278/000117184326002719/
6-K,2026-04-20,2026-04-20,,0001171843-26-002554,https://www.sec.gov/Archives/edgar/data/353278/000117184326002554/f6k_042026.htm,https://www.sec.gov/Archives/edgar/data/353278/000117184326002554/
6-K,2026-04-20,2026-04-20,,0001171843-26-002549,https://www.sec.gov/Archives/edgar/data/353278/000117184326002549/f6k_042026.htm,https://www.sec.gov/Archives/edgar/data/353278/000117184326002549/
6-K,2026-04-13,2026-04-13,,0001171843-26-002394,https://www.sec.gov/Archives/edgar/data/353278/000117184326002394/f6k_041326.htm,https://www.sec.gov/Archives/edgar/data/353278/000117184326002394/
6-K,2026-04-07,2026-04-07,,0001171843-26-002279,https://www.sec.gov/Archives/edgar/data/353278/000117184326002279/f6k_040726.htm,https://www.sec.gov/Archives/edgar/data/353278/000117184326002279/
6-K,2026-03-30,2026-03-30,,0001171843-26-002013,https://www.sec.gov/Archives/edgar/data/353278/000117184326002013/f6k_033026.htm,https://www.sec.gov/Archives/edgar/data/353278/000117184326002013/
6-K,2026-03-27,2026-03-27,,0001171843-26-001967,https://www.sec.gov/Archives/edgar/data/353278/000117184326001967/f6k_032726.htm,https://www.sec.gov/Archives/edgar/data/353278/000117184326001967/
6-K,2026-03-27,2026-03-27,,0001171843-26-001959,https://www.sec.gov/Archives/edgar/data/353278/000117184326001959/f6k_032626.htm,https://www.sec.gov/Archives/edgar/data/353278/000117184326001959/
6-K,2026-03-26,2026-03-26,,0001171843-26-001932,https://www.sec.gov/Archives/edgar/data/353278/000117184326001932/f6k_032626.htm,https://www.sec.gov/Archives/edgar/data/353278/000117184326001932/
6-K,2026-03-23,2026-03-23,,0001171843-26-001842,https://www.sec.gov/Archives/edgar/data/353278/000117184326001842/f6k_032326.htm,https://www.sec.gov/Archives/edgar/data/353278/000117184326001842/
6-K,2026-03-20,2026-03-19,,0001171843-26-001813,https://www.sec.gov/Archives/edgar/data/353278/000117184326001813/f6k_031926.htm,https://www.sec.gov/Archives/edgar/data/353278/000117184326001813/
6-K,2026-03-17,2026-03-16,,0001171843-26-001613,https://www.sec.gov/Archives/edgar/data/353278/000117184326001613/f6k_031626.htm,https://www.sec.gov/Archives/edgar/data/353278/000117184326001613/
6-K,2026-03-09,2026-03-09,,0001171843-26-001400,https://www.sec.gov/Archives/edgar/data/353278/000117184326001400/f6k_030926.htm,https://www.sec.gov/Archives/edgar/data/353278/000117184326001400/
6-K,2026-03-02,2026-03-02,,0001171843-26-001236,https://www.sec.gov/Archives/edgar/data/353278/000117184326001236/f6k_030226.htm,https://www.sec.gov/Archives/edgar/data/353278/000117184326001236/
6-K,2026-03-02,2026-03-02,,0001171843-26-001224,https://www.sec.gov/Archives/edgar/data/353278/000117184326001224/f6k_030226.htm,https://www.sec.gov/Archives/edgar/data/353278/000117184326001224/
6-K,2026-02-23,2026-02-23,,0001171843-26-001001,https://www.sec.gov/Archives/edgar/data/353278/000117184326001001/f6k_022326.htm,https://www.sec.gov/Archives/edgar/data/353278/000117184326001001/
6-K,2026-02-23,2026-02-23,,0001171843-26-000996,https://www.sec.gov/Archives/edgar/data/353278/000117184326000996/f6k_022326.htm,https://www.sec.gov/Archives/edgar/data/353278/000117184326000996/
6-K,2026-02-20,2026-02-20,,0001171843-26-000959,https://www.sec.gov/Archives/edgar/data/353278/000117184326000959/f6k_022026.htm,https://www.sec.gov/Archives/edgar/data/353278/000117184326000959/
6-K,2026-02-17,2026-02-16,,0001171843-26-000834,https://www.sec.gov/Archives/edgar/data/353278/000117184326000834/f6k_021626.htm,https://www.sec.gov/Archives/edgar/data/353278/000117184326000834/
6-K,2026-02-11,2026-02-11,,0001171843-26-000749,https://www.sec.gov/Archives/edgar/data/353278/000117184326000749/f6k_021126.htm,https://www.sec.gov/Archives/edgar/data/353278/000117184326000749/
6-K,2026-02-10,2026-02-10,,0001171843-26-000718,https://www.sec.gov/Archives/edgar/data/353278/000117184326000718/f6k_021026.htm,https://www.sec.gov/Archives/edgar/data/353278/000117184326000718/
6-K,2026-02-09,2026-02-09,,0001171843-26-000691,https://www.sec.gov/Archives/edgar/data/353278/000117184326000691/f6k_020926.htm,https://www.sec.gov/Archives/edgar/data/353278/000117184326000691/
6-K,2026-02-05,2026-02-05,,0001171843-26-000652,https://www.sec.gov/Archives/edgar/data/353278/000117184326000652/f6k_020426.htm,https://www.sec.gov/Archives/edgar/data/353278/000117184326000652/
6-K,2026-02-05,2026-02-04,,0001171843-26-000651,https://www.sec.gov/Archives/edgar/data/353278/000117184326000651/f6k_020426.htm,https://www.sec.gov/Archives/edgar/data/353278/000117184326000651/
6-K,2026-02-05,2026-02-04,,0001171843-26-000650,https://www.sec.gov/Archives/edgar/data/353278/000117184326000650/f6k_020426.htm,https://www.sec.gov/Archives/edgar/data/353278/000117184326000650/
20-F,2026-02-04,2025-12-31,,0000353278-26-000012,https://www.sec.gov/Archives/edgar/data/353278/000035327826000012/nvo-20251231.htm,https://www.sec.gov/Archives/edgar/data/353278/000035327826000012/
6-K,2026-02-04,2025-12-31,,0000353278-26-000009,https://www.sec.gov/Archives/edgar/data/353278/000035327826000009/novonordisk_remuneration.htm,https://www.sec.gov/Archives/edgar/data/353278/000035327826000009/
6-K,2026-02-03,2025-12-31,,0000353278-26-000006,https://www.sec.gov/Archives/edgar/data/353278/000035327826000006/caq42025.htm,https://www.sec.gov/Archives/edgar/data/353278/000035327826000006/
6-K,2026-02-03,2026-02-03,,0001171843-26-000596,https://www.sec.gov/Archives/edgar/data/353278/000117184326000596/f6k_020326.htm,https://www.sec.gov/Archives/edgar/data/353278/000117184326000596/
6-K,2026-02-02,2026-02-02,,0001171843-26-000557,https://www.sec.gov/Archives/edgar/data/353278/000117184326000557/f6k_020226.htm,https://www.sec.gov/Archives/edgar/data/353278/000117184326000557/
6-K,2026-02-02,2026-01-31,,0001171843-26-000549,https://www.sec.gov/Archives/edgar/data/353278/000117184326000549/f6k_020226.htm,https://www.sec.gov/Archives/edgar/data/353278/000117184326000549/
6-K,2025-12-23,2025-12-22,,0001171843-25-008080,https://www.sec.gov/Archives/edgar/data/353278/000117184325008080/f6k_122225.htm,https://www.sec.gov/Archives/edgar/data/353278/000117184325008080/
6-K,2025-11-25,2025-11-25,,0001171843-25-007566,https://www.sec.gov/Archives/edgar/data/353278/000117184325007566/f6k_112525.htm,https://www.sec.gov/Archives/edgar/data/353278/000117184325007566/
6-K,2025-11-24,2025-11-24,,0001171843-25-007519,https://www.sec.gov/Archives/edgar/data/353278/000117184325007519/f6k_112425.htm,https://www.sec.gov/Archives/edgar/data/353278/000117184325007519/
6-K,2025-11-17,2025-11-17,,0001171843-25-007383,https://www.sec.gov/Archives/edgar/data/353278/000117184325007383/f6k_111725.htm,https://www.sec.gov/Archives/edgar/data/353278/000117184325007383/
6-K,2025-11-14,2025-11-14,,0001171843-25-007325,https://www.sec.gov/Archives/edgar/data/353278/000117184325007325/f6k_111425.htm,https://www.sec.gov/Archives/edgar/data/353278/000117184325007325/
6-K,2025-11-14,2025-11-13,,0001171843-25-007307,https://www.sec.gov/Archives/edgar/data/353278/000117184325007307/f6k_111325.htm,https://www.sec.gov/Archives/edgar/data/353278/000117184325007307/
6-K,2025-11-12,2025-11-11,,0001171843-25-007200,https://www.sec.gov/Archives/edgar/data/353278/000117184325007200/f6k_111125.htm,https://www.sec.gov/Archives/edgar/data/353278/000117184325007200/
6-K,2025-11-07,2025-11-06,,0001171843-25-007120,https://www.sec.gov/Archives/edgar/data/353278/000117184325007120/f6k_110625.htm,https://www.sec.gov/Archives/edgar/data/353278/000117184325007120/
6-K,2025-11-05,2025-09-30,,0000353278-25-000005,https://www.sec.gov/Archives/edgar/data/353278/000035327825000005/caq32025.htm,https://www.sec.gov/Archives/edgar/data/353278/000035327825000005/
6-K,2025-10-30,2025-10-30,,0001171843-25-006795,https://www.sec.gov/Archives/edgar/data/353278/000117184325006795/f6k_103025.htm,https://www.sec.gov/Archives/edgar/data/353278/000117184325006795/
6-K,2025-10-21,2025-10-21,,0001171843-25-006551,https://www.sec.gov/Archives/edgar/data/353278/000117184325006551/f6k_102125.htm,https://www.sec.gov/Archives/edgar/data/353278/000117184325006551/
6-K,2025-10-21,2025-10-21,,0001171843-25-006550,https://www.sec.gov/Archives/edgar/data/353278/000117184325006550/f6k_102125.htm,https://www.sec.gov/Archives/edgar/data/353278/000117184325006550/
6-K,2025-10-09,2025-10-09,,0001171843-25-006370,https://www.sec.gov/Archives/edgar/data/353278/000117184325006370/f6k_100925.htm,https://www.sec.gov/Archives/edgar/data/353278/000117184325006370/
6-K,2025-09-10,2025-09-10,,0001171843-25-005809,https://www.sec.gov/Archives/edgar/data/353278/000117184325005809/f6k_091025.htm,https://www.sec.gov/Archives/edgar/data/353278/000117184325005809/
6-K,2025-08-19,2025-08-19,,0001171843-25-005478,https://www.sec.gov/Archives/edgar/data/353278/000117184325005478/f6k_081925.htm,https://www.sec.gov/Archives/edgar/data/353278/000117184325005478/
6-K,2025-08-18,2025-08-15,,0001171843-25-005454,https://www.sec.gov/Archives/edgar/data/353278/000117184325005454/f6k_081525.htm,https://www.sec.gov/Archives/edgar/data/353278/000117184325005454/
6-K,2025-08-14,2025-08-12,,0001171843-25-005391,https://www.sec.gov/Archives/edgar/data/353278/000117184325005391/f6k_081225.htm,https://www.sec.gov/Archives/edgar/data/353278/000117184325005391/
6-K,2025-08-08,2025-08-08,,0001171843-25-005210,https://www.sec.gov/Archives/edgar/data/353278/000117184325005210/f6k_080825.htm,https://www.sec.gov/Archives/edgar/data/353278/000117184325005210/
6-K,2025-08-08,2025-08-07,,0001171843-25-005208,https://www.sec.gov/Archives/edgar/data/353278/000117184325005208/f6k_080725.htm,https://www.sec.gov/Archives/edgar/data/353278/000117184325005208/
6-K,2025-08-06,2025-06-30,,0001628280-25-038087,https://www.sec.gov/Archives/edgar/data/353278/000162828025038087/caq22025.htm,https://www.sec.gov/Archives/edgar/data/353278/000162828025038087/
6-K,2025-08-04,2025-08-04,,0001171843-25-004986,https://www.sec.gov/Archives/edgar/data/353278/000117184325004986/f6k_080425.htm,https://www.sec.gov/Archives/edgar/data/353278/000117184325004986/
6-K,2025-07-29,2025-07-29,,0001171843-25-004761,https://www.sec.gov/Archives/edgar/data/353278/000117184325004761/f6k_072925.htm,https://www.sec.gov/Archives/edgar/data/353278/000117184325004761/
6-K,2025-07-29,2025-07-29,,0001171843-25-004760,https://www.sec.gov/Archives/edgar/data/353278/000117184325004760/f6k_072925.htm,https://www.sec.gov/Archives/edgar/data/353278/000117184325004760/
6-K,2025-06-13,2025-06-12,,0001171843-25-003877,https://www.sec.gov/Archives/edgar/data/353278/000117184325003877/f6k_061225.htm,https://www.sec.gov/Archives/edgar/data/353278/000117184325003877/
6-K,2025-05-16,2025-05-16,,0001171843-25-003274,https://www.sec.gov/Archives/edgar/data/353278/000117184325003274/f6k_051625.htm,https://www.sec.gov/Archives/edgar/data/353278/000117184325003274/
6-K,2025-05-09,2025-05-09,,0001171843-25-003007,https://www.sec.gov/Archives/edgar/data/353278/000117184325003007/f6k_050925.htm,https://www.sec.gov/Archives/edgar/data/353278/000117184325003007/
6-K,2025-05-07,2025-03-31,,0001628280-25-022877,https://www.sec.gov/Archives/edgar/data/353278/000162828025022877/caq12025.htm,https://www.sec.gov/Archives/edgar/data/353278/000162828025022877/
6-K,2025-04-03,2025-04-03,,0001171843-25-001981,https://www.sec.gov/Archives/edgar/data/353278/000117184325001981/f6k_040325.htm,https://www.sec.gov/Archives/edgar/data/353278/000117184325001981/
6-K,2025-03-31,2025-03-27,,0001171843-25-001822,https://www.sec.gov/Archives/edgar/data/353278/000117184325001822/f6k_032725.htm,https://www.sec.gov/Archives/edgar/data/353278/000117184325001822/
6-K,2025-03-10,2025-03-10,,0001171843-25-001350,https://www.sec.gov/Archives/edgar/data/353278/000117184325001350/f6k_031025.htm,https://www.sec.gov/Archives/edgar/data/353278/000117184325001350/
6-K,2025-02-27,2025-02-27,,0001171843-25-001113,https://www.sec.gov/Archives/edgar/data/353278/000117184325001113/f6k_022725.htm,https://www.sec.gov/Archives/edgar/data/353278/000117184325001113/
6-K,2025-02-07,2025-02-07,,0001171843-25-000689,https://www.sec.gov/Archives/edgar/data/353278/000117184325000689/f6k_020725.htm,https://www.sec.gov/Archives/edgar/data/353278/000117184325000689/
6-K,2025-02-06,2025-02-06,,0001171843-25-000664,https://www.sec.gov/Archives/edgar/data/353278/000117184325000664/f6k_020625.htm,https://www.sec.gov/Archives/edgar/data/353278/000117184325000664/
6-K,2025-02-05,2024-12-31,,0001628280-25-003924,https://www.sec.gov/Archives/edgar/data/353278/000162828025003924/caq42024.htm,https://www.sec.gov/Archives/edgar/data/353278/000162828025003924/
6-K,2025-02-05,2024-12-31,,0001628280-25-003923,https://www.sec.gov/Archives/edgar/data/353278/000162828025003923/irannotice2024.htm,https://www.sec.gov/Archives/edgar/data/353278/000162828025003923/
20-F,2025-02-05,2024-12-31,,0001628280-25-003920,https://www.sec.gov/Archives/edgar/data/353278/000162828025003920/nvo-20241231.htm,https://www.sec.gov/Archives/edgar/data/353278/000162828025003920/
6-K,2025-02-05,2024-12-31,,0001628280-25-003906,https://www.sec.gov/Archives/edgar/data/353278/000162828025003906/novonordiskremunerationr.htm,https://www.sec.gov/Archives/edgar/data/353278/000162828025003906/
6-K,2025-02-04,2025-02-04,,0001171843-25-000599,https://www.sec.gov/Archives/edgar/data/353278/000117184325000599/f6k_020425.htm,https://www.sec.gov/Archives/edgar/data/353278/000117184325000599/
6-K,2025-01-27,2025-01-27,,0001171843-25-000429,https://www.sec.gov/Archives/edgar/data/353278/000117184325000429/f6k_012725.htm,https://www.sec.gov/Archives/edgar/data/353278/000117184325000429/
6-K,2025-01-24,2025-01-24,,0001171843-25-000397,https://www.sec.gov/Archives/edgar/data/353278/000117184325000397/f6k_012425.htm,https://www.sec.gov/Archives/edgar/data/353278/000117184325000397/
6-K,2025-01-21,2025-01-20,,0001171843-25-000328,https://www.sec.gov/Archives/edgar/data/353278/000117184325000328/f6k_012025.htm,https://www.sec.gov/Archives/edgar/data/353278/000117184325000328/
6-K,2025-01-17,2025-01-17,,0001171843-25-000305,https://www.sec.gov/Archives/edgar/data/353278/000117184325000305/f6k_011725.htm,https://www.sec.gov/Archives/edgar/data/353278/000117184325000305/
6-K,2025-01-15,2025-01-13,,0001171843-25-000262,https://www.sec.gov/Archives/edgar/data/353278/000117184325000262/f6k_011325.htm,https://www.sec.gov/Archives/edgar/data/353278/000117184325000262/
6-K,2024-12-20,2024-12-20,,0001171843-24-007024,https://www.sec.gov/Archives/edgar/data/353278/000117184324007024/f6k_122024.htm,https://www.sec.gov/Archives/edgar/data/353278/000117184324007024/
6-K,2024-12-20,2024-12-20,,0001171843-24-007023,https://www.sec.gov/Archives/edgar/data/353278/000117184324007023/f6k_122024.htm,https://www.sec.gov/Archives/edgar/data/353278/000117184324007023/
6-K,2024-12-18,2024-12-18,,0001171843-24-006991,https://www.sec.gov/Archives/edgar/data/353278/000117184324006991/f6k_121824.htm,https://www.sec.gov/Archives/edgar/data/353278/000117184324006991/
6-K,2024-12-16,2024-12-16,,0001171843-24-006956,https://www.sec.gov/Archives/edgar/data/353278/000117184324006956/f6k_121624.htm,https://www.sec.gov/Archives/edgar/data/353278/000117184324006956/
6-K,2024-12-16,2024-12-14,,0001171843-24-006955,https://www.sec.gov/Archives/edgar/data/353278/000117184324006955/f6k_121424.htm,https://www.sec.gov/Archives/edgar/data/353278/000117184324006955/
6-K,2024-12-13,2024-12-12,,0001171843-24-006920,https://www.sec.gov/Archives/edgar/data/353278/000117184324006920/f6k_121224.htm,https://www.sec.gov/Archives/edgar/data/353278/000117184324006920/
6-K,2024-12-09,2024-12-09,,0001171843-24-006813,https://www.sec.gov/Archives/edgar/data/353278/000117184324006813/f6k_120924.htm,https://www.sec.gov/Archives/edgar/data/353278/000117184324006813/
6-K,2024-12-06,2024-12-06,,0001171843-24-006787,https://www.sec.gov/Archives/edgar/data/353278/000117184324006787/f6k_120624.htm,https://www.sec.gov/Archives/edgar/data/353278/000117184324006787/
6-K,2024-12-02,2024-12-02,,0001171843-24-006645,https://www.sec.gov/Archives/edgar/data/353278/000117184324006645/f6k_120224.htm,https://www.sec.gov/Archives/edgar/data/353278/000117184324006645/
6-K,2024-11-25,2024-11-25,,0001171843-24-006549,https://www.sec.gov/Archives/edgar/data/353278/000117184324006549/f6k_112524.htm,https://www.sec.gov/Archives/edgar/data/353278/000117184324006549/
6-K,2024-11-19,2024-11-19,,0001171843-24-006444,https://www.sec.gov/Archives/edgar/data/353278/000117184324006444/f6k_111924.htm,https://www.sec.gov/Archives/edgar/data/353278/000117184324006444/
6-K,2024-11-18,2024-11-18,,0001171843-24-006420,https://www.sec.gov/Archives/edgar/data/353278/000117184324006420/f6k_111824.htm,https://www.sec.gov/Archives/edgar/data/353278/000117184324006420/
6-K,2024-11-14,2024-11-13,,0001171843-24-006354,https://www.sec.gov/Archives/edgar/data/353278/000117184324006354/f6k_111324.htm,https://www.sec.gov/Archives/edgar/data/353278/000117184324006354/
6-K,2024-11-13,2024-11-12,,0001171843-24-006304,https://www.sec.gov/Archives/edgar/data/353278/000117184324006304/f6k_111224.htm,https://www.sec.gov/Archives/edgar/data/353278/000117184324006304/
6-K,2024-11-08,2024-11-08,,0001171843-24-006186,https://www.sec.gov/Archives/edgar/data/353278/000117184324006186/f6k_110824ca86.htm,https://www.sec.gov/Archives/edgar/data/353278/000117184324006186/
6-K,2024-11-08,2024-11-08,,0001171843-24-006185,https://www.sec.gov/Archives/edgar/data/353278/000117184324006185/f6k_110824.htm,https://www.sec.gov/Archives/edgar/data/353278/000117184324006185/
6-K,2024-11-08,2024-11-08,,0001171843-24-006184,https://www.sec.gov/Archives/edgar/data/353278/000117184324006184/f6k_110824ca84.htm,https://www.sec.gov/Archives/edgar/data/353278/000117184324006184/
6-K,2024-11-08,2024-11-08,,0001171843-24-006182,https://www.sec.gov/Archives/edgar/data/353278/000117184324006182/f6k_110824.htm,https://www.sec.gov/Archives/edgar/data/353278/000117184324006182/
6-K,2024-11-07,2024-11-07,,0001171843-24-006117,https://www.sec.gov/Archives/edgar/data/353278/000117184324006117/f6k_110724.htm,https://www.sec.gov/Archives/edgar/data/353278/000117184324006117/
6-K,2024-11-06,2024-09-30,,0001628280-24-045439,https://www.sec.gov/Archives/edgar/data/353278/000162828024045439/caq32024.htm,https://www.sec.gov/Archives/edgar/data/353278/000162828024045439/
6-K,2024-11-05,2024-11-05,,0001171843-24-006011,https://www.sec.gov/Archives/edgar/data/353278/000117184324006011/f6k_110524.htm,https://www.sec.gov/Archives/edgar/data/353278/000117184324006011/
6-K,2024-11-01,2024-11-01,,0001171843-24-005952,https://www.sec.gov/Archives/edgar/data/353278/000117184324005952/f6k_110124.htm,https://www.sec.gov/Archives/edgar/data/353278/000117184324005952/
6-K,2024-10-28,2024-10-28,,0001171843-24-005838,https://www.sec.gov/Archives/edgar/data/353278/000117184324005838/f6k_102824.htm,https://www.sec.gov/Archives/edgar/data/353278/000117184324005838/
6-K,2024-10-21,2024-10-21,,0001171843-24-005710,https://www.sec.gov/Archives/edgar/data/353278/000117184324005710/f6k_102124.htm,https://www.sec.gov/Archives/edgar/data/353278/000117184324005710/
6-K,2024-10-21,2024-10-21,,0001171843-24-005708,https://www.sec.gov/Archives/edgar/data/353278/000117184324005708/f6k_102124.htm,https://www.sec.gov/Archives/edgar/data/353278/000117184324005708/
6-K,2024-10-15,2024-10-14,,0001171843-24-005606,https://www.sec.gov/Archives/edgar/data/353278/000117184324005606/f6k_101424.htm,https://www.sec.gov/Archives/edgar/data/353278/000117184324005606/
6-K,2024-10-07,2024-10-07,,0001171843-24-005538,https://www.sec.gov/Archives/edgar/data/353278/000117184324005538/f6k_100724.htm,https://www.sec.gov/Archives/edgar/data/353278/000117184324005538/
6-K,2024-09-30,2024-09-30,,0001171843-24-005399,https://www.sec.gov/Archives/edgar/data/353278/000117184324005399/f6k_093024.htm,https://www.sec.gov/Archives/edgar/data/353278/000117184324005399/
6-K,2024-09-24,2024-09-23,,0001171843-24-005337,https://www.sec.gov/Archives/edgar/data/353278/000117184324005337/f6k_092324.htm,https://www.sec.gov/Archives/edgar/data/353278/000117184324005337/
6-K,2024-09-20,2024-09-20,,0001171843-24-005287,https://www.sec.gov/Archives/edgar/data/353278/000117184324005287/f6k_092024.htm,https://www.sec.gov/Archives/edgar/data/353278/000117184324005287/
6-K,2024-09-16,2024-09-16,,0001171843-24-005206,https://www.sec.gov/Archives/edgar/data/353278/000117184324005206/f6k_091624.htm,https://www.sec.gov/Archives/edgar/data/353278/000117184324005206/
6-K,2024-09-09,2024-09-09,,0001171843-24-005122,https://www.sec.gov/Archives/edgar/data/353278/000117184324005122/f6k_0920924.htm,https://www.sec.gov/Archives/edgar/data/353278/000117184324005122/
6-K,2024-09-09,2024-09-09,,0001171843-24-005121,https://www.sec.gov/Archives/edgar/data/353278/000117184324005121/f6k_0920924.htm,https://www.sec.gov/Archives/edgar/data/353278/000117184324005121/
6-K,2024-08-30,2024-08-30,,0001171843-24-004992,https://www.sec.gov/Archives/edgar/data/353278/000117184324004992/f6k_083024.htm,https://www.sec.gov/Archives/edgar/data/353278/000117184324004992/
6-K,2024-08-26,2024-08-26,,0001171843-24-004921,https://www.sec.gov/Archives/edgar/data/353278/000117184324004921/f6k_082624.htm,https://www.sec.gov/Archives/edgar/data/353278/000117184324004921/
6-K,2024-08-21,2024-08-20,,0001171843-24-004870,https://www.sec.gov/Archives/edgar/data/353278/000117184324004870/f6k_082024.htm,https://www.sec.gov/Archives/edgar/data/353278/000117184324004870/
6-K,2024-08-19,2024-08-19,,0001171843-24-004845,https://www.sec.gov/Archives/edgar/data/353278/000117184324004845/f6k_081924.htm,https://www.sec.gov/Archives/edgar/data/353278/000117184324004845/
6-K,2024-08-14,2024-08-14,,0001171843-24-004779,https://www.sec.gov/Archives/edgar/data/353278/000117184324004779/f6k_081424.htm,https://www.sec.gov/Archives/edgar/data/353278/000117184324004779/
6-K,2024-08-12,2024-08-12,,0001171843-24-004677,https://www.sec.gov/Archives/edgar/data/353278/000117184324004677/f6k_081224.htm,https://www.sec.gov/Archives/edgar/data/353278/000117184324004677/
6-K,2024-08-12,2024-08-12,,0001171843-24-004674,https://www.sec.gov/Archives/edgar/data/353278/000117184324004674/f6k_081224.htm,https://www.sec.gov/Archives/edgar/data/353278/000117184324004674/
6-K,2024-08-09,2024-08-09,,0001171843-24-004645,https://www.sec.gov/Archives/edgar/data/353278/000117184324004645/f6k_080924.htm,https://www.sec.gov/Archives/edgar/data/353278/000117184324004645/
6-K,2024-08-09,2024-08-08,,0001171843-24-004628,https://www.sec.gov/Archives/edgar/data/353278/000117184324004628/f6k_080824.htm,https://www.sec.gov/Archives/edgar/data/353278/000117184324004628/
6-K,2024-08-07,2024-06-30,,0001628280-24-035364,https://www.sec.gov/Archives/edgar/data/353278/000162828024035364/caq22024.htm,https://www.sec.gov/Archives/edgar/data/353278/000162828024035364/
6-K,2024-08-06,2024-08-06,,0001171843-24-004456,https://www.sec.gov/Archives/edgar/data/353278/000117184324004456/f6k_080624.htm,https://www.sec.gov/Archives/edgar/data/353278/000117184324004456/
6-K,2024-07-29,2024-07-29,,0001171843-24-004197,https://www.sec.gov/Archives/edgar/data/353278/000117184324004197/f6k_072924.htm,https://www.sec.gov/Archives/edgar/data/353278/000117184324004197/
6-K,2024-07-25,2024-07-25,,0001171843-24-004135,https://www.sec.gov/Archives/edgar/data/353278/000117184324004135/f6k_072524.htm,https://www.sec.gov/Archives/edgar/data/353278/000117184324004135/
6-K,2024-07-22,2024-07-22,,0001171843-24-004057,https://www.sec.gov/Archives/edgar/data/353278/000117184324004057/f6k_072224.htm,https://www.sec.gov/Archives/edgar/data/353278/000117184324004057/
6-K,2024-07-15,2024-07-15,,0001171843-24-003937,https://www.sec.gov/Archives/edgar/data/353278/000117184324003937/f6k_071524.htm,https://www.sec.gov/Archives/edgar/data/353278/000117184324003937/
6-K,2024-07-11,2024-07-10,,0001171843-24-003877,https://www.sec.gov/Archives/edgar/data/353278/000117184324003877/f6k_071024.htm,https://www.sec.gov/Archives/edgar/data/353278/000117184324003877/
6-K,2024-07-09,2024-07-08,,0001171843-24-003852,https://www.sec.gov/Archives/edgar/data/353278/000117184324003852/f6k_070824.htm,https://www.sec.gov/Archives/edgar/data/353278/000117184324003852/
6-K,2024-07-02,2024-07-01,,0001171843-24-003752,https://www.sec.gov/Archives/edgar/data/353278/000117184324003752/f6k_070124.htm,https://www.sec.gov/Archives/edgar/data/353278/000117184324003752/
6-K,2024-06-26,2024-06-26,,0001171843-24-003656,https://www.sec.gov/Archives/edgar/data/353278/000117184324003656/f6k_062624.htm,https://www.sec.gov/Archives/edgar/data/353278/000117184324003656/
6-K,2024-06-24,2024-06-24,,0001171843-24-003595,https://www.sec.gov/Archives/edgar/data/353278/000117184324003595/f6k_062424.htm,https://www.sec.gov/Archives/edgar/data/353278/000117184324003595/
6-K,2024-06-17,2024-06-17,,0001171843-24-003467,https://www.sec.gov/Archives/edgar/data/353278/000117184324003467/f6k_061724.htm,https://www.sec.gov/Archives/edgar/data/353278/000117184324003467/
6-K,2024-06-10,2024-06-10,,0001171843-24-003361,https://www.sec.gov/Archives/edgar/data/353278/000117184324003361/f6k_061024.htm,https://www.sec.gov/Archives/edgar/data/353278/000117184324003361/
6-K,2024-06-03,2024-06-03,,0001171843-24-003224,https://www.sec.gov/Archives/edgar/data/353278/000117184324003224/f6k_060324.htm,https://www.sec.gov/Archives/edgar/data/353278/000117184324003224/
6-K,2024-05-28,2024-05-27,,0001171843-24-003104,https://www.sec.gov/Archives/edgar/data/353278/000117184324003104/f6k_052724.htm,https://www.sec.gov/Archives/edgar/data/353278/000117184324003104/
6-K,2024-05-17,2024-05-17,,0001171843-24-002955,https://www.sec.gov/Archives/edgar/data/353278/000117184324002955/f6k_051724.htm,https://www.sec.gov/Archives/edgar/data/353278/000117184324002955/
6-K,2024-05-15,2024-05-15,,0001171843-24-002901,https://www.sec.gov/Archives/edgar/data/353278/000117184324002901/f6k_051524.htm,https://www.sec.gov/Archives/edgar/data/353278/000117184324002901/
6-K,2024-05-13,2024-05-13,,0001171843-24-002796,https://www.sec.gov/Archives/edgar/data/353278/000117184324002796/f6k_051324.htm,https://www.sec.gov/Archives/edgar/data/353278/000117184324002796/
6-K,2024-05-13,2024-05-08,,0001171843-24-002768,https://www.sec.gov/Archives/edgar/data/353278/000117184324002768/f6k_050824.htm,https://www.sec.gov/Archives/edgar/data/353278/000117184324002768/
6-K,2024-05-06,2024-05-06,,0001171843-24-002581,https://www.sec.gov/Archives/edgar/data/353278/000117184324002581/f6k_050624.htm,https://www.sec.gov/Archives/edgar/data/353278/000117184324002581/
6-K,2024-05-06,2024-05-06,,0001171843-24-002580,https://www.sec.gov/Archives/edgar/data/353278/000117184324002580/f6k_050624.htm,https://www.sec.gov/Archives/edgar/data/353278/000117184324002580/
6-K,2024-05-06,2024-05-06,,0001171843-24-002579,https://www.sec.gov/Archives/edgar/data/353278/000117184324002579/f6k_050624.htm,https://www.sec.gov/Archives/edgar/data/353278/000117184324002579/
6-K,2024-05-06,2024-05-03,,0001171843-24-002543,https://www.sec.gov/Archives/edgar/data/353278/000117184324002543/f6k_050324.htm,https://www.sec.gov/Archives/edgar/data/353278/000117184324002543/
6-K,2024-05-02,2024-03-31,,0001628280-24-019781,https://www.sec.gov/Archives/edgar/data/353278/000162828024019781/caq12024.htm,https://www.sec.gov/Archives/edgar/data/353278/000162828024019781/
6-K,2024-05-01,2024-05-01,,0001171843-24-002400,https://www.sec.gov/Archives/edgar/data/353278/000117184324002400/f6k_050124.htm,https://www.sec.gov/Archives/edgar/data/353278/000117184324002400/
6-K,2024-04-26,2024-04-26,,0001171843-24-002273,https://www.sec.gov/Archives/edgar/data/353278/000117184324002273/f6k_042624.htm,https://www.sec.gov/Archives/edgar/data/353278/000117184324002273/
6-K,2024-04-25,2024-04-24,,0001171843-24-002209,https://www.sec.gov/Archives/edgar/data/353278/000117184324002209/f6k_042424.htm,https://www.sec.gov/Archives/edgar/data/353278/000117184324002209/
6-K,2024-04-25,2024-04-24,,0001171843-24-002204,https://www.sec.gov/Archives/edgar/data/353278/000117184324002204/f6k_042424.htm,https://www.sec.gov/Archives/edgar/data/353278/000117184324002204/
6-K,2024-04-22,2024-04-22,,0001171843-24-002115,https://www.sec.gov/Archives/edgar/data/353278/000117184324002115/f6k_042224.htm,https://www.sec.gov/Archives/edgar/data/353278/000117184324002115/
6-K,2024-04-17,2024-04-15,,0001171843-24-002043,https://www.sec.gov/Archives/edgar/data/353278/000117184324002043/f6k_041524.htm,https://www.sec.gov/Archives/edgar/data/353278/000117184324002043/
6-K,2024-04-17,2024-04-15,,0001171843-24-002042,https://www.sec.gov/Archives/edgar/data/353278/000117184324002042/f6k_041524.htm,https://www.sec.gov/Archives/edgar/data/353278/000117184324002042/
6-K,2024-04-08,2024-04-08,,0001171843-24-001898,https://www.sec.gov/Archives/edgar/data/353278/000117184324001898/f6k_040824.htm,https://www.sec.gov/Archives/edgar/data/353278/000117184324001898/
6-K,2024-04-02,2024-04-02,,0001171843-24-001752,https://www.sec.gov/Archives/edgar/data/353278/000117184324001752/f6k_040224.htm,https://www.sec.gov/Archives/edgar/data/353278/000117184324001752/
6-K,2024-04-01,2024-03-25,,0001171843-24-001732,https://www.sec.gov/Archives/edgar/data/353278/000117184324001732/f6k_032524.htm,https://www.sec.gov/Archives/edgar/data/353278/000117184324001732/
6-K,2024-03-25,2024-03-25,,0001171843-24-001557,https://www.sec.gov/Archives/edgar/data/353278/000117184324001557/f6k_032124.htm,https://www.sec.gov/Archives/edgar/data/353278/000117184324001557/
6-K,2024-03-22,2024-03-21,,0001171843-24-001523,https://www.sec.gov/Archives/edgar/data/353278/000117184324001523/f6k_032124.htm,https://www.sec.gov/Archives/edgar/data/353278/000117184324001523/
6-K,2024-03-21,2024-03-21,,0001171843-24-001520,https://www.sec.gov/Archives/edgar/data/353278/000117184324001520/f6k_032124.htm,https://www.sec.gov/Archives/edgar/data/353278/000117184324001520/
6-K,2024-03-18,2024-03-18,,0001171843-24-001397,https://www.sec.gov/Archives/edgar/data/353278/000117184324001397/f6k_031824.htm,https://www.sec.gov/Archives/edgar/data/353278/000117184324001397/
6-K,2024-03-11,2024-03-11,,0001171843-24-001279,https://www.sec.gov/Archives/edgar/data/353278/000117184324001279/f6k_031124.htm,https://www.sec.gov/Archives/edgar/data/353278/000117184324001279/
6-K,2024-03-08,2024-03-08,,0001171843-24-001257,https://www.sec.gov/Archives/edgar/data/353278/000117184324001257/f6k_030824.htm,https://www.sec.gov/Archives/edgar/data/353278/000117184324001257/
6-K,2024-03-05,2024-03-05,,0001171843-24-001185,https://www.sec.gov/Archives/edgar/data/353278/000117184324001185/f6k_030524.htm,https://www.sec.gov/Archives/edgar/data/353278/000117184324001185/
6-K,2024-03-04,2024-03-04,,0001171843-24-001151,https://www.sec.gov/Archives/edgar/data/353278/000117184324001151/f6k_030424.htm,https://www.sec.gov/Archives/edgar/data/353278/000117184324001151/
6-K,2024-02-26,2024-02-26,,0001171843-24-000963,https://www.sec.gov/Archives/edgar/data/353278/000117184324000963/f6k_022624.htm,https://www.sec.gov/Archives/edgar/data/353278/000117184324000963/
6-K,2024-02-22,2024-02-21,,0001171843-24-000903,https://www.sec.gov/Archives/edgar/data/353278/000117184324000903/f6k_022124.htm,https://www.sec.gov/Archives/edgar/data/353278/000117184324000903/
6-K,2024-02-22,2024-02-19,,0001171843-24-000902,https://www.sec.gov/Archives/edgar/data/353278/000117184324000902/f6k_021924.htm,https://www.sec.gov/Archives/edgar/data/353278/000117184324000902/
6-K,2024-02-14,2024-02-14,,0001171843-24-000781,https://www.sec.gov/Archives/edgar/data/353278/000117184324000781/f6k_021424.htm,https://www.sec.gov/Archives/edgar/data/353278/000117184324000781/
6-K,2024-02-13,2024-02-12,,0001171843-24-000750,https://www.sec.gov/Archives/edgar/data/353278/000117184324000750/f6k_021224.htm,https://www.sec.gov/Archives/edgar/data/353278/000117184324000750/
6-K,2024-02-12,2024-02-12,,0001171843-24-000726,https://www.sec.gov/Archives/edgar/data/353278/000117184324000726/f6k_021224.htm,https://www.sec.gov/Archives/edgar/data/353278/000117184324000726/
6-K,2024-02-09,2024-02-08,,0001171843-24-000699,https://www.sec.gov/Archives/edgar/data/353278/000117184324000699/f6k_020824.htm,https://www.sec.gov/Archives/edgar/data/353278/000117184324000699/
6-K,2024-02-07,2024-02-06,,0001171843-24-000627,https://www.sec.gov/Archives/edgar/data/353278/000117184324000627/f6k_020624.htm,https://www.sec.gov/Archives/edgar/data/353278/000117184324000627/
6-K,2024-02-06,2024-02-06,,0001171843-24-000602,https://www.sec.gov/Archives/edgar/data/353278/000117184324000602/f6k_020624.htm,https://www.sec.gov/Archives/edgar/data/353278/000117184324000602/
6-K,2024-02-05,2024-02-05,,0001171843-24-000577,https://www.sec.gov/Archives/edgar/data/353278/000117184324000577/f6k_020524.htm,https://www.sec.gov/Archives/edgar/data/353278/000117184324000577/
6-K,2024-02-02,2024-02-01,,0001171843-24-000528,https://www.sec.gov/Archives/edgar/data/353278/000117184324000528/f6k_020124.htm,https://www.sec.gov/Archives/edgar/data/353278/000117184324000528/
6-K,2024-01-31,2023-12-31,,0001628280-24-002639,https://www.sec.gov/Archives/edgar/data/353278/000162828024002639/caq42023.htm,https://www.sec.gov/Archives/edgar/data/353278/000162828024002639/
20-F,2024-01-31,2023-12-31,,0001628280-24-002635,https://www.sec.gov/Archives/edgar/data/353278/000162828024002635/nvo-20231231.htm,https://www.sec.gov/Archives/edgar/data/353278/000162828024002635/
6-K,2024-01-31,2023-12-31,,0001628280-24-002630,https://www.sec.gov/Archives/edgar/data/353278/000162828024002630/remunerationreport_2023.htm,https://www.sec.gov/Archives/edgar/data/353278/000162828024002630/
6-K,2024-01-30,2024-01-30,,0001171843-24-000462,https://www.sec.gov/Archives/edgar/data/353278/000117184324000462/f6k_013024.htm,https://www.sec.gov/Archives/edgar/data/353278/000117184324000462/
6-K,2024-01-22,2024-01-22,,0001171843-24-000331,https://www.sec.gov/Archives/edgar/data/353278/000117184324000331/f6k_012224.htm,https://www.sec.gov/Archives/edgar/data/353278/000117184324000331/
6-K,2024-01-16,2024-01-15,,0001171843-24-000256,https://www.sec.gov/Archives/edgar/data/353278/000117184324000256/f6k_011524.htm,https://www.sec.gov/Archives/edgar/data/353278/000117184324000256/
6-K,2024-01-11,2024-01-09,,0001171843-24-000214,https://www.sec.gov/Archives/edgar/data/353278/000117184324000214/f6k_010924.htm,https://www.sec.gov/Archives/edgar/data/353278/000117184324000214/
6-K,2024-01-08,2024-01-08,,0001171843-24-000120,https://www.sec.gov/Archives/edgar/data/353278/000117184324000120/f6k_010824.htm,https://www.sec.gov/Archives/edgar/data/353278/000117184324000120/
6-K,2024-01-08,2024-01-08,,0001171843-24-000118,https://www.sec.gov/Archives/edgar/data/353278/000117184324000118/f6k_010824.htm,https://www.sec.gov/Archives/edgar/data/353278/000117184324000118/
6-K,2023-12-22,2023-12-22,,0001171843-23-007684,https://www.sec.gov/Archives/edgar/data/353278/000117184323007684/f6k_122223.htm,https://www.sec.gov/Archives/edgar/data/353278/000117184323007684/
6-K,2023-12-19,2023-12-18,,0001171843-23-007603,https://www.sec.gov/Archives/edgar/data/353278/000117184323007603/f6k_121823.htm,https://www.sec.gov/Archives/edgar/data/353278/000117184323007603/
6-K,2023-12-11,2023-12-11,,0001171843-23-007530,https://www.sec.gov/Archives/edgar/data/353278/000117184323007530/f6k_121123.htm,https://www.sec.gov/Archives/edgar/data/353278/000117184323007530/
6-K,2023-12-05,2023-12-04,,0001171843-23-007414,https://www.sec.gov/Archives/edgar/data/353278/000117184323007414/f6k_120423.htm,https://www.sec.gov/Archives/edgar/data/353278/000117184323007414/
6-K,2023-11-28,2023-11-27,,0001171843-23-007288,https://www.sec.gov/Archives/edgar/data/353278/000117184323007288/f6k_112723.htm,https://www.sec.gov/Archives/edgar/data/353278/000117184323007288/
6-K,2023-11-21,2023-11-20,,0001171843-23-007202,https://www.sec.gov/Archives/edgar/data/353278/000117184323007202/f6k_112023.htm,https://www.sec.gov/Archives/edgar/data/353278/000117184323007202/
6-K,2023-11-14,2023-11-14,,0001171843-23-007081,https://www.sec.gov/Archives/edgar/data/353278/000117184323007081/f6k_111423.htm,https://www.sec.gov/Archives/edgar/data/353278/000117184323007081/
6-K,2023-11-14,2023-11-13,,0001171843-23-007079,https://www.sec.gov/Archives/edgar/data/353278/000117184323007079/f6k_111323ca77.htm,https://www.sec.gov/Archives/edgar/data/353278/000117184323007079/
6-K,2023-11-14,2023-11-13,,0001171843-23-007078,https://www.sec.gov/Archives/edgar/data/353278/000117184323007078/f6k_111323.htm,https://www.sec.gov/Archives/edgar/data/353278/000117184323007078/
6-K,2023-11-13,2023-11-10,,0001171843-23-006986,https://www.sec.gov/Archives/edgar/data/353278/000117184323006986/f6k_111023.htm,https://www.sec.gov/Archives/edgar/data/353278/000117184323006986/
6-K,2023-11-07,2023-11-07,,0001171843-23-006808,https://www.sec.gov/Archives/edgar/data/353278/000117184323006808/f6k_110723.htm,https://www.sec.gov/Archives/edgar/data/353278/000117184323006808/
6-K,2023-11-07,2023-11-06,,0001171843-23-006790,https://www.sec.gov/Archives/edgar/data/353278/000117184323006790/f6k_110623ca73.htm,https://www.sec.gov/Archives/edgar/data/353278/000117184323006790/
6-K,2023-11-06,2023-11-06,,0001171843-23-006776,https://www.sec.gov/Archives/edgar/data/353278/000117184323006776/f6k_110623.htm,https://www.sec.gov/Archives/edgar/data/353278/000117184323006776/
6-K,2023-11-06,2023-11-06,,0001171843-23-006775,https://www.sec.gov/Archives/edgar/data/353278/000117184323006775/f6k_110623ca71.htm,https://www.sec.gov/Archives/edgar/data/353278/000117184323006775/
6-K,2023-11-06,2023-11-06,,0001171843-23-006754,https://www.sec.gov/Archives/edgar/data/353278/000117184323006754/f6k_110623.htm,https://www.sec.gov/Archives/edgar/data/353278/000117184323006754/
6-K,2023-11-03,2023-11-03,,0001171843-23-006714,https://www.sec.gov/Archives/edgar/data/353278/000117184323006714/f6k_110323.htm,https://www.sec.gov/Archives/edgar/data/353278/000117184323006714/
6-K,2023-11-02,2023-09-30,,0001628280-23-036198,https://www.sec.gov/Archives/edgar/data/353278/000162828023036198/caq32023.htm,https://www.sec.gov/Archives/edgar/data/353278/000162828023036198/
6-K,2023-11-01,2023-11-01,,0001171843-23-006584,https://www.sec.gov/Archives/edgar/data/353278/000117184323006584/f6k_110123.htm,https://www.sec.gov/Archives/edgar/data/353278/000117184323006584/
6-K,2023-10-23,2023-10-23,,0001171843-23-006337,https://www.sec.gov/Archives/edgar/data/353278/000117184323006337/f6k_102323.htm,https://www.sec.gov/Archives/edgar/data/353278/000117184323006337/
6-K,2023-10-16,2023-10-16,,0001171843-23-006261,https://www.sec.gov/Archives/edgar/data/353278/000117184323006261/f6k_101623.htm,https://www.sec.gov/Archives/edgar/data/353278/000117184323006261/
6-K,2023-10-16,2023-10-13,,0001171843-23-006250,https://www.sec.gov/Archives/edgar/data/353278/000117184323006250/f6k_101323.htm,https://www.sec.gov/Archives/edgar/data/353278/000117184323006250/
6-K,2023-10-11,2023-10-10,,0001171843-23-006185,https://www.sec.gov/Archives/edgar/data/353278/000117184323006185/f6k_101023.htm,https://www.sec.gov/Archives/edgar/data/353278/000117184323006185/
6-K,2023-10-10,2023-10-09,,0001171843-23-006141,https://www.sec.gov/Archives/edgar/data/353278/000117184323006141/f6k_100923.htm,https://www.sec.gov/Archives/edgar/data/353278/000117184323006141/
6-K,2023-10-02,2023-10-02,,0001171843-23-005969,https://www.sec.gov/Archives/edgar/data/353278/000117184323005969/f6k_100223.htm,https://www.sec.gov/Archives/edgar/data/353278/000117184323005969/
6-K,2023-09-26,2023-09-25,,0001171843-23-005867,https://www.sec.gov/Archives/edgar/data/353278/000117184323005867/f6k_092523.htm,https://www.sec.gov/Archives/edgar/data/353278/000117184323005867/
6-K,2023-09-18,2023-09-18,,0001171843-23-005728,https://www.sec.gov/Archives/edgar/data/353278/000117184323005728/f6k_091823.htm,https://www.sec.gov/Archives/edgar/data/353278/000117184323005728/
6-K,2023-09-13,2023-09-13,,0001171843-23-005695,https://www.sec.gov/Archives/edgar/data/353278/000117184323005695/f6k_091323.htm,https://www.sec.gov/Archives/edgar/data/353278/000117184323005695/
6-K,2023-09-13,2023-09-13,,0001171843-23-005686,https://www.sec.gov/Archives/edgar/data/353278/000117184323005686/f6k_091323.htm,https://www.sec.gov/Archives/edgar/data/353278/000117184323005686/
6-K,2023-09-05,2023-09-04,,0001171843-23-005535,https://www.sec.gov/Archives/edgar/data/353278/000117184323005535/f6k_090423.htm,https://www.sec.gov/Archives/edgar/data/353278/000117184323005535/
6-K,2023-08-28,2023-08-28,,0001171843-23-005441,https://www.sec.gov/Archives/edgar/data/353278/000117184323005441/f6k_082823.htm,https://www.sec.gov/Archives/edgar/data/353278/000117184323005441/
6-K,2023-08-22,2023-08-21,,0001171843-23-005393,https://www.sec.gov/Archives/edgar/data/353278/000117184323005393/f6k_082123.htm,https://www.sec.gov/Archives/edgar/data/353278/000117184323005393/
6-K,2023-08-18,2023-08-18,,0001171843-23-005366,https://www.sec.gov/Archives/edgar/data/353278/000117184323005366/f6k_081823.htm,https://www.sec.gov/Archives/edgar/data/353278/000117184323005366/
6-K,2023-08-11,2023-08-11,,0001171843-23-005258,https://www.sec.gov/Archives/edgar/data/353278/000117184323005258/f6k_081123.htm,https://www.sec.gov/Archives/edgar/data/353278/000117184323005258/
6-K,2023-08-10,2023-06-30,,0001628280-23-028728,https://www.sec.gov/Archives/edgar/data/353278/000162828023028728/caq22023.htm,https://www.sec.gov/Archives/edgar/data/353278/000162828023028728/
6-K,2023-08-09,2023-08-09,,0001171843-23-005132,https://www.sec.gov/Archives/edgar/data/353278/000117184323005132/f6k_080923.htm,https://www.sec.gov/Archives/edgar/data/353278/000117184323005132/
6-K,2023-08-08,2023-08-08,,0001171843-23-005056,https://www.sec.gov/Archives/edgar/data/353278/000117184323005056/f6k_080823.htm,https://www.sec.gov/Archives/edgar/data/353278/000117184323005056/
6-K,2023-07-31,2023-07-31,,0001171843-23-004799,https://www.sec.gov/Archives/edgar/data/353278/000117184323004799/f6k_073123.htm,https://www.sec.gov/Archives/edgar/data/353278/000117184323004799/
6-K,2023-07-24,2023-07-24,,0001171843-23-004604,https://www.sec.gov/Archives/edgar/data/353278/000117184323004604/f6k_072423.htm,https://www.sec.gov/Archives/edgar/data/353278/000117184323004604/
6-K,2023-07-17,2023-07-17,,0001171843-23-004513,https://www.sec.gov/Archives/edgar/data/353278/000117184323004513/f6k_071723.htm,https://www.sec.gov/Archives/edgar/data/353278/000117184323004513/
6-K,2023-07-10,2023-07-10,,0001171843-23-004427,https://www.sec.gov/Archives/edgar/data/353278/000117184323004427/f6k_071023.htm,https://www.sec.gov/Archives/edgar/data/353278/000117184323004427/
6-K,2023-07-03,2023-07-03,,0001171843-23-004291,https://www.sec.gov/Archives/edgar/data/353278/000117184323004291/f6k_070323.htm,https://www.sec.gov/Archives/edgar/data/353278/000117184323004291/
6-K,2023-06-26,2023-06-26,,0001171843-23-004109,https://www.sec.gov/Archives/edgar/data/353278/000117184323004109/f6k_062623.htm,https://www.sec.gov/Archives/edgar/data/353278/000117184323004109/
6-K,2023-06-21,2023-06-19,,0001171843-23-004025,https://www.sec.gov/Archives/edgar/data/353278/000117184323004025/f6k_061923.htm,https://www.sec.gov/Archives/edgar/data/353278/000117184323004025/
6-K,2023-06-12,2023-06-12,,0001171843-23-003861,https://www.sec.gov/Archives/edgar/data/353278/000117184323003861/f6k_061223.htm,https://www.sec.gov/Archives/edgar/data/353278/000117184323003861/
6-K,2023-06-06,2023-06-06,,0001171843-23-003787,https://www.sec.gov/Archives/edgar/data/353278/000117184323003787/f6k_060623.htm,https://www.sec.gov/Archives/edgar/data/353278/000117184323003787/
6-K,2023-05-30,2023-05-30,,0001171843-23-003639,https://www.sec.gov/Archives/edgar/data/353278/000117184323003639/f6k_053023.htm,https://www.sec.gov/Archives/edgar/data/353278/000117184323003639/
6-K,2023-05-30,2023-05-22,,0001171843-23-003638,https://www.sec.gov/Archives/edgar/data/353278/000117184323003638/f6k_052223.htm,https://www.sec.gov/Archives/edgar/data/353278/000117184323003638/
6-K,2023-05-23,2023-05-22,,0001171843-23-003486,https://www.sec.gov/Archives/edgar/data/353278/000117184323003486/f6k_052223.htm,https://www.sec.gov/Archives/edgar/data/353278/000117184323003486/
6-K,2023-05-16,2023-05-15,,0001171843-23-003344,https://www.sec.gov/Archives/edgar/data/353278/000117184323003344/f6k_051523.htm,https://www.sec.gov/Archives/edgar/data/353278/000117184323003344/
6-K,2023-05-16,2023-05-15,,0001171843-23-003343,https://www.sec.gov/Archives/edgar/data/353278/000117184323003343/f6k_051523.htm,https://www.sec.gov/Archives/edgar/data/353278/000117184323003343/
6-K,2023-05-16,2023-05-10,,0001171843-23-003342,https://www.sec.gov/Archives/edgar/data/353278/000117184323003342/f6k_051023.htm,https://www.sec.gov/Archives/edgar/data/353278/000117184323003342/
6-K,2023-05-10,2023-05-09,,0001171843-23-003118,https://www.sec.gov/Archives/edgar/data/353278/000117184323003118/f6k_050923n34.htm,https://www.sec.gov/Archives/edgar/data/353278/000117184323003118/
6-K,2023-05-10,2023-05-09,,0001171843-23-003117,https://www.sec.gov/Archives/edgar/data/353278/000117184323003117/f6k_050923.htm,https://www.sec.gov/Archives/edgar/data/353278/000117184323003117/
6-K,2023-05-10,2023-05-09,,0001171843-23-003116,https://www.sec.gov/Archives/edgar/data/353278/000117184323003116/f6k_050923n32.htm,https://www.sec.gov/Archives/edgar/data/353278/000117184323003116/
6-K,2023-05-09,2023-05-09,,0001171843-23-003077,https://www.sec.gov/Archives/edgar/data/353278/000117184323003077/f6k_050923.htm,https://www.sec.gov/Archives/edgar/data/353278/000117184323003077/
6-K,2023-05-04,2023-03-31,,0001628280-23-015425,https://www.sec.gov/Archives/edgar/data/353278/000162828023015425/caq12023.htm,https://www.sec.gov/Archives/edgar/data/353278/000162828023015425/
6-K,2023-05-03,2023-05-03,,0001171843-23-002795,https://www.sec.gov/Archives/edgar/data/353278/000117184323002795/f6k_050323.htm,https://www.sec.gov/Archives/edgar/data/353278/000117184323002795/
6-K,2023-04-28,2023-04-28,,0001171843-23-002670,https://www.sec.gov/Archives/edgar/data/353278/000117184323002670/f6k_042823.htm,https://www.sec.gov/Archives/edgar/data/353278/000117184323002670/
6-K,2023-04-26,2023-04-26,,0001171843-23-002560,https://www.sec.gov/Archives/edgar/data/353278/000117184323002560/f6k_042623.htm,https://www.sec.gov/Archives/edgar/data/353278/000117184323002560/
6-K,2023-04-26,2023-04-26,,0001171843-23-002559,https://www.sec.gov/Archives/edgar/data/353278/000117184323002559/f6k_042623.htm,https://www.sec.gov/Archives/edgar/data/353278/000117184323002559/
6-K,2023-04-26,2023-04-24,,0001171843-23-002558,https://www.sec.gov/Archives/edgar/data/353278/000117184323002558/f6k_042423.htm,https://www.sec.gov/Archives/edgar/data/353278/000117184323002558/
6-K,2023-04-17,2025-04-17,,0001171843-23-002330,https://www.sec.gov/Archives/edgar/data/353278/000117184323002330/f6k_041723.htm,https://www.sec.gov/Archives/edgar/data/353278/000117184323002330/
6-K,2023-04-13,2023-04-13,,0001171843-23-002273,https://www.sec.gov/Archives/edgar/data/353278/000117184323002273/f6k_041323.htm,https://www.sec.gov/Archives/edgar/data/353278/000117184323002273/
6-K,2023-04-13,2023-04-03,,0001171843-23-002272,https://www.sec.gov/Archives/edgar/data/353278/000117184323002272/f6k_040323.htm,https://www.sec.gov/Archives/edgar/data/353278/000117184323002272/
6-K,2023-03-27,2023-03-27,,0001171843-23-001918,https://www.sec.gov/Archives/edgar/data/353278/000117184323001918/f6k_032723.htm,https://www.sec.gov/Archives/edgar/data/353278/000117184323001918/
6-K,2023-03-27,2023-03-24,,0001171843-23-001896,https://www.sec.gov/Archives/edgar/data/353278/000117184323001896/f6k_032423.htm,https://www.sec.gov/Archives/edgar/data/353278/000117184323001896/
6-K,2023-03-24,2023-03-23,,0001171843-23-001870,https://www.sec.gov/Archives/edgar/data/353278/000117184323001870/f6k_032323.htm,https://www.sec.gov/Archives/edgar/data/353278/000117184323001870/
6-K,2023-03-20,2023-03-20,,0001171843-23-001763,https://www.sec.gov/Archives/edgar/data/353278/000117184323001763/f6k_032023.htm,https://www.sec.gov/Archives/edgar/data/353278/000117184323001763/
6-K,2023-03-13,2023-03-13,,0001171843-23-001628,https://www.sec.gov/Archives/edgar/data/353278/000117184323001628/f6k_031323.htm,https://www.sec.gov/Archives/edgar/data/353278/000117184323001628/
6-K,2023-03-07,2023-03-17,,0001171843-23-001467,https://www.sec.gov/Archives/edgar/data/353278/000117184323001467/f6k_030723.htm,https://www.sec.gov/Archives/edgar/data/353278/000117184323001467/
6-K,2023-03-06,2023-03-06,,0001171843-23-001412,https://www.sec.gov/Archives/edgar/data/353278/000117184323001412/f6k_030623.htm,https://www.sec.gov/Archives/edgar/data/353278/000117184323001412/
6-K,2023-02-27,2023-02-27,,0001171843-23-001168,https://www.sec.gov/Archives/edgar/data/353278/000117184323001168/f6k_022723.htm,https://www.sec.gov/Archives/edgar/data/353278/000117184323001168/
6-K,2023-02-22,2023-02-22,,0001171843-23-001086,https://www.sec.gov/Archives/edgar/data/353278/000117184323001086/f6k_022223.htm,https://www.sec.gov/Archives/edgar/data/353278/000117184323001086/
6-K,2023-02-22,2023-02-16,,0001171843-23-001085,https://www.sec.gov/Archives/edgar/data/353278/000117184323001085/f6k_021623.htm,https://www.sec.gov/Archives/edgar/data/353278/000117184323001085/
6-K,2023-02-14,2023-02-14,,0001171843-23-000946,https://www.sec.gov/Archives/edgar/data/353278/000117184323000946/f6k_021423.htm,https://www.sec.gov/Archives/edgar/data/353278/000117184323000946/
6-K,2023-02-14,2023-02-10,,0001171843-23-000944,https://www.sec.gov/Archives/edgar/data/353278/000117184323000944/f6k_021023.htm,https://www.sec.gov/Archives/edgar/data/353278/000117184323000944/
6-K,2023-02-08,2023-02-08,,0001171843-23-000783,https://www.sec.gov/Archives/edgar/data/353278/000117184323000783/f6k_020823.htm,https://www.sec.gov/Archives/edgar/data/353278/000117184323000783/
6-K,2023-02-07,2023-02-07,,0001171843-23-000762,https://www.sec.gov/Archives/edgar/data/353278/000117184323000762/f6k_020723.htm,https://www.sec.gov/Archives/edgar/data/353278/000117184323000762/
6-K,2023-02-07,2023-02-07,,0001171843-23-000743,https://www.sec.gov/Archives/edgar/data/353278/000117184323000743/f6k_020723.htm,https://www.sec.gov/Archives/edgar/data/353278/000117184323000743/
6-K,2023-02-03,2023-02-03,,0001171843-23-000673,https://www.sec.gov/Archives/edgar/data/353278/000117184323000673/f6k_020323.htm,https://www.sec.gov/Archives/edgar/data/353278/000117184323000673/
6-K,2023-02-03,2023-02-02,,0001171843-23-000647,https://www.sec.gov/Archives/edgar/data/353278/000117184323000647/f6k_020223.htm,https://www.sec.gov/Archives/edgar/data/353278/000117184323000647/
6-K,2023-02-01,2022-12-31,,0001628280-23-001872,https://www.sec.gov/Archives/edgar/data/353278/000162828023001872/caq42022.htm,https://www.sec.gov/Archives/edgar/data/353278/000162828023001872/
20-F,2023-02-01,2022-12-31,,0001628280-23-001868,https://www.sec.gov/Archives/edgar/data/353278/000162828023001868/nvo-20221231.htm,https://www.sec.gov/Archives/edgar/data/353278/000162828023001868/
6-K,2023-02-01,2022-12-31,,0001628280-23-001864,https://www.sec.gov/Archives/edgar/data/353278/000162828023001864/remunerationreport2022.htm,https://www.sec.gov/Archives/edgar/data/353278/000162828023001864/
6-K,2023-01-31,2023-01-31,,0001171843-23-000552,https://www.sec.gov/Archives/edgar/data/353278/000117184323000552/f6k_013123.htm,https://www.sec.gov/Archives/edgar/data/353278/000117184323000552/
6-K,2023-01-23,2023-01-23,,0001171843-23-000373,https://www.sec.gov/Archives/edgar/data/353278/000117184323000373/f6k_012323.htm,https://www.sec.gov/Archives/edgar/data/353278/000117184323000373/
6-K,2023-01-17,2023-01-16,,0001171843-23-000277,https://www.sec.gov/Archives/edgar/data/353278/000117184323000277/f6k_011623.htm,https://www.sec.gov/Archives/edgar/data/353278/000117184323000277/
6-K,2023-01-09,2023-01-09,,0001171843-23-000162,https://www.sec.gov/Archives/edgar/data/353278/000117184323000162/f6k_010923.htm,https://www.sec.gov/Archives/edgar/data/353278/000117184323000162/
6-K,2022-12-22,2022-12-22,,0001171843-22-008175,https://www.sec.gov/Archives/edgar/data/353278/000117184322008175/f6k_122222.htm,https://www.sec.gov/Archives/edgar/data/353278/000117184322008175/
6-K,2022-12-20,2022-12-19,,0001171843-22-008112,https://www.sec.gov/Archives/edgar/data/353278/000117184322008112/f6k_121922.htm,https://www.sec.gov/Archives/edgar/data/353278/000117184322008112/
6-K,2022-12-20,2022-12-12,,0001171843-22-008110,https://www.sec.gov/Archives/edgar/data/353278/000117184322008110/f6k_121222.htm,https://www.sec.gov/Archives/edgar/data/353278/000117184322008110/
6-K,2022-12-05,2022-12-05,,0001171843-22-007816,https://www.sec.gov/Archives/edgar/data/353278/000117184322007816/f6k_120522.htm,https://www.sec.gov/Archives/edgar/data/353278/000117184322007816/
6-K,2022-12-05,2022-11-30,,0001171843-22-007815,https://www.sec.gov/Archives/edgar/data/353278/000117184322007815/f6k_113022.htm,https://www.sec.gov/Archives/edgar/data/353278/000117184322007815/
6-K,2022-11-21,2022-11-21,,0001171843-22-007609,https://www.sec.gov/Archives/edgar/data/353278/000117184322007609/f6k_112122.htm,https://www.sec.gov/Archives/edgar/data/353278/000117184322007609/
6-K,2022-11-15,2022-11-15,,0001171843-22-007488,https://www.sec.gov/Archives/edgar/data/353278/000117184322007488/f6k_111522.htm,https://www.sec.gov/Archives/edgar/data/353278/000117184322007488/
6-K,2022-11-14,2022-11-14,,0001171843-22-007443,https://www.sec.gov/Archives/edgar/data/353278/000117184322007443/f6k_111422.htm,https://www.sec.gov/Archives/edgar/data/353278/000117184322007443/
6-K,2022-11-14,2022-11-04,,0001171843-22-007407,https://www.sec.gov/Archives/edgar/data/353278/000117184322007407/f6k_11042283.htm,https://www.sec.gov/Archives/edgar/data/353278/000117184322007407/
6-K,2022-11-14,2022-11-04,,0001171843-22-007401,https://www.sec.gov/Archives/edgar/data/353278/000117184322007401/f6k_110422.htm,https://www.sec.gov/Archives/edgar/data/353278/000117184322007401/
6-K,2022-11-14,2022-11-04,,0001171843-22-007394,https://www.sec.gov/Archives/edgar/data/353278/000117184322007394/f6k_110422.htm,https://www.sec.gov/Archives/edgar/data/353278/000117184322007394/
6-K,2022-11-07,2022-11-03,,0001171843-22-007142,https://www.sec.gov/Archives/edgar/data/353278/000117184322007142/f6k_110322.htm,https://www.sec.gov/Archives/edgar/data/353278/000117184322007142/
6-K,2022-11-02,2022-09-30,,0001628280-22-027653,https://www.sec.gov/Archives/edgar/data/353278/000162828022027653/caq32022.htm,https://www.sec.gov/Archives/edgar/data/353278/000162828022027653/
6-K,2022-11-01,2022-11-01,,0001171843-22-006940,https://www.sec.gov/Archives/edgar/data/353278/000117184322006940/f6k_110122.htm,https://www.sec.gov/Archives/edgar/data/353278/000117184322006940/
6-K,2022-10-24,2022-10-24,,0001171843-22-006697,https://www.sec.gov/Archives/edgar/data/353278/000117184322006697/f6k_102422.htm,https://www.sec.gov/Archives/edgar/data/353278/000117184322006697/
6-K,2022-10-17,2022-10-17,,0001171843-22-006606,https://www.sec.gov/Archives/edgar/data/353278/000117184322006606/f6k_101722.htm,https://www.sec.gov/Archives/edgar/data/353278/000117184322006606/
6-K,2022-10-11,2022-10-10,,0001171843-22-006541,https://www.sec.gov/Archives/edgar/data/353278/000117184322006541/f6k_101022.htm,https://www.sec.gov/Archives/edgar/data/353278/000117184322006541/
6-K,2022-10-06,2022-10-03,,0001171843-22-006474,https://www.sec.gov/Archives/edgar/data/353278/000117184322006474/f6k_100322.htm,https://www.sec.gov/Archives/edgar/data/353278/000117184322006474/
6-K,2022-10-03,2022-10-03,,0001171843-22-006344,https://www.sec.gov/Archives/edgar/data/353278/000117184322006344/f6k_100322.htm,https://www.sec.gov/Archives/edgar/data/353278/000117184322006344/
6-K,2022-09-26,2022-09-26,,0001171843-22-006224,https://www.sec.gov/Archives/edgar/data/353278/000117184322006224/f6k_092622.htm,https://www.sec.gov/Archives/edgar/data/353278/000117184322006224/
6-K,2022-09-19,2022-09-19,,0001171843-22-006137,https://www.sec.gov/Archives/edgar/data/353278/000117184322006137/f6k_091922.htm,https://www.sec.gov/Archives/edgar/data/353278/000117184322006137/
6-K,2022-09-13,2022-09-12,,0001171843-22-006070,https://www.sec.gov/Archives/edgar/data/353278/000117184322006070/f6k_091222.htm,https://www.sec.gov/Archives/edgar/data/353278/000117184322006070/
6-K,2022-09-06,2022-09-05,,0001171843-22-005952,https://www.sec.gov/Archives/edgar/data/353278/000117184322005952/f6k_090522.htm,https://www.sec.gov/Archives/edgar/data/353278/000117184322005952/
6-K,2022-08-29,2022-08-29,,0001171843-22-005842,https://www.sec.gov/Archives/edgar/data/353278/000117184322005842/f6k_082922.htm,https://www.sec.gov/Archives/edgar/data/353278/000117184322005842/
6-K,2022-08-22,2022-08-22,,0001171843-22-005787,https://www.sec.gov/Archives/edgar/data/353278/000117184322005787/f6k_082222.htm,https://www.sec.gov/Archives/edgar/data/353278/000117184322005787/
6-K,2022-08-22,2022-08-22,,0001171843-22-005786,https://www.sec.gov/Archives/edgar/data/353278/000117184322005786/f6k_082222.htm,https://www.sec.gov/Archives/edgar/data/353278/000117184322005786/
6-K,2022-08-22,2022-08-15,,0001171843-22-005785,https://www.sec.gov/Archives/edgar/data/353278/000117184322005785/f6k_081522.htm,https://www.sec.gov/Archives/edgar/data/353278/000117184322005785/
6-K,2022-08-22,2022-08-08,,0001171843-22-005784,https://www.sec.gov/Archives/edgar/data/353278/000117184322005784/f6k_080822.htm,https://www.sec.gov/Archives/edgar/data/353278/000117184322005784/
6-K,2022-08-22,2022-08-05,,0001171843-22-005783,https://www.sec.gov/Archives/edgar/data/353278/000117184322005783/f6k_080522.htm,https://www.sec.gov/Archives/edgar/data/353278/000117184322005783/
6-K,2022-08-03,2022-06-30,,0001628280-22-020384,https://www.sec.gov/Archives/edgar/data/353278/000162828022020384/caq22022.htm,https://www.sec.gov/Archives/edgar/data/353278/000162828022020384/
6-K,2022-08-03,2022-08-03,,0001171843-22-005273,https://www.sec.gov/Archives/edgar/data/353278/000117184322005273/f6k_080322.htm,https://www.sec.gov/Archives/edgar/data/353278/000117184322005273/
6-K,2022-07-29,2022-07-29,,0001171843-22-005157,https://www.sec.gov/Archives/edgar/data/353278/000117184322005157/f6k_072922.htm,https://www.sec.gov/Archives/edgar/data/353278/000117184322005157/
6-K,2022-07-25,2022-07-25,,0001171843-22-004966,https://www.sec.gov/Archives/edgar/data/353278/000117184322004966/f6k_072522.htm,https://www.sec.gov/Archives/edgar/data/353278/000117184322004966/
6-K,2022-07-18,2022-07-18,,0001171843-22-004873,https://www.sec.gov/Archives/edgar/data/353278/000117184322004873/f6k_071822.htm,https://www.sec.gov/Archives/edgar/data/353278/000117184322004873/
6-K,2022-07-18,2022-07-11,,0001171843-22-004872,https://www.sec.gov/Archives/edgar/data/353278/000117184322004872/f6k_071122.htm,https://www.sec.gov/Archives/edgar/data/353278/000117184322004872/
6-K,2022-07-18,2022-07-04,,0001171843-22-004871,https://www.sec.gov/Archives/edgar/data/353278/000117184322004871/f6k_070422.htm,https://www.sec.gov/Archives/edgar/data/353278/000117184322004871/
6-K,2022-06-27,2022-06-27,,0001171843-22-004545,https://www.sec.gov/Archives/edgar/data/353278/000117184322004545/f6k_062722.htm,https://www.sec.gov/Archives/edgar/data/353278/000117184322004545/
6-K,2022-06-21,2022-06-20,,0001171843-22-004426,https://www.sec.gov/Archives/edgar/data/353278/000117184322004426/f6k_062022.htm,https://www.sec.gov/Archives/edgar/data/353278/000117184322004426/
6-K,2022-06-13,2022-06-13,,0001171843-22-004322,https://www.sec.gov/Archives/edgar/data/353278/000117184322004322/f6k_061322.htm,https://www.sec.gov/Archives/edgar/data/353278/000117184322004322/
6-K,2022-06-13,2022-06-07,,0001171843-22-004320,https://www.sec.gov/Archives/edgar/data/353278/000117184322004320/f6k_060722.htm,https://www.sec.gov/Archives/edgar/data/353278/000117184322004320/
6-K,2022-06-07,2022-06-07,,0001171843-22-004182,https://www.sec.gov/Archives/edgar/data/353278/000117184322004182/f6k_060722.htm,https://www.sec.gov/Archives/edgar/data/353278/000117184322004182/
6-K,2022-06-03,2022-06-03,,0001171843-22-004112,https://www.sec.gov/Archives/edgar/data/353278/000117184322004112/f6k_060322.htm,https://www.sec.gov/Archives/edgar/data/353278/000117184322004112/
6-K,2022-05-31,2022-05-30,,0001171843-22-004004,https://www.sec.gov/Archives/edgar/data/353278/000117184322004004/f6k_053022.htm,https://www.sec.gov/Archives/edgar/data/353278/000117184322004004/
6-K,2022-05-24,2022-05-16,,0001171843-22-003892,https://www.sec.gov/Archives/edgar/data/353278/000117184322003892/f6k_051622.htm,https://www.sec.gov/Archives/edgar/data/353278/000117184322003892/
6-K,2022-05-24,2022-05-11,,0001171843-22-003891,https://www.sec.gov/Archives/edgar/data/353278/000117184322003891/f6k_051122.htm,https://www.sec.gov/Archives/edgar/data/353278/000117184322003891/
6-K,2022-05-24,2022-05-06,,0001171843-22-003890,https://www.sec.gov/Archives/edgar/data/353278/000117184322003890/f6k_050622.htm,https://www.sec.gov/Archives/edgar/data/353278/000117184322003890/
6-K,2022-05-23,2022-05-23,,0001171843-22-003879,https://www.sec.gov/Archives/edgar/data/353278/000117184322003879/f6k_052322.htm,https://www.sec.gov/Archives/edgar/data/353278/000117184322003879/
6-K,2022-05-06,2022-05-06,,0001171843-22-003395,https://www.sec.gov/Archives/edgar/data/353278/000117184322003395/f6k_050622.htm,https://www.sec.gov/Archives/edgar/data/353278/000117184322003395/
6-K,2022-05-04,2022-05-03,,0001171843-22-003152,https://www.sec.gov/Archives/edgar/data/353278/000117184322003152/f6k_050322.htm,https://www.sec.gov/Archives/edgar/data/353278/000117184322003152/
6-K,2022-05-04,2022-05-03,,0001171843-22-003150,https://www.sec.gov/Archives/edgar/data/353278/000117184322003150/f6k_050322.htm,https://www.sec.gov/Archives/edgar/data/353278/000117184322003150/
6-K,2022-05-04,2022-05-03,,0001171843-22-003149,https://www.sec.gov/Archives/edgar/data/353278/000117184322003149/f6k_050322.htm,https://www.sec.gov/Archives/edgar/data/353278/000117184322003149/
6-K,2022-05-03,2022-05-03,,0001171843-22-003110,https://www.sec.gov/Archives/edgar/data/353278/000117184322003110/f6k_050322.htm,https://www.sec.gov/Archives/edgar/data/353278/000117184322003110/
6-K,2022-05-03,2022-05-03,,0001171843-22-003080,https://www.sec.gov/Archives/edgar/data/353278/000117184322003080/f6k_050322.htm,https://www.sec.gov/Archives/edgar/data/353278/000117184322003080/
6-K,2022-05-03,2022-05-02,,0001171843-22-003075,https://www.sec.gov/Archives/edgar/data/353278/000117184322003075/f6k_050222.htm,https://www.sec.gov/Archives/edgar/data/353278/000117184322003075/
6-K,2022-05-03,2022-05-02,,0001171843-22-003073,https://www.sec.gov/Archives/edgar/data/353278/000117184322003073/f6k_050222.htm,https://www.sec.gov/Archives/edgar/data/353278/000117184322003073/
6-K,2022-05-03,2022-04-29,,0001171843-22-003072,https://www.sec.gov/Archives/edgar/data/353278/000117184322003072/f6k_042922.htm,https://www.sec.gov/Archives/edgar/data/353278/000117184322003072/
6-K,2022-04-29,2022-03-31,,0001628280-22-011258,https://www.sec.gov/Archives/edgar/data/353278/000162828022011258/caq12022.htm,https://www.sec.gov/Archives/edgar/data/353278/000162828022011258/
6-K,2022-04-28,2022-04-28,,0001171843-22-002933,https://www.sec.gov/Archives/edgar/data/353278/000117184322002933/f6k_042822.htm,https://www.sec.gov/Archives/edgar/data/353278/000117184322002933/
6-K,2022-04-27,2022-04-27,,0001171843-22-002849,https://www.sec.gov/Archives/edgar/data/353278/000117184322002849/f6k_042722.htm,https://www.sec.gov/Archives/edgar/data/353278/000117184322002849/
6-K,2022-04-27,2022-04-27,,0001171843-22-002848,https://www.sec.gov/Archives/edgar/data/353278/000117184322002848/f6k_042722.htm,https://www.sec.gov/Archives/edgar/data/353278/000117184322002848/
6-K,2022-04-25,2022-04-25,,0001171843-22-002745,https://www.sec.gov/Archives/edgar/data/353278/000117184322002745/f6k_042522.htm,https://www.sec.gov/Archives/edgar/data/353278/000117184322002745/
6-K,2022-04-11,2022-04-11,,0001171843-22-002499,https://www.sec.gov/Archives/edgar/data/353278/000117184322002499/f6k_041122.htm,https://www.sec.gov/Archives/edgar/data/353278/000117184322002499/
6-K,2022-04-04,2022-03-28,,0001171843-22-002301,https://www.sec.gov/Archives/edgar/data/353278/000117184322002301/f6k_032822.htm,https://www.sec.gov/Archives/edgar/data/353278/000117184322002301/
6-K,2022-04-04,2022-04-04,,0001171843-22-002300,https://www.sec.gov/Archives/edgar/data/353278/000117184322002300/f6k_040422.htm,https://www.sec.gov/Archives/edgar/data/353278/000117184322002300/
6-K,2022-03-29,2022-03-28,,0001171843-22-002143,https://www.sec.gov/Archives/edgar/data/353278/000117184322002143/f6k_032822.htm,https://www.sec.gov/Archives/edgar/data/353278/000117184322002143/
6-K,2022-03-24,2022-03-24,,0001171843-22-002090,https://www.sec.gov/Archives/edgar/data/353278/000117184322002090/f6k_032422.htm,https://www.sec.gov/Archives/edgar/data/353278/000117184322002090/
6-K,2022-03-24,2022-03-24,,0001171843-22-002089,https://www.sec.gov/Archives/edgar/data/353278/000117184322002089/f6k_032422.htm,https://www.sec.gov/Archives/edgar/data/353278/000117184322002089/
6-K,2022-03-22,2022-03-21,,0001171843-22-002026,https://www.sec.gov/Archives/edgar/data/353278/000117184322002026/f6k_032122.htm,https://www.sec.gov/Archives/edgar/data/353278/000117184322002026/
6-K,2022-03-15,2022-03-14,,0001171843-22-001872,https://www.sec.gov/Archives/edgar/data/353278/000117184322001872/f6k_031422.htm,https://www.sec.gov/Archives/edgar/data/353278/000117184322001872/
6-K,2022-03-14,2022-03-14,,0001171843-22-001828,https://www.sec.gov/Archives/edgar/data/353278/000117184322001828/f6k_031422.htm,https://www.sec.gov/Archives/edgar/data/353278/000117184322001828/
6-K,2022-03-07,2022-03-07,,0001171843-22-001669,https://www.sec.gov/Archives/edgar/data/353278/000117184322001669/f6k_030722.htm,https://www.sec.gov/Archives/edgar/data/353278/000117184322001669/
6-K,2022-03-07,2022-03-04,,0001171843-22-001657,https://www.sec.gov/Archives/edgar/data/353278/000117184322001657/f6k_030422.htm,https://www.sec.gov/Archives/edgar/data/353278/000117184322001657/
6-K,2022-03-03,2022-03-03,,0001171843-22-001587,https://www.sec.gov/Archives/edgar/data/353278/000117184322001587/f6k_030322.htm,https://www.sec.gov/Archives/edgar/data/353278/000117184322001587/
6-K,2022-03-01,2022-02-28,,0001171843-22-001465,https://www.sec.gov/Archives/edgar/data/353278/000117184322001465/f6k_022822.htm,https://www.sec.gov/Archives/edgar/data/353278/000117184322001465/
6-K,2022-02-28,2022-02-28,,0001171843-22-001427,https://www.sec.gov/Archives/edgar/data/353278/000117184322001427/f6k_022822.htm,https://www.sec.gov/Archives/edgar/data/353278/000117184322001427/
6-K,2022-02-22,2022-02-21,,0001171843-22-001222,https://www.sec.gov/Archives/edgar/data/353278/000117184322001222/f6k_022122.htm,https://www.sec.gov/Archives/edgar/data/353278/000117184322001222/
6-K,2022-02-22,2022-02-21,,0001171843-22-001221,https://www.sec.gov/Archives/edgar/data/353278/000117184322001221/f6k_022122.htm,https://www.sec.gov/Archives/edgar/data/353278/000117184322001221/
6-K,2022-02-22,2022-02-21,,0001171843-22-001220,https://www.sec.gov/Archives/edgar/data/353278/000117184322001220/f6k_022122.htm,https://www.sec.gov/Archives/edgar/data/353278/000117184322001220/
6-K,2022-02-15,2022-02-14,,0001171843-22-001027,https://www.sec.gov/Archives/edgar/data/353278/000117184322001027/f6k_021422.htm,https://www.sec.gov/Archives/edgar/data/353278/000117184322001027/
6-K,2022-02-15,2022-02-14,,0001171843-22-001020,https://www.sec.gov/Archives/edgar/data/353278/000117184322001020/f6k_021422.htm,https://www.sec.gov/Archives/edgar/data/353278/000117184322001020/
6-K,2022-02-14,2022-02-11,,0001171843-22-000988,https://www.sec.gov/Archives/edgar/data/353278/000117184322000988/f6k_021122.htm,https://www.sec.gov/Archives/edgar/data/353278/000117184322000988/
6-K,2022-02-10,2022-02-09,,0001171843-22-000916,https://www.sec.gov/Archives/edgar/data/353278/000117184322000916/f6k_020922.htm,https://www.sec.gov/Archives/edgar/data/353278/000117184322000916/
6-K,2022-02-10,2022-02-07,,0001171843-22-000912,https://www.sec.gov/Archives/edgar/data/353278/000117184322000912/f6k_020722.htm,https://www.sec.gov/Archives/edgar/data/353278/000117184322000912/
20-F,2022-02-02,2021-12-31,,0001628280-22-001639,https://www.sec.gov/Archives/edgar/data/353278/000162828022001639/nvo-20211231.htm,https://www.sec.gov/Archives/edgar/data/353278/000162828022001639/
6-K,2022-02-02,2021-12-31,,0001628280-22-001626,https://www.sec.gov/Archives/edgar/data/353278/000162828022001626/remunerationreport2021.htm,https://www.sec.gov/Archives/edgar/data/353278/000162828022001626/
6-K,2022-02-02,2021-12-31,,0001628280-22-001621,https://www.sec.gov/Archives/edgar/data/353278/000162828022001621/caq42021.htm,https://www.sec.gov/Archives/edgar/data/353278/000162828022001621/
6-K,2022-02-01,2022-02-01,,0001171843-22-000672,https://www.sec.gov/Archives/edgar/data/353278/000117184322000672/f6k_020122.htm,https://www.sec.gov/Archives/edgar/data/353278/000117184322000672/
6-K,2022-02-01,2022-01-31,,0001171843-22-000667,https://www.sec.gov/Archives/edgar/data/353278/000117184322000667/f6k_013122.htm,https://www.sec.gov/Archives/edgar/data/353278/000117184322000667/
6-K,2022-01-25,2022-01-24,,0001171843-22-000443,https://www.sec.gov/Archives/edgar/data/353278/000117184322000443/f6k_012422.htm,https://www.sec.gov/Archives/edgar/data/353278/000117184322000443/
6-K,2022-01-21,2022-01-17,,0001171843-22-000384,https://www.sec.gov/Archives/edgar/data/353278/000117184322000384/f6k_011722.htm,https://www.sec.gov/Archives/edgar/data/353278/000117184322000384/
6-K,2022-01-18,2022-01-14,,0001171843-22-000289,https://www.sec.gov/Archives/edgar/data/353278/000117184322000289/f6k_011422.htm,https://www.sec.gov/Archives/edgar/data/353278/000117184322000289/
6-K,2022-01-10,2022-01-10,,0001171843-22-000177,https://www.sec.gov/Archives/edgar/data/353278/000117184322000177/f6k_011022.htm,https://www.sec.gov/Archives/edgar/data/353278/000117184322000177/
6-K,2021-12-22,2021-12-22,,0001171843-21-008655,https://www.sec.gov/Archives/edgar/data/353278/000117184321008655/f6k_122221.htm,https://www.sec.gov/Archives/edgar/data/353278/000117184321008655/
6-K,2021-12-20,2021-12-17,,0001171843-21-008627,https://www.sec.gov/Archives/edgar/data/353278/000117184321008627/f6k_121721.htm,https://www.sec.gov/Archives/edgar/data/353278/000117184321008627/
6-K,2021-12-13,2021-12-13,,0001171843-21-008475,https://www.sec.gov/Archives/edgar/data/353278/000117184321008475/f6k_121321.htm,https://www.sec.gov/Archives/edgar/data/353278/000117184321008475/
6-K,2021-12-06,2021-12-06,,0001171843-21-008330,https://www.sec.gov/Archives/edgar/data/353278/000117184321008330/f6k_120621.htm,https://www.sec.gov/Archives/edgar/data/353278/000117184321008330/
6-K,2021-11-30,2021-11-29,,0001171843-21-008213,https://www.sec.gov/Archives/edgar/data/353278/000117184321008213/f6k_112921.htm,https://www.sec.gov/Archives/edgar/data/353278/000117184321008213/
6-K,2021-11-26,2021-11-26,,0001171843-21-008180,https://www.sec.gov/Archives/edgar/data/353278/000117184321008180/f6k_112621.htm,https://www.sec.gov/Archives/edgar/data/353278/000117184321008180/
6-K,2021-11-22,2021-11-22,,0001171843-21-008134,https://www.sec.gov/Archives/edgar/data/353278/000117184321008134/f6k_112221.htm,https://www.sec.gov/Archives/edgar/data/353278/000117184321008134/
6-K,2021-11-15,2021-11-15,,0001171843-21-007923,https://www.sec.gov/Archives/edgar/data/353278/000117184321007923/f6k_111521.htm,https://www.sec.gov/Archives/edgar/data/353278/000117184321007923/
6-K,2021-11-12,2021-11-12,,0001171843-21-007864,https://www.sec.gov/Archives/edgar/data/353278/000117184321007864/f6k_111221.htm,https://www.sec.gov/Archives/edgar/data/353278/000117184321007864/
6-K,2021-11-12,2021-11-11,,0001171843-21-007847,https://www.sec.gov/Archives/edgar/data/353278/000117184321007847/f6k_111221.htm,https://www.sec.gov/Archives/edgar/data/353278/000117184321007847/
6-K,2021-11-09,2021-11-08,,0001171843-21-007711,https://www.sec.gov/Archives/edgar/data/353278/000117184321007711/f6k_110821.htm,https://www.sec.gov/Archives/edgar/data/353278/000117184321007711/
6-K,2021-11-09,2021-11-04,,0001171843-21-007701,https://www.sec.gov/Archives/edgar/data/353278/000117184321007701/f6k_110421.htm,https://www.sec.gov/Archives/edgar/data/353278/000117184321007701/
6-K,2021-11-08,2021-11-05,,0001171843-21-007644,https://www.sec.gov/Archives/edgar/data/353278/000117184321007644/f6k_110521.htm,https://www.sec.gov/Archives/edgar/data/353278/000117184321007644/
6-K,2021-11-08,2021-11-05,,0001171843-21-007643,https://www.sec.gov/Archives/edgar/data/353278/000117184321007643/f6k_110521.htm,https://www.sec.gov/Archives/edgar/data/353278/000117184321007643/
6-K,2021-11-08,2021-11-05,,0001171843-21-007642,https://www.sec.gov/Archives/edgar/data/353278/000117184321007642/f6k_110521.htm,https://www.sec.gov/Archives/edgar/data/353278/000117184321007642/
6-K,2021-11-03,2021-09-30,,0001628280-21-021307,https://www.sec.gov/Archives/edgar/data/353278/000162828021021307/caq32021.htm,https://www.sec.gov/Archives/edgar/data/353278/000162828021021307/
6-K,2021-11-02,2021-11-02,,0001171843-21-007384,https://www.sec.gov/Archives/edgar/data/353278/000117184321007384/f6k_110221.htm,https://www.sec.gov/Archives/edgar/data/353278/000117184321007384/
6-K,2021-10-29,2021-10-29,,0001171843-21-007309,https://www.sec.gov/Archives/edgar/data/353278/000117184321007309/f6k_102921.htm,https://www.sec.gov/Archives/edgar/data/353278/000117184321007309/
6-K,2021-10-25,2021-10-25,,0001171843-21-007101,https://www.sec.gov/Archives/edgar/data/353278/000117184321007101/f6k_102521.htm,https://www.sec.gov/Archives/edgar/data/353278/000117184321007101/
6-K,2021-10-18,2021-10-18,,0001171843-21-006994,https://www.sec.gov/Archives/edgar/data/353278/000117184321006994/f6k_101821.htm,https://www.sec.gov/Archives/edgar/data/353278/000117184321006994/
6-K,2021-10-12,2021-10-11,,0001171843-21-006933,https://www.sec.gov/Archives/edgar/data/353278/000117184321006933/f6k_101121.htm,https://www.sec.gov/Archives/edgar/data/353278/000117184321006933/
6-K,2021-10-05,2021-10-04,,0001171843-21-006827,https://www.sec.gov/Archives/edgar/data/353278/000117184321006827/f6k_100421.htm,https://www.sec.gov/Archives/edgar/data/353278/000117184321006827/
6-K,2021-09-27,2021-09-27,,0001171843-21-006647,https://www.sec.gov/Archives/edgar/data/353278/000117184321006647/f6k_092721.htm,https://www.sec.gov/Archives/edgar/data/353278/000117184321006647/
6-K,2021-09-20,2021-09-20,,0001171843-21-006544,https://www.sec.gov/Archives/edgar/data/353278/000117184321006544/f6k_092021.htm,https://www.sec.gov/Archives/edgar/data/353278/000117184321006544/
6-K,2021-09-13,2021-09-13,,0001171843-21-006445,https://www.sec.gov/Archives/edgar/data/353278/000117184321006445/f6k_091321.htm,https://www.sec.gov/Archives/edgar/data/353278/000117184321006445/
6-K,2021-09-07,2021-09-06,,0001171843-21-006329,https://www.sec.gov/Archives/edgar/data/353278/000117184321006329/f6k_090621.htm,https://www.sec.gov/Archives/edgar/data/353278/000117184321006329/
6-K,2021-08-30,2021-08-30,,0001171843-21-006214,https://www.sec.gov/Archives/edgar/data/353278/000117184321006214/f6k_083021.htm,https://www.sec.gov/Archives/edgar/data/353278/000117184321006214/
6-K,2021-08-23,2021-08-23,,0001171843-21-006081,https://www.sec.gov/Archives/edgar/data/353278/000117184321006081/f6k_082321.htm,https://www.sec.gov/Archives/edgar/data/353278/000117184321006081/
6-K,2021-08-16,2021-08-16,,0001171843-21-005968,https://www.sec.gov/Archives/edgar/data/353278/000117184321005968/f6k_081621.htm,https://www.sec.gov/Archives/edgar/data/353278/000117184321005968/
6-K,2021-08-11,2021-08-11,,0001171843-21-005811,https://www.sec.gov/Archives/edgar/data/353278/000117184321005811/f6k_081121.htm,https://www.sec.gov/Archives/edgar/data/353278/000117184321005811/
6-K,2021-08-10,2021-08-10,,0001171843-21-005744,https://www.sec.gov/Archives/edgar/data/353278/000117184321005744/f6k_081021.htm,https://www.sec.gov/Archives/edgar/data/353278/000117184321005744/
6-K,2021-08-04,2021-06-30,,0001628280-21-015488,https://www.sec.gov/Archives/edgar/data/353278/000162828021015488/caq22021.htm,https://www.sec.gov/Archives/edgar/data/353278/000162828021015488/
6-K,2021-08-04,2021-08-04,,0001171843-21-005456,https://www.sec.gov/Archives/edgar/data/353278/000117184321005456/f6k_080421.htm,https://www.sec.gov/Archives/edgar/data/353278/000117184321005456/
6-K,2021-07-26,2021-07-26,,0001171843-21-005076,https://www.sec.gov/Archives/edgar/data/353278/000117184321005076/f6k_072621.htm,https://www.sec.gov/Archives/edgar/data/353278/000117184321005076/
6-K,2021-07-19,2021-07-19,,0001171843-21-004942,https://www.sec.gov/Archives/edgar/data/353278/000117184321004942/f6k_071921.htm,https://www.sec.gov/Archives/edgar/data/353278/000117184321004942/
6-K,2021-07-12,2021-07-12,,0001171843-21-004831,https://www.sec.gov/Archives/edgar/data/353278/000117184321004831/f6k_071221.htm,https://www.sec.gov/Archives/edgar/data/353278/000117184321004831/
6-K,2021-07-06,2021-07-05,,0001171843-21-004700,https://www.sec.gov/Archives/edgar/data/353278/000117184321004700/f6k_070521.htm,https://www.sec.gov/Archives/edgar/data/353278/000117184321004700/
6-K,2021-06-29,2021-06-28,,0001171843-21-004569,https://www.sec.gov/Archives/edgar/data/353278/000117184321004569/f6k_062821.htm,https://www.sec.gov/Archives/edgar/data/353278/000117184321004569/
6-K,2021-06-22,2021-06-21,,0001171843-21-004464,https://www.sec.gov/Archives/edgar/data/353278/000117184321004464/f6k_062121.htm,https://www.sec.gov/Archives/edgar/data/353278/000117184321004464/
6-K,2021-06-14,2021-06-14,,0001171843-21-004311,https://www.sec.gov/Archives/edgar/data/353278/000117184321004311/f6k_061421.htm,https://www.sec.gov/Archives/edgar/data/353278/000117184321004311/
6-K,2021-06-07,2021-06-07,,0001171843-21-004167,https://www.sec.gov/Archives/edgar/data/353278/000117184321004167/f6k_060721.htm,https://www.sec.gov/Archives/edgar/data/353278/000117184321004167/
6-K,2021-06-07,2021-06-04,,0001171843-21-004137,https://www.sec.gov/Archives/edgar/data/353278/000117184321004137/f6k_060421.htm,https://www.sec.gov/Archives/edgar/data/353278/000117184321004137/
6-K,2021-06-01,2021-05-31,,0001171843-21-003903,https://www.sec.gov/Archives/edgar/data/353278/000117184321003903/f6k_060121.htm,https://www.sec.gov/Archives/edgar/data/353278/000117184321003903/
6-K,2021-06-01,2021-05-28,,0001171843-21-003892,https://www.sec.gov/Archives/edgar/data/353278/000117184321003892/f6k_052821.htm,https://www.sec.gov/Archives/edgar/data/353278/000117184321003892/
6-K,2021-06-01,2021-05-25,,0001171843-21-003891,https://www.sec.gov/Archives/edgar/data/353278/000117184321003891/f6k_052521.htm,https://www.sec.gov/Archives/edgar/data/353278/000117184321003891/
6-K,2021-05-18,2021-05-17,,0001171843-21-003594,https://www.sec.gov/Archives/edgar/data/353278/000117184321003594/f6k_051721.htm,https://www.sec.gov/Archives/edgar/data/353278/000117184321003594/
6-K,2021-05-10,2021-05-07,,0001171843-21-003323,https://www.sec.gov/Archives/edgar/data/353278/000117184321003323/f6k_050721.htm,https://www.sec.gov/Archives/edgar/data/353278/000117184321003323/
6-K,2021-05-10,2021-05-07,,0001171843-21-003322,https://www.sec.gov/Archives/edgar/data/353278/000117184321003322/f6k_050721.htm,https://www.sec.gov/Archives/edgar/data/353278/000117184321003322/
6-K,2021-05-10,2021-05-07,,0001171843-21-003321,https://www.sec.gov/Archives/edgar/data/353278/000117184321003321/f6k_050721.htm,https://www.sec.gov/Archives/edgar/data/353278/000117184321003321/
6-K,2021-05-05,2021-03-31,,0001628280-21-008956,https://www.sec.gov/Archives/edgar/data/353278/000162828021008956/caq12021.htm,https://www.sec.gov/Archives/edgar/data/353278/000162828021008956/
6-K,2021-05-04,2021-05-04,,0001171843-21-003094,https://www.sec.gov/Archives/edgar/data/353278/000117184321003094/f6k_050421.htm,https://www.sec.gov/Archives/edgar/data/353278/000117184321003094/
6-K,2021-04-29,2021-04-29,,0001171843-21-002920,https://www.sec.gov/Archives/edgar/data/353278/000117184321002920/f6k_042921.htm,https://www.sec.gov/Archives/edgar/data/353278/000117184321002920/
6-K,2021-04-27,2021-04-27,,0001171843-21-002792,https://www.sec.gov/Archives/edgar/data/353278/000117184321002792/f6k_042721.htm,https://www.sec.gov/Archives/edgar/data/353278/000117184321002792/
6-K,2021-04-27,2021-04-27,,0001171843-21-002791,https://www.sec.gov/Archives/edgar/data/353278/000117184321002791/f6k_042721.htm,https://www.sec.gov/Archives/edgar/data/353278/000117184321002791/
6-K,2021-04-26,2021-04-26,,0001171843-21-002740,https://www.sec.gov/Archives/edgar/data/353278/000117184321002740/f6k_042621.htm,https://www.sec.gov/Archives/edgar/data/353278/000117184321002740/
6-K,2021-04-21,2021-04-21,,0001171843-21-002600,https://www.sec.gov/Archives/edgar/data/353278/000117184321002600/f6k_042121.htm,https://www.sec.gov/Archives/edgar/data/353278/000117184321002600/
6-K,2021-04-19,2021-04-19,,0001171843-21-002546,https://www.sec.gov/Archives/edgar/data/353278/000117184321002546/f6k_041921.htm,https://www.sec.gov/Archives/edgar/data/353278/000117184321002546/
6-K,2021-04-12,2021-04-12,,0001171843-21-002431,https://www.sec.gov/Archives/edgar/data/353278/000117184321002431/f6k_041221.htm,https://www.sec.gov/Archives/edgar/data/353278/000117184321002431/
6-K,2021-03-29,2021-03-29,,0001171843-21-002125,https://www.sec.gov/Archives/edgar/data/353278/000117184321002125/f6k_032921.htm,https://www.sec.gov/Archives/edgar/data/353278/000117184321002125/
6-K,2021-03-25,2021-03-25,,0001171843-21-002066,https://www.sec.gov/Archives/edgar/data/353278/000117184321002066/f6k_032521.htm,https://www.sec.gov/Archives/edgar/data/353278/000117184321002066/
6-K,2021-03-25,2021-03-25,,0001171843-21-002065,https://www.sec.gov/Archives/edgar/data/353278/000117184321002065/f6k_032521.htm,https://www.sec.gov/Archives/edgar/data/353278/000117184321002065/
6-K,2021-03-23,2021-03-22,,0001171843-21-001970,https://www.sec.gov/Archives/edgar/data/353278/000117184321001970/f6k_032221.htm,https://www.sec.gov/Archives/edgar/data/353278/000117184321001970/
6-K,2021-03-22,2021-03-22,,0001171843-21-001959,https://www.sec.gov/Archives/edgar/data/353278/000117184321001959/f6k_032221.htm,https://www.sec.gov/Archives/edgar/data/353278/000117184321001959/
6-K,2021-03-15,2021-03-15,,0001171843-21-001761,https://www.sec.gov/Archives/edgar/data/353278/000117184321001761/f6k_031521.htm,https://www.sec.gov/Archives/edgar/data/353278/000117184321001761/
6-K,2021-03-08,2021-03-08,,0001171843-21-001590,https://www.sec.gov/Archives/edgar/data/353278/000117184321001590/f6k_030821.htm,https://www.sec.gov/Archives/edgar/data/353278/000117184321001590/
6-K,2021-03-01,2021-03-01,,0001171843-21-001414,https://www.sec.gov/Archives/edgar/data/353278/000117184321001414/f6k_030121.htm,https://www.sec.gov/Archives/edgar/data/353278/000117184321001414/
6-K,2021-02-23,2021-02-23,,0001171843-21-001202,https://www.sec.gov/Archives/edgar/data/353278/000117184321001202/f6k_022321.htm,https://www.sec.gov/Archives/edgar/data/353278/000117184321001202/
6-K,2021-02-22,2021-02-22,,0001171843-21-001184,https://www.sec.gov/Archives/edgar/data/353278/000117184321001184/f6k_022221.htm,https://www.sec.gov/Archives/edgar/data/353278/000117184321001184/
6-K,2021-02-17,2021-02-17,,0001171843-21-001077,https://www.sec.gov/Archives/edgar/data/353278/000117184321001077/f6k_021721.htm,https://www.sec.gov/Archives/edgar/data/353278/000117184321001077/
6-K,2021-02-17,2021-02-16,,0001171843-21-001071,https://www.sec.gov/Archives/edgar/data/353278/000117184321001071/f6k_021621.htm,https://www.sec.gov/Archives/edgar/data/353278/000117184321001071/
6-K,2021-02-16,2021-02-15,,0001171843-21-001036,https://www.sec.gov/Archives/edgar/data/353278/000117184321001036/f6k_021621.htm,https://www.sec.gov/Archives/edgar/data/353278/000117184321001036/
6-K,2021-02-16,2021-02-12,,0001171843-21-001032,https://www.sec.gov/Archives/edgar/data/353278/000117184321001032/f6k_021221.htm,https://www.sec.gov/Archives/edgar/data/353278/000117184321001032/
6-K,2021-02-16,2021-02-10,,0001171843-21-001023,https://www.sec.gov/Archives/edgar/data/353278/000117184321001023/f6k_021021.htm,https://www.sec.gov/Archives/edgar/data/353278/000117184321001023/
6-K,2021-02-08,2021-02-08,,0001171843-21-000786,https://www.sec.gov/Archives/edgar/data/353278/000117184321000786/f6k_020821.htm,https://www.sec.gov/Archives/edgar/data/353278/000117184321000786/
6-K,2021-02-08,2021-02-05,,0001171843-21-000782,https://www.sec.gov/Archives/edgar/data/353278/000117184321000782/f6k_020521.htm,https://www.sec.gov/Archives/edgar/data/353278/000117184321000782/
20-F,2021-02-03,2020-12-31,,0001628280-21-001364,https://www.sec.gov/Archives/edgar/data/353278/000162828021001364/novo-b20xf12x31x20.htm,https://www.sec.gov/Archives/edgar/data/353278/000162828021001364/
6-K,2021-02-03,2020-12-31,,0001628280-21-001360,https://www.sec.gov/Archives/edgar/data/353278/000162828021001360/remunerationreport2020-6.htm,https://www.sec.gov/Archives/edgar/data/353278/000162828021001360/
6-K,2021-02-03,2020-12-31,,0001628280-21-001358,https://www.sec.gov/Archives/edgar/data/353278/000162828021001358/nvo-20201231.htm,https://www.sec.gov/Archives/edgar/data/353278/000162828021001358/
6-K,2021-02-03,2020-12-31,,0001628280-21-001337,https://www.sec.gov/Archives/edgar/data/353278/000162828021001337/caq42020.htm,https://www.sec.gov/Archives/edgar/data/353278/000162828021001337/
6-K,2021-02-02,2021-02-02,,0001171843-21-000660,https://www.sec.gov/Archives/edgar/data/353278/000117184321000660/f6k_020221.htm,https://www.sec.gov/Archives/edgar/data/353278/000117184321000660/
6-K,2021-01-26,2021-01-25,,0001171843-21-000474,https://www.sec.gov/Archives/edgar/data/353278/000117184321000474/f6k_012521.htm,https://www.sec.gov/Archives/edgar/data/353278/000117184321000474/
6-K,2021-01-21,2021-01-20,,0001171843-21-000348,https://www.sec.gov/Archives/edgar/data/353278/000117184321000348/f6k_012021.htm,https://www.sec.gov/Archives/edgar/data/353278/000117184321000348/
6-K,2021-01-19,2021-01-18,,0001171843-21-000304,https://www.sec.gov/Archives/edgar/data/353278/000117184321000304/f6k_011821.htm,https://www.sec.gov/Archives/edgar/data/353278/000117184321000304/
6-K,2021-01-11,2021-01-11,,0001171843-21-000194,https://www.sec.gov/Archives/edgar/data/353278/000117184321000194/f6k_011121.htm,https://www.sec.gov/Archives/edgar/data/353278/000117184321000194/
6-K,2020-12-29,2020-12-29,,0001171843-20-008793,https://www.sec.gov/Archives/edgar/data/353278/000117184320008793/f6k_122920.htm,https://www.sec.gov/Archives/edgar/data/353278/000117184320008793/
6-K,2020-12-22,2020-12-22,,0001171843-20-008728,https://www.sec.gov/Archives/edgar/data/353278/000117184320008728/f6k_122220.htm,https://www.sec.gov/Archives/edgar/data/353278/000117184320008728/
6-K,2020-12-18,2020-12-18,,0001171843-20-008622,https://www.sec.gov/Archives/edgar/data/353278/000117184320008622/f6k_121820.htm,https://www.sec.gov/Archives/edgar/data/353278/000117184320008622/
6-K,2020-12-16,2020-12-16,,0001171843-20-008566,https://www.sec.gov/Archives/edgar/data/353278/000117184320008566/f6k_121620.htm,https://www.sec.gov/Archives/edgar/data/353278/000117184320008566/
6-K,2020-12-14,2020-12-14,,0001171843-20-008539,https://www.sec.gov/Archives/edgar/data/353278/000117184320008539/f6k_121420.htm,https://www.sec.gov/Archives/edgar/data/353278/000117184320008539/
6-K,2020-12-07,2020-12-07,,0001171843-20-008420,https://www.sec.gov/Archives/edgar/data/353278/000117184320008420/f6k_120720.htm,https://www.sec.gov/Archives/edgar/data/353278/000117184320008420/
6-K,2020-12-04,2020-12-04,,0001171843-20-008357,https://www.sec.gov/Archives/edgar/data/353278/000117184320008357/f6k_120420.htm,https://www.sec.gov/Archives/edgar/data/353278/000117184320008357/
6-K,2020-11-30,2020-11-30,,0001171843-20-008234,https://www.sec.gov/Archives/edgar/data/353278/000117184320008234/f6k_113020.htm,https://www.sec.gov/Archives/edgar/data/353278/000117184320008234/
6-K,2020-11-24,2020-11-23,,0001171843-20-008183,https://www.sec.gov/Archives/edgar/data/353278/000117184320008183/f6k_111620.htm,https://www.sec.gov/Archives/edgar/data/353278/000117184320008183/
6-K,2020-11-18,2020-11-17,,0001171843-20-008080,https://www.sec.gov/Archives/edgar/data/353278/000117184320008080/f6k_111720.htm,https://www.sec.gov/Archives/edgar/data/353278/000117184320008080/
6-K,2020-11-17,2020-11-16,,0001171843-20-008057,https://www.sec.gov/Archives/edgar/data/353278/000117184320008057/f6k_111620.htm,https://www.sec.gov/Archives/edgar/data/353278/000117184320008057/
6-K,2020-11-09,2020-11-09,,0001171843-20-007781,https://www.sec.gov/Archives/edgar/data/353278/000117184320007781/f6k_110920.htm,https://www.sec.gov/Archives/edgar/data/353278/000117184320007781/
6-K,2020-11-09,2020-11-06,,0001171843-20-007776,https://www.sec.gov/Archives/edgar/data/353278/000117184320007776/f6k_110620.htm,https://www.sec.gov/Archives/edgar/data/353278/000117184320007776/
6-K,2020-11-05,2020-11-04,,0001171843-20-007640,https://www.sec.gov/Archives/edgar/data/353278/000117184320007640/f6k_110520.htm,https://www.sec.gov/Archives/edgar/data/353278/000117184320007640/
6-K,2020-11-04,2020-11-03,,0001171843-20-007531,https://www.sec.gov/Archives/edgar/data/353278/000117184320007531/f6k_110320.htm,https://www.sec.gov/Archives/edgar/data/353278/000117184320007531/
6-K,2020-11-04,2020-11-03,,0001171843-20-007532,https://www.sec.gov/Archives/edgar/data/353278/000117184320007532/f6k_110320.htm,https://www.sec.gov/Archives/edgar/data/353278/000117184320007532/
6-K,2020-11-04,2020-11-03,,0001171843-20-007530,https://www.sec.gov/Archives/edgar/data/353278/000117184320007530/f6k_110320.htm,https://www.sec.gov/Archives/edgar/data/353278/000117184320007530/
6-K,2020-10-30,2020-09-30,,0001628280-20-015134,https://www.sec.gov/Archives/edgar/data/353278/000162828020015134/caq32020.htm,https://www.sec.gov/Archives/edgar/data/353278/000162828020015134/
6-K,2020-10-29,2020-10-29,,0001171843-20-007357,https://www.sec.gov/Archives/edgar/data/353278/000117184320007357/f6k_102920.htm,https://www.sec.gov/Archives/edgar/data/353278/000117184320007357/
6-K,2020-10-26,2020-10-26,,0001171843-20-007238,https://www.sec.gov/Archives/edgar/data/353278/000117184320007238/f6k_102620.htm,https://www.sec.gov/Archives/edgar/data/353278/000117184320007238/
6-K,2020-10-19,2020-10-19,,0001171843-20-007088,https://www.sec.gov/Archives/edgar/data/353278/000117184320007088/f6k_101920.htm,https://www.sec.gov/Archives/edgar/data/353278/000117184320007088/
6-K,2020-10-14,2020-10-12,,0001171843-20-007013,https://www.sec.gov/Archives/edgar/data/353278/000117184320007013/f6k_101220.htm,https://www.sec.gov/Archives/edgar/data/353278/000117184320007013/
6-K,2020-10-08,2020-10-08,,0001171843-20-006970,https://www.sec.gov/Archives/edgar/data/353278/000117184320006970/f6k_100820.htm,https://www.sec.gov/Archives/edgar/data/353278/000117184320006970/
6-K,2020-10-05,2020-10-05,,0001171843-20-006841,https://www.sec.gov/Archives/edgar/data/353278/000117184320006841/f6k_100520.htm,https://www.sec.gov/Archives/edgar/data/353278/000117184320006841/
6-K,2020-09-28,2020-09-28,,0001171843-20-006695,https://www.sec.gov/Archives/edgar/data/353278/000117184320006695/f6k_092820.htm,https://www.sec.gov/Archives/edgar/data/353278/000117184320006695/
6-K,2020-09-22,2020-09-21,,0001171843-20-006552,https://www.sec.gov/Archives/edgar/data/353278/000117184320006552/f6k_092120.htm,https://www.sec.gov/Archives/edgar/data/353278/000117184320006552/
6-K,2020-09-14,2020-09-14,,0001171843-20-006434,https://www.sec.gov/Archives/edgar/data/353278/000117184320006434/f6k_091420.htm,https://www.sec.gov/Archives/edgar/data/353278/000117184320006434/
6-K,2020-09-08,2020-09-07,,0001171843-20-006297,https://www.sec.gov/Archives/edgar/data/353278/000117184320006297/f6k_090720.htm,https://www.sec.gov/Archives/edgar/data/353278/000117184320006297/
6-K,2020-08-31,2020-08-31,,0001171843-20-006175,https://www.sec.gov/Archives/edgar/data/353278/000117184320006175/f6k_083120.htm,https://www.sec.gov/Archives/edgar/data/353278/000117184320006175/
6-K,2020-08-24,2020-08-24,,0001171843-20-006062,https://www.sec.gov/Archives/edgar/data/353278/000117184320006062/f6k_082420.htm,https://www.sec.gov/Archives/edgar/data/353278/000117184320006062/
6-K,2020-08-17,2020-08-17,,0001171843-20-005963,https://www.sec.gov/Archives/edgar/data/353278/000117184320005963/f6k_081720.htm,https://www.sec.gov/Archives/edgar/data/353278/000117184320005963/
6-K,2020-08-06,2020-06-30,,0001628280-20-011922,https://www.sec.gov/Archives/edgar/data/353278/000162828020011922/caq22020.htm,https://www.sec.gov/Archives/edgar/data/353278/000162828020011922/
6-K,2020-08-06,2020-08-05,,0001171843-20-005580,https://www.sec.gov/Archives/edgar/data/353278/000117184320005580/f6k_080520.htm,https://www.sec.gov/Archives/edgar/data/353278/000117184320005580/
6-K,2020-07-28,2020-07-28,,0001171843-20-005282,https://www.sec.gov/Archives/edgar/data/353278/000117184320005282/f6k_072820.htm,https://www.sec.gov/Archives/edgar/data/353278/000117184320005282/
6-K,2020-07-20,2020-07-20,,0001171843-20-005033,https://www.sec.gov/Archives/edgar/data/353278/000117184320005033/f6k_072020.htm,https://www.sec.gov/Archives/edgar/data/353278/000117184320005033/
6-K,2020-07-13,2020-07-13,,0001171843-20-004910,https://www.sec.gov/Archives/edgar/data/353278/000117184320004910/f6k_071320.htm,https://www.sec.gov/Archives/edgar/data/353278/000117184320004910/
6-K,2020-07-06,2020-07-06,,0001171843-20-004741,https://www.sec.gov/Archives/edgar/data/353278/000117184320004741/f6k_070620.htm,https://www.sec.gov/Archives/edgar/data/353278/000117184320004741/
6-K,2020-06-29,2020-06-29,,0001171843-20-004602,https://www.sec.gov/Archives/edgar/data/353278/000117184320004602/f6k_062920.htm,https://www.sec.gov/Archives/edgar/data/353278/000117184320004602/
6-K,2020-06-29,2020-06-29,,0001171843-20-004592,https://www.sec.gov/Archives/edgar/data/353278/000117184320004592/f6k_062920.htm,https://www.sec.gov/Archives/edgar/data/353278/000117184320004592/
6-K,2020-06-22,2020-06-22,,0001171843-20-004466,https://www.sec.gov/Archives/edgar/data/353278/000117184320004466/f6k_062220.htm,https://www.sec.gov/Archives/edgar/data/353278/000117184320004466/
6-K,2020-06-18,2020-06-18,,0001171843-20-004414,https://www.sec.gov/Archives/edgar/data/353278/000117184320004414/f6k_061820.htm,https://www.sec.gov/Archives/edgar/data/353278/000117184320004414/
6-K,2020-06-15,2020-06-15,,0001171843-20-004357,https://www.sec.gov/Archives/edgar/data/353278/000117184320004357/f6k_061520.htm,https://www.sec.gov/Archives/edgar/data/353278/000117184320004357/
6-K,2020-06-12,2020-06-12,,0001171843-20-004338,https://www.sec.gov/Archives/edgar/data/353278/000117184320004338/f6k_061220.htm,https://www.sec.gov/Archives/edgar/data/353278/000117184320004338/
6-K,2020-06-05,2020-06-04,,0001171843-20-004203,https://www.sec.gov/Archives/edgar/data/353278/000117184320004203/f6k_060420.htm,https://www.sec.gov/Archives/edgar/data/353278/000117184320004203/
6-K,2020-06-03,2020-06-03,,0001171843-20-004148,https://www.sec.gov/Archives/edgar/data/353278/000117184320004148/f6k_060320.htm,https://www.sec.gov/Archives/edgar/data/353278/000117184320004148/
6-K,2020-05-26,2020-05-25,,0001171843-20-003978,https://www.sec.gov/Archives/edgar/data/353278/000117184320003978/f6k_052520.htm,https://www.sec.gov/Archives/edgar/data/353278/000117184320003978/
6-K,2020-05-13,2020-05-13,,0001171843-20-003670,https://www.sec.gov/Archives/edgar/data/353278/000117184320003670/f6k_051320.htm,https://www.sec.gov/Archives/edgar/data/353278/000117184320003670/
6-K,2020-05-12,2020-05-12,,0001171843-20-003619,https://www.sec.gov/Archives/edgar/data/353278/000117184320003619/f6k_051220.htm,https://www.sec.gov/Archives/edgar/data/353278/000117184320003619/
6-K,2020-05-12,2020-05-11,,0001171843-20-003610,https://www.sec.gov/Archives/edgar/data/353278/000117184320003610/f6k_051120.htm,https://www.sec.gov/Archives/edgar/data/353278/000117184320003610/
6-K,2020-05-12,2020-05-11,,0001171843-20-003609,https://www.sec.gov/Archives/edgar/data/353278/000117184320003609/f6k_051120.htm,https://www.sec.gov/Archives/edgar/data/353278/000117184320003609/
6-K,2020-05-12,2020-05-11,,0001171843-20-003606,https://www.sec.gov/Archives/edgar/data/353278/000117184320003606/f6k_051120.htm,https://www.sec.gov/Archives/edgar/data/353278/000117184320003606/
6-K,2020-05-11,2020-05-11,,0001171843-20-003580,https://www.sec.gov/Archives/edgar/data/353278/000117184320003580/f6k_051120.htm,https://www.sec.gov/Archives/edgar/data/353278/000117184320003580/
6-K,2020-05-06,2020-03-31,,0001628280-20-006532,https://www.sec.gov/Archives/edgar/data/353278/000162828020006532/caq12020.htm,https://www.sec.gov/Archives/edgar/data/353278/000162828020006532/
6-K,2020-05-05,2020-05-05,,0001171843-20-003291,https://www.sec.gov/Archives/edgar/data/353278/000117184320003291/f6k_050520.htm,https://www.sec.gov/Archives/edgar/data/353278/000117184320003291/
6-K,2020-04-30,2020-04-30,,0001171843-20-003107,https://www.sec.gov/Archives/edgar/data/353278/000117184320003107/f6k_043020.htm,https://www.sec.gov/Archives/edgar/data/353278/000117184320003107/
6-K,2020-04-30,2020-04-28,,0001171843-20-003076,https://www.sec.gov/Archives/edgar/data/353278/000117184320003076/f6k_042820.htm,https://www.sec.gov/Archives/edgar/data/353278/000117184320003076/
6-K,2020-04-30,2020-04-28,,0001171843-20-003071,https://www.sec.gov/Archives/edgar/data/353278/000117184320003071/f6k_042820.htm,https://www.sec.gov/Archives/edgar/data/353278/000117184320003071/
6-K,2020-04-28,2020-04-27,,0001171843-20-002927,https://www.sec.gov/Archives/edgar/data/353278/000117184320002927/f6k_042720.htm,https://www.sec.gov/Archives/edgar/data/353278/000117184320002927/
6-K,2020-04-20,2020-04-20,,0001171843-20-002705,https://www.sec.gov/Archives/edgar/data/353278/000117184320002705/f6k_042020.htm,https://www.sec.gov/Archives/edgar/data/353278/000117184320002705/
6-K,2020-04-06,2020-04-06,,0001171843-20-002388,https://www.sec.gov/Archives/edgar/data/353278/000117184320002388/f6k_040620.htm,https://www.sec.gov/Archives/edgar/data/353278/000117184320002388/
6-K,2020-04-06,2020-04-04,,0001171843-20-002340,https://www.sec.gov/Archives/edgar/data/353278/000117184320002340/f6k_040420.htm,https://www.sec.gov/Archives/edgar/data/353278/000117184320002340/
6-K,2020-03-31,2020-03-30,,0001171843-20-002180,https://www.sec.gov/Archives/edgar/data/353278/000117184320002180/f6k_033020.htm,https://www.sec.gov/Archives/edgar/data/353278/000117184320002180/
6-K,2020-03-27,2020-03-26,,0001171843-20-002062,https://www.sec.gov/Archives/edgar/data/353278/000117184320002062/f6k_032620.htm,https://www.sec.gov/Archives/edgar/data/353278/000117184320002062/
6-K,2020-03-26,2020-03-26,,0001171843-20-002016,https://www.sec.gov/Archives/edgar/data/353278/000117184320002016/f6k_032620.htm,https://www.sec.gov/Archives/edgar/data/353278/000117184320002016/
6-K,2020-03-23,2020-03-23,,0001171843-20-001909,https://www.sec.gov/Archives/edgar/data/353278/000117184320001909/f6k_032320.htm,https://www.sec.gov/Archives/edgar/data/353278/000117184320001909/
6-K,2020-03-17,2020-03-16,,0001171843-20-001771,https://www.sec.gov/Archives/edgar/data/353278/000117184320001771/f6k_031620.htm,https://www.sec.gov/Archives/edgar/data/353278/000117184320001771/
6-K,2020-03-17,2020-03-16,,0001171843-20-001770,https://www.sec.gov/Archives/edgar/data/353278/000117184320001770/f6k_031620.htm,https://www.sec.gov/Archives/edgar/data/353278/000117184320001770/
6-K,2020-03-09,2020-03-09,,0001171843-20-001559,https://www.sec.gov/Archives/edgar/data/353278/000117184320001559/f6k_030920.htm,https://www.sec.gov/Archives/edgar/data/353278/000117184320001559/
6-K,2020-03-03,2020-03-02,,0001171843-20-001449,https://www.sec.gov/Archives/edgar/data/353278/000117184320001449/f6k_030220.htm,https://www.sec.gov/Archives/edgar/data/353278/000117184320001449/
6-K,2020-02-28,2020-02-24,,0001171843-20-001365,https://www.sec.gov/Archives/edgar/data/353278/000117184320001365/f6k_022420.htm,https://www.sec.gov/Archives/edgar/data/353278/000117184320001365/
6-K,2020-02-21,2020-02-21,,0001171843-20-001160,https://www.sec.gov/Archives/edgar/data/353278/000117184320001160/f6k_022120.htm,https://www.sec.gov/Archives/edgar/data/353278/000117184320001160/
6-K,2020-02-14,2020-02-14,,0001171843-20-000985,https://www.sec.gov/Archives/edgar/data/353278/000117184320000985/f6k_021420.htm,https://www.sec.gov/Archives/edgar/data/353278/000117184320000985/
6-K,2020-02-14,2020-02-14,,0001171843-20-000978,https://www.sec.gov/Archives/edgar/data/353278/000117184320000978/f6k_021420.htm,https://www.sec.gov/Archives/edgar/data/353278/000117184320000978/
6-K,2020-02-11,2020-02-11,,0001171843-20-000865,https://www.sec.gov/Archives/edgar/data/353278/000117184320000865/f6k_021120.htm,https://www.sec.gov/Archives/edgar/data/353278/000117184320000865/
6-K,2020-02-11,2020-02-10,,0001171843-20-000864,https://www.sec.gov/Archives/edgar/data/353278/000117184320000864/f6k_021020.htm,https://www.sec.gov/Archives/edgar/data/353278/000117184320000864/
6-K,2020-02-05,2019-12-31,,0001628280-20-001025,https://www.sec.gov/Archives/edgar/data/353278/000162828020001025/caq42019.htm,https://www.sec.gov/Archives/edgar/data/353278/000162828020001025/
20-F,2020-02-05,2019-12-31,,0001628280-20-001021,https://www.sec.gov/Archives/edgar/data/353278/000162828020001021/novo-b20xf12x31x19.htm,https://www.sec.gov/Archives/edgar/data/353278/000162828020001021/
6-K,2020-02-05,2019-12-31,,0001628280-20-001017,https://www.sec.gov/Archives/edgar/data/353278/000162828020001017/novonordiskannualreport2.htm,https://www.sec.gov/Archives/edgar/data/353278/000162828020001017/
6-K,2020-02-04,2020-02-04,,0001171843-20-000675,https://www.sec.gov/Archives/edgar/data/353278/000117184320000675/f6k_020420.htm,https://www.sec.gov/Archives/edgar/data/353278/000117184320000675/
6-K,2020-01-31,2020-01-31,,0001171843-20-000630,https://www.sec.gov/Archives/edgar/data/353278/000117184320000630/f6k_013120.htm,https://www.sec.gov/Archives/edgar/data/353278/000117184320000630/
6-K,2020-01-27,2020-01-27,,0001171843-20-000479,https://www.sec.gov/Archives/edgar/data/353278/000117184320000479/f6k_012720.htm,https://www.sec.gov/Archives/edgar/data/353278/000117184320000479/
6-K,2020-01-21,2020-01-20,,0001171843-20-000338,https://www.sec.gov/Archives/edgar/data/353278/000117184320000338/f6k_012120.htm,https://www.sec.gov/Archives/edgar/data/353278/000117184320000338/
6-K,2020-01-17,2020-01-16,,0001171843-20-000322,https://www.sec.gov/Archives/edgar/data/353278/000117184320000322/f6k_011620.htm,https://www.sec.gov/Archives/edgar/data/353278/000117184320000322/
6-K,2020-01-13,2020-01-13,,0001171843-20-000194,https://www.sec.gov/Archives/edgar/data/353278/000117184320000194/f6k_011320.htm,https://www.sec.gov/Archives/edgar/data/353278/000117184320000194/
6-K,2019-12-30,2019-12-30,,0001171843-19-008340,https://www.sec.gov/Archives/edgar/data/353278/000117184319008340/f6k_123019.htm,https://www.sec.gov/Archives/edgar/data/353278/000117184319008340/
6-K,2019-12-20,2019-12-20,,0001171843-19-008261,https://www.sec.gov/Archives/edgar/data/353278/000117184319008261/f6k_122019.htm,https://www.sec.gov/Archives/edgar/data/353278/000117184319008261/
6-K,2019-12-18,2019-12-16,,0001171843-19-008186,https://www.sec.gov/Archives/edgar/data/353278/000117184319008186/f6k_121619.htm,https://www.sec.gov/Archives/edgar/data/353278/000117184319008186/
6-K,2019-12-10,2019-12-09,,0001171843-19-008043,https://www.sec.gov/Archives/edgar/data/353278/000117184319008043/f6k_120919.htm,https://www.sec.gov/Archives/edgar/data/353278/000117184319008043/
6-K,2019-12-03,2019-12-02,,0001171843-19-007901,https://www.sec.gov/Archives/edgar/data/353278/000117184319007901/f6k_120219.htm,https://www.sec.gov/Archives/edgar/data/353278/000117184319007901/
6-K,2019-11-26,2019-11-25,,0001171843-19-007823,https://www.sec.gov/Archives/edgar/data/353278/000117184319007823/f6k_112519.htm,https://www.sec.gov/Archives/edgar/data/353278/000117184319007823/
6-K,2019-11-20,2019-11-20,,0001171843-19-007677,https://www.sec.gov/Archives/edgar/data/353278/000117184319007677/f6k_112019.htm,https://www.sec.gov/Archives/edgar/data/353278/000117184319007677/
6-K,2019-11-18,2019-11-15,,0001171843-19-007622,https://www.sec.gov/Archives/edgar/data/353278/000117184319007622/f6k_111519.htm,https://www.sec.gov/Archives/edgar/data/353278/000117184319007622/
6-K,2019-11-18,2019-11-18,,0001171843-19-007621,https://www.sec.gov/Archives/edgar/data/353278/000117184319007621/f6k_111819.htm,https://www.sec.gov/Archives/edgar/data/353278/000117184319007621/
6-K,2019-11-12,2019-11-11,,0001171843-19-007414,https://www.sec.gov/Archives/edgar/data/353278/000117184319007414/f6k_111219.htm,https://www.sec.gov/Archives/edgar/data/353278/000117184319007414/
6-K,2019-11-07,2019-11-06,,0001171843-19-007312,https://www.sec.gov/Archives/edgar/data/353278/000117184319007312/f6k_110619.htm,https://www.sec.gov/Archives/edgar/data/353278/000117184319007312/
6-K,2019-11-07,2019-11-04,,0001171843-19-007311,https://www.sec.gov/Archives/edgar/data/353278/000117184319007311/f6k_110619.htm,https://www.sec.gov/Archives/edgar/data/353278/000117184319007311/
6-K,2019-11-06,2019-11-05,,0001171843-19-007207,https://www.sec.gov/Archives/edgar/data/353278/000117184319007207/f6k_110519.htm,https://www.sec.gov/Archives/edgar/data/353278/000117184319007207/
6-K,2019-11-06,2019-11-05,,0001171843-19-007206,https://www.sec.gov/Archives/edgar/data/353278/000117184319007206/f6k_110519.htm,https://www.sec.gov/Archives/edgar/data/353278/000117184319007206/
6-K,2019-11-01,2019-11-01,,0001628280-19-013014,https://www.sec.gov/Archives/edgar/data/353278/000162828019013014/caq32019.htm,https://www.sec.gov/Archives/edgar/data/353278/000162828019013014/
6-K,2019-10-31,2019-10-31,,0001171843-19-007020,https://www.sec.gov/Archives/edgar/data/353278/000117184319007020/f6k_103119.htm,https://www.sec.gov/Archives/edgar/data/353278/000117184319007020/
6-K,2019-10-28,2019-10-28,,0001171843-19-006865,https://www.sec.gov/Archives/edgar/data/353278/000117184319006865/f6k_102819.htm,https://www.sec.gov/Archives/edgar/data/353278/000117184319006865/
6-K,2019-10-21,2019-10-21,,0001171843-19-006623,https://www.sec.gov/Archives/edgar/data/353278/000117184319006623/f6k_102119.htm,https://www.sec.gov/Archives/edgar/data/353278/000117184319006623/
6-K,2019-10-15,2019-10-14,,0001171843-19-006492,https://www.sec.gov/Archives/edgar/data/353278/000117184319006492/f6k_101419.htm,https://www.sec.gov/Archives/edgar/data/353278/000117184319006492/
6-K,2019-10-07,2019-10-07,,0001171843-19-006380,https://www.sec.gov/Archives/edgar/data/353278/000117184319006380/f6k_100719.htm,https://www.sec.gov/Archives/edgar/data/353278/000117184319006380/
6-K,2019-10-01,2019-09-30,,0001171843-19-006224,https://www.sec.gov/Archives/edgar/data/353278/000117184319006224/f6k_093019.htm,https://www.sec.gov/Archives/edgar/data/353278/000117184319006224/
6-K,2019-09-23,2019-09-23,,0001171843-19-006066,https://www.sec.gov/Archives/edgar/data/353278/000117184319006066/f6k_092319.htm,https://www.sec.gov/Archives/edgar/data/353278/000117184319006066/
6-K,2019-09-23,2019-09-20,,0001171843-19-006065,https://www.sec.gov/Archives/edgar/data/353278/000117184319006065/f6k_092319.htm,https://www.sec.gov/Archives/edgar/data/353278/000117184319006065/
6-K,2019-09-17,2019-09-17,,0001171843-19-005959,https://www.sec.gov/Archives/edgar/data/353278/000117184319005959/f6k_091719.htm,https://www.sec.gov/Archives/edgar/data/353278/000117184319005959/
6-K,2019-09-09,2019-09-09,,0001171843-19-005859,https://www.sec.gov/Archives/edgar/data/353278/000117184319005859/f6k_090919.htm,https://www.sec.gov/Archives/edgar/data/353278/000117184319005859/
6-K,2019-09-03,2019-09-02,,0001171843-19-005738,https://www.sec.gov/Archives/edgar/data/353278/000117184319005738/f6k_090319.htm,https://www.sec.gov/Archives/edgar/data/353278/000117184319005738/
6-K,2019-08-26,2019-08-26,,0001171843-19-005649,https://www.sec.gov/Archives/edgar/data/353278/000117184319005649/f6k_082619.htm,https://www.sec.gov/Archives/edgar/data/353278/000117184319005649/
6-K,2019-08-19,2019-08-19,,0001171843-19-005540,https://www.sec.gov/Archives/edgar/data/353278/000117184319005540/f6k_081919.htm,https://www.sec.gov/Archives/edgar/data/353278/000117184319005540/
6-K,2019-08-16,2019-08-16,,0001171843-19-005518,https://www.sec.gov/Archives/edgar/data/353278/000117184319005518/f6k_081619.htm,https://www.sec.gov/Archives/edgar/data/353278/000117184319005518/
6-K,2019-08-13,2019-08-12,,0001171843-19-005430,https://www.sec.gov/Archives/edgar/data/353278/000117184319005430/f6k_081219.htm,https://www.sec.gov/Archives/edgar/data/353278/000117184319005430/
6-K,2019-08-09,2019-06-30,,0001628280-19-010524,https://www.sec.gov/Archives/edgar/data/353278/000162828019010524/caq22019.htm,https://www.sec.gov/Archives/edgar/data/353278/000162828019010524/
6-K,2019-08-08,2019-08-08,,0001171843-19-005304,https://www.sec.gov/Archives/edgar/data/353278/000117184319005304/f6k_080819.htm,https://www.sec.gov/Archives/edgar/data/353278/000117184319005304/
6-K,2019-08-06,2019-08-05,,0001171843-19-005175,https://www.sec.gov/Archives/edgar/data/353278/000117184319005175/f6k_080519.htm,https://www.sec.gov/Archives/edgar/data/353278/000117184319005175/
6-K,2019-07-29,2019-07-29,,0001171843-19-004918,https://www.sec.gov/Archives/edgar/data/353278/000117184319004918/f6k_072919.htm,https://www.sec.gov/Archives/edgar/data/353278/000117184319004918/
6-K,2019-07-22,2019-07-22,,0001171843-19-004686,https://www.sec.gov/Archives/edgar/data/353278/000117184319004686/f6k_072219.htm,https://www.sec.gov/Archives/edgar/data/353278/000117184319004686/
6-K,2019-07-16,2019-07-08,,0001171843-19-004602,https://www.sec.gov/Archives/edgar/data/353278/000117184319004602/f6k_071619.htm,https://www.sec.gov/Archives/edgar/data/353278/000117184319004602/
6-K,2019-07-16,2019-07-15,,0001171843-19-004599,https://www.sec.gov/Archives/edgar/data/353278/000117184319004599/f6k_071519.htm,https://www.sec.gov/Archives/edgar/data/353278/000117184319004599/
6-K,2019-07-01,2019-07-01,,0001171843-19-004261,https://www.sec.gov/Archives/edgar/data/353278/000117184319004261/f6k_070119.htm,https://www.sec.gov/Archives/edgar/data/353278/000117184319004261/
6-K,2019-06-25,2019-06-24,,0001171843-19-004151,https://www.sec.gov/Archives/edgar/data/353278/000117184319004151/f6k_062419.htm,https://www.sec.gov/Archives/edgar/data/353278/000117184319004151/
6-K,2019-06-21,2019-06-20,,0001171843-19-004094,https://www.sec.gov/Archives/edgar/data/353278/000117184319004094/f6k_062019.htm,https://www.sec.gov/Archives/edgar/data/353278/000117184319004094/
6-K,2019-06-14,2019-06-13,,0001171843-19-003991,https://www.sec.gov/Archives/edgar/data/353278/000117184319003991/f6k_061319.htm,https://www.sec.gov/Archives/edgar/data/353278/000117184319003991/
6-K,2019-05-29,2019-05-29,,0001171843-19-003662,https://www.sec.gov/Archives/edgar/data/353278/000117184319003662/f6k_052919.htm,https://www.sec.gov/Archives/edgar/data/353278/000117184319003662/
6-K,2019-05-20,2019-05-20,,0001171843-19-003502,https://www.sec.gov/Archives/edgar/data/353278/000117184319003502/f6k_052019.htm,https://www.sec.gov/Archives/edgar/data/353278/000117184319003502/
6-K,2019-05-09,2019-05-09,,0001171843-19-003179,https://www.sec.gov/Archives/edgar/data/353278/000117184319003179/f6k_050919.htm,https://www.sec.gov/Archives/edgar/data/353278/000117184319003179/
6-K,2019-05-08,2019-05-07,,0001171843-19-003090,https://www.sec.gov/Archives/edgar/data/353278/000117184319003090/f6k_050719.htm,https://www.sec.gov/Archives/edgar/data/353278/000117184319003090/
6-K,2019-05-08,2019-05-07,,0001171843-19-003089,https://www.sec.gov/Archives/edgar/data/353278/000117184319003089/f6k_050719.htm,https://www.sec.gov/Archives/edgar/data/353278/000117184319003089/
6-K,2019-05-03,2019-03-31,,0001628280-19-005746,https://www.sec.gov/Archives/edgar/data/353278/000162828019005746/caq12019.htm,https://www.sec.gov/Archives/edgar/data/353278/000162828019005746/
6-K,2019-05-03,2019-04-26,,0001171843-19-002889,https://www.sec.gov/Archives/edgar/data/353278/000117184319002889/f6k_042619.htm,https://www.sec.gov/Archives/edgar/data/353278/000117184319002889/
6-K,2019-05-02,2019-05-02,,0001171843-19-002846,https://www.sec.gov/Archives/edgar/data/353278/000117184319002846/f6k_050219.htm,https://www.sec.gov/Archives/edgar/data/353278/000117184319002846/
6-K,2019-05-01,2019-04-30,,0001171843-19-002788,https://www.sec.gov/Archives/edgar/data/353278/000117184319002788/f6k_043019.htm,https://www.sec.gov/Archives/edgar/data/353278/000117184319002788/
6-K,2019-04-30,2019-04-29,,0001171843-19-002734,https://www.sec.gov/Archives/edgar/data/353278/000117184319002734/f6k_042919.htm,https://www.sec.gov/Archives/edgar/data/353278/000117184319002734/
6-K,2019-04-29,2019-04-26,,0001171843-19-002688,https://www.sec.gov/Archives/edgar/data/353278/000117184319002688/f6k_042619.htm,https://www.sec.gov/Archives/edgar/data/353278/000117184319002688/
6-K,2019-04-25,2019-04-24,,0001171843-19-002609,https://www.sec.gov/Archives/edgar/data/353278/000117184319002609/f6k_042419.htm,https://www.sec.gov/Archives/edgar/data/353278/000117184319002609/
6-K,2019-04-25,2019-04-24,,0001171843-19-002610,https://www.sec.gov/Archives/edgar/data/353278/000117184319002610/f6k_042419.htm,https://www.sec.gov/Archives/edgar/data/353278/000117184319002610/
6-K,2019-04-17,2019-04-15,,0001171843-19-002449,https://www.sec.gov/Archives/edgar/data/353278/000117184319002449/f6k_041519.htm,https://www.sec.gov/Archives/edgar/data/353278/000117184319002449/
6-K,2019-04-08,2019-04-08,,0001171843-19-002270,https://www.sec.gov/Archives/edgar/data/353278/000117184319002270/f6k_040819.htm,https://www.sec.gov/Archives/edgar/data/353278/000117184319002270/
6-K,2019-04-01,2019-04-01,,0001171843-19-002097,https://www.sec.gov/Archives/edgar/data/353278/000117184319002097/f6k_040119.htm,https://www.sec.gov/Archives/edgar/data/353278/000117184319002097/
6-K,2019-03-26,2019-03-25,,0001171843-19-001971,https://www.sec.gov/Archives/edgar/data/353278/000117184319001971/f6k_032519.htm,https://www.sec.gov/Archives/edgar/data/353278/000117184319001971/
6-K,2019-03-25,2019-03-25,,0001171843-19-001952,https://www.sec.gov/Archives/edgar/data/353278/000117184319001952/f6k_032519.htm,https://www.sec.gov/Archives/edgar/data/353278/000117184319001952/
6-K,2019-03-21,2019-03-21,,0001171843-19-001883,https://www.sec.gov/Archives/edgar/data/353278/000117184319001883/f6k_032119.htm,https://www.sec.gov/Archives/edgar/data/353278/000117184319001883/
6-K,2019-03-20,2019-03-20,,0001171843-19-001853,https://www.sec.gov/Archives/edgar/data/353278/000117184319001853/f6k_032019.htm,https://www.sec.gov/Archives/edgar/data/353278/000117184319001853/
6-K,2019-03-19,2019-03-18,,0001171843-19-001818,https://www.sec.gov/Archives/edgar/data/353278/000117184319001818/f6k_031819.htm,https://www.sec.gov/Archives/edgar/data/353278/000117184319001818/
6-K,2019-03-18,2019-03-18,,0001171843-19-001783,https://www.sec.gov/Archives/edgar/data/353278/000117184319001783/f6k_031819.htm,https://www.sec.gov/Archives/edgar/data/353278/000117184319001783/
6-K,2019-03-11,2019-03-11,,0001171843-19-001621,https://www.sec.gov/Archives/edgar/data/353278/000117184319001621/f6k_031119.htm,https://www.sec.gov/Archives/edgar/data/353278/000117184319001621/
6-K,2019-03-06,2019-03-04,,0001171843-19-001542,https://www.sec.gov/Archives/edgar/data/353278/000117184319001542/f6k_030519.htm,https://www.sec.gov/Archives/edgar/data/353278/000117184319001542/
6-K,2019-02-25,2019-02-25,,0001171843-19-001173,https://www.sec.gov/Archives/edgar/data/353278/000117184319001173/f6k_022519.htm,https://www.sec.gov/Archives/edgar/data/353278/000117184319001173/
6-K,2019-02-22,2019-02-22,,0001171843-19-001127,https://www.sec.gov/Archives/edgar/data/353278/000117184319001127/f6k_022219.htm,https://www.sec.gov/Archives/edgar/data/353278/000117184319001127/
6-K,2019-02-20,2019-02-19,,0001171843-19-001023,https://www.sec.gov/Archives/edgar/data/353278/000117184319001023/f6k_021919.htm,https://www.sec.gov/Archives/edgar/data/353278/000117184319001023/
6-K,2019-02-19,2019-02-18,,0001171843-19-000992,https://www.sec.gov/Archives/edgar/data/353278/000117184319000992/f6k_021919.htm,https://www.sec.gov/Archives/edgar/data/353278/000117184319000992/
6-K,2019-02-14,2019-02-13,,0001171843-19-000903,https://www.sec.gov/Archives/edgar/data/353278/000117184319000903/f6k_021319.htm,https://www.sec.gov/Archives/edgar/data/353278/000117184319000903/
6-K,2019-02-12,2019-02-11,,0001171843-19-000846,https://www.sec.gov/Archives/edgar/data/353278/000117184319000846/f6k_021119.htm,https://www.sec.gov/Archives/edgar/data/353278/000117184319000846/
6-K,2019-02-05,2019-02-04,,0001171843-19-000699,https://www.sec.gov/Archives/edgar/data/353278/000117184319000699/f6k_020419.htm,https://www.sec.gov/Archives/edgar/data/353278/000117184319000699/
20-F,2019-02-04,2018-12-31,,0001628280-19-000875,https://www.sec.gov/Archives/edgar/data/353278/000162828019000875/novo-b20xf12x31x18.htm,https://www.sec.gov/Archives/edgar/data/353278/000162828019000875/
6-K,2019-02-04,2018-12-31,,0001628280-19-000870,https://www.sec.gov/Archives/edgar/data/353278/000162828019000870/nnar18ukonline.htm,https://www.sec.gov/Archives/edgar/data/353278/000162828019000870/
6-K,2019-02-01,2018-12-31,,0001628280-19-000771,https://www.sec.gov/Archives/edgar/data/353278/000162828019000771/caq42018.htm,https://www.sec.gov/Archives/edgar/data/353278/000162828019000771/
6-K,2019-01-31,2019-01-31,,0001171843-19-000631,https://www.sec.gov/Archives/edgar/data/353278/000117184319000631/f6k_013119.htm,https://www.sec.gov/Archives/edgar/data/353278/000117184319000631/
6-K,2019-01-28,2019-01-28,,0001171843-19-000534,https://www.sec.gov/Archives/edgar/data/353278/000117184319000534/f6k_012819.htm,https://www.sec.gov/Archives/edgar/data/353278/000117184319000534/
6-K,2019-01-22,2019-01-21,,0001171843-19-000386,https://www.sec.gov/Archives/edgar/data/353278/000117184319000386/f6k_012219.htm,https://www.sec.gov/Archives/edgar/data/353278/000117184319000386/
6-K,2019-01-15,2019-01-14,,0001171843-19-000273,https://www.sec.gov/Archives/edgar/data/353278/000117184319000273/f6k_011419.htm,https://www.sec.gov/Archives/edgar/data/353278/000117184319000273/
6-K,2019-01-09,2019-01-07,,0001171843-19-000198,https://www.sec.gov/Archives/edgar/data/353278/000117184319000198/f6k_010819.htm,https://www.sec.gov/Archives/edgar/data/353278/000117184319000198/
6-K,2018-12-26,2018-12-21,,0001171843-18-008547,https://www.sec.gov/Archives/edgar/data/353278/000117184318008547/f6k_122118.htm,https://www.sec.gov/Archives/edgar/data/353278/000117184318008547/
6-K,2018-12-17,2018-12-17,,0001171843-18-008448,https://www.sec.gov/Archives/edgar/data/353278/000117184318008448/f6k_121718.htm,https://www.sec.gov/Archives/edgar/data/353278/000117184318008448/
6-K,2018-12-11,2018-12-10,,0001171843-18-008399,https://www.sec.gov/Archives/edgar/data/353278/000117184318008399/f6k_121018.htm,https://www.sec.gov/Archives/edgar/data/353278/000117184318008399/
6-K,2018-12-03,2018-12-03,,0001171843-18-008270,https://www.sec.gov/Archives/edgar/data/353278/000117184318008270/f6k_120318.htm,https://www.sec.gov/Archives/edgar/data/353278/000117184318008270/
6-K,2018-12-03,2018-11-26,,0001171843-18-008269,https://www.sec.gov/Archives/edgar/data/353278/000117184318008269/f6k_112618.htm,https://www.sec.gov/Archives/edgar/data/353278/000117184318008269/
6-K,2018-11-30,2018-11-23,,0001171843-18-008242,https://www.sec.gov/Archives/edgar/data/353278/000117184318008242/f6k_112318.htm,https://www.sec.gov/Archives/edgar/data/353278/000117184318008242/
6-K,2018-11-23,2018-11-22,,0001171843-18-008115,https://www.sec.gov/Archives/edgar/data/353278/000117184318008115/f6k_112218.htm,https://www.sec.gov/Archives/edgar/data/353278/000117184318008115/
6-K,2018-11-15,2018-11-15,,0001171843-18-007979,https://www.sec.gov/Archives/edgar/data/353278/000117184318007979/f6k_111518.htm,https://www.sec.gov/Archives/edgar/data/353278/000117184318007979/
6-K,2018-11-06,2018-11-06,,0001171843-18-007645,https://www.sec.gov/Archives/edgar/data/353278/000117184318007645/f6k_110618.htm,https://www.sec.gov/Archives/edgar/data/353278/000117184318007645/
6-K,2018-11-06,2018-11-05,,0001171843-18-007608,https://www.sec.gov/Archives/edgar/data/353278/000117184318007608/f6k_110518.htm,https://www.sec.gov/Archives/edgar/data/353278/000117184318007608/
6-K,2018-11-06,2018-11-05,,0001171843-18-007609,https://www.sec.gov/Archives/edgar/data/353278/000117184318007609/f6k_110518.htm,https://www.sec.gov/Archives/edgar/data/353278/000117184318007609/
6-K,2018-11-05,2018-11-02,,0001171843-18-007552,https://www.sec.gov/Archives/edgar/data/353278/000117184318007552/f6k_110218.htm,https://www.sec.gov/Archives/edgar/data/353278/000117184318007552/
6-K,2018-11-01,2018-09-30,,0001628280-18-013244,https://www.sec.gov/Archives/edgar/data/353278/000162828018013244/caq32018.htm,https://www.sec.gov/Archives/edgar/data/353278/000162828018013244/
6-K,2018-11-01,2018-10-31,,0001171843-18-007441,https://www.sec.gov/Archives/edgar/data/353278/000117184318007441/f6k_103118.htm,https://www.sec.gov/Archives/edgar/data/353278/000117184318007441/
6-K,2018-10-26,2018-10-26,,0001171843-18-007258,https://www.sec.gov/Archives/edgar/data/353278/000117184318007258/f6k_102618.htm,https://www.sec.gov/Archives/edgar/data/353278/000117184318007258/
6-K,2018-10-23,2018-10-22,,0001171843-18-007111,https://www.sec.gov/Archives/edgar/data/353278/000117184318007111/f6k_102218.htm,https://www.sec.gov/Archives/edgar/data/353278/000117184318007111/
6-K,2018-10-16,2018-10-15,,0001171843-18-007000,https://www.sec.gov/Archives/edgar/data/353278/000117184318007000/f6k_101618.htm,https://www.sec.gov/Archives/edgar/data/353278/000117184318007000/
6-K,2018-10-15,2018-10-15,,0001171843-18-006974,https://www.sec.gov/Archives/edgar/data/353278/000117184318006974/f6k_101518.htm,https://www.sec.gov/Archives/edgar/data/353278/000117184318006974/
6-K,2018-10-09,2018-10-08,,0001171843-18-006904,https://www.sec.gov/Archives/edgar/data/353278/000117184318006904/f6k_100918.htm,https://www.sec.gov/Archives/edgar/data/353278/000117184318006904/
6-K,2018-10-02,2018-10-01,,0001171843-18-006804,https://www.sec.gov/Archives/edgar/data/353278/000117184318006804/f6k_100118.htm,https://www.sec.gov/Archives/edgar/data/353278/000117184318006804/
6-K,2018-09-25,2018-09-24,,0001171843-18-006688,https://www.sec.gov/Archives/edgar/data/353278/000117184318006688/f6k_092418.htm,https://www.sec.gov/Archives/edgar/data/353278/000117184318006688/
6-K,2018-09-20,2018-09-20,,0001171843-18-006643,https://www.sec.gov/Archives/edgar/data/353278/000117184318006643/f6k_092018.htm,https://www.sec.gov/Archives/edgar/data/353278/000117184318006643/
6-K,2018-09-17,2018-09-17,,0001171843-18-006559,https://www.sec.gov/Archives/edgar/data/353278/000117184318006559/f6k_091718.htm,https://www.sec.gov/Archives/edgar/data/353278/000117184318006559/
6-K,2018-09-10,2018-09-10,,0001171843-18-006468,https://www.sec.gov/Archives/edgar/data/353278/000117184318006468/f6k_091018.htm,https://www.sec.gov/Archives/edgar/data/353278/000117184318006468/
6-K,2018-09-04,2018-09-03,,0001171843-18-006350,https://www.sec.gov/Archives/edgar/data/353278/000117184318006350/f6k_090318.htm,https://www.sec.gov/Archives/edgar/data/353278/000117184318006350/
6-K,2018-09-04,2018-09-03,,0001171843-18-006349,https://www.sec.gov/Archives/edgar/data/353278/000117184318006349/f6k_090318.htm,https://www.sec.gov/Archives/edgar/data/353278/000117184318006349/
6-K,2018-08-28,2018-08-26,,0001171843-18-006278,https://www.sec.gov/Archives/edgar/data/353278/000117184318006278/f6k_082718.htm,https://www.sec.gov/Archives/edgar/data/353278/000117184318006278/
6-K,2018-08-27,2018-08-27,,0001171843-18-006259,https://www.sec.gov/Archives/edgar/data/353278/000117184318006259/f6k_082718.htm,https://www.sec.gov/Archives/edgar/data/353278/000117184318006259/
6-K,2018-08-20,2018-08-20,,0001171843-18-006180,https://www.sec.gov/Archives/edgar/data/353278/000117184318006180/f6k_082018.htm,https://www.sec.gov/Archives/edgar/data/353278/000117184318006180/
6-K,2018-08-20,2018-08-20,,0001171843-18-006176,https://www.sec.gov/Archives/edgar/data/353278/000117184318006176/f6k_082018.htm,https://www.sec.gov/Archives/edgar/data/353278/000117184318006176/
6-K,2018-08-20,2018-08-15,,0001171843-18-006175,https://www.sec.gov/Archives/edgar/data/353278/000117184318006175/f6k_082018.htm,https://www.sec.gov/Archives/edgar/data/353278/000117184318006175/
6-K,2018-08-14,2018-08-13,,0001171843-18-006041,https://www.sec.gov/Archives/edgar/data/353278/000117184318006041/f6k_081318.htm,https://www.sec.gov/Archives/edgar/data/353278/000117184318006041/
6-K,2018-08-10,2018-08-10,,0001171843-18-005996,https://www.sec.gov/Archives/edgar/data/353278/000117184318005996/f6k_081018.htm,https://www.sec.gov/Archives/edgar/data/353278/000117184318005996/
6-K,2018-08-10,2018-08-10,,0001171843-18-005995,https://www.sec.gov/Archives/edgar/data/353278/000117184318005995/f6k_081018.htm,https://www.sec.gov/Archives/edgar/data/353278/000117184318005995/
6-K,2018-08-09,2018-08-08,,0001171843-18-005909,https://www.sec.gov/Archives/edgar/data/353278/000117184318005909/f6k_080918.htm,https://www.sec.gov/Archives/edgar/data/353278/000117184318005909/
6-K,2018-08-08,2018-06-30,,0001628280-18-010747,https://www.sec.gov/Archives/edgar/data/353278/000162828018010747/a6kfrontpageandcaq22018.htm,https://www.sec.gov/Archives/edgar/data/353278/000162828018010747/
6-K,2018-08-07,2018-08-07,,0001171843-18-005794,https://www.sec.gov/Archives/edgar/data/353278/000117184318005794/f6k_080718.htm,https://www.sec.gov/Archives/edgar/data/353278/000117184318005794/
6-K,2018-07-30,2018-07-30,,0001171843-18-005491,https://www.sec.gov/Archives/edgar/data/353278/000117184318005491/f6k_073018.htm,https://www.sec.gov/Archives/edgar/data/353278/000117184318005491/
6-K,2018-07-23,2018-07-23,,0001171843-18-005276,https://www.sec.gov/Archives/edgar/data/353278/000117184318005276/f6k_072318.htm,https://www.sec.gov/Archives/edgar/data/353278/000117184318005276/
6-K,2018-07-16,2018-07-16,,0001171843-18-005181,https://www.sec.gov/Archives/edgar/data/353278/000117184318005181/f6k_071618.htm,https://www.sec.gov/Archives/edgar/data/353278/000117184318005181/
6-K,2018-07-09,2018-07-09,,0001171843-18-005100,https://www.sec.gov/Archives/edgar/data/353278/000117184318005100/f6k_070918.htm,https://www.sec.gov/Archives/edgar/data/353278/000117184318005100/
6-K,2018-07-02,2018-07-02,,0001171843-18-004940,https://www.sec.gov/Archives/edgar/data/353278/000117184318004940/f6k_070218.htm,https://www.sec.gov/Archives/edgar/data/353278/000117184318004940/
6-K,2018-06-28,2018-06-28,,0001171843-18-004865,https://www.sec.gov/Archives/edgar/data/353278/000117184318004865/f6k_062818.htm,https://www.sec.gov/Archives/edgar/data/353278/000117184318004865/
6-K,2018-06-25,2018-06-25,,0001171843-18-004811,https://www.sec.gov/Archives/edgar/data/353278/000117184318004811/f6k_062518.htm,https://www.sec.gov/Archives/edgar/data/353278/000117184318004811/
6-K,2018-06-21,2018-06-20,,0001171843-18-004766,https://www.sec.gov/Archives/edgar/data/353278/000117184318004766/f6k_062018.htm,https://www.sec.gov/Archives/edgar/data/353278/000117184318004766/
6-K,2018-06-19,2018-06-19,,0001171843-18-004730,https://www.sec.gov/Archives/edgar/data/353278/000117184318004730/f6k_061918.htm,https://www.sec.gov/Archives/edgar/data/353278/000117184318004730/
6-K,2018-06-12,2018-06-11,,0001171843-18-004591,https://www.sec.gov/Archives/edgar/data/353278/000117184318004591/f6k_061118.htm,https://www.sec.gov/Archives/edgar/data/353278/000117184318004591/
6-K,2018-06-07,2018-06-04,,0001171843-18-004488,https://www.sec.gov/Archives/edgar/data/353278/000117184318004488/f6k_060418.htm,https://www.sec.gov/Archives/edgar/data/353278/000117184318004488/
6-K,2018-05-30,2018-05-29,,0001171843-18-004264,https://www.sec.gov/Archives/edgar/data/353278/000117184318004264/f6k_052918.htm,https://www.sec.gov/Archives/edgar/data/353278/000117184318004264/
6-K,2018-05-29,2018-05-28,,0001171843-18-004237,https://www.sec.gov/Archives/edgar/data/353278/000117184318004237/f6k_052918.htm,https://www.sec.gov/Archives/edgar/data/353278/000117184318004237/
6-K,2018-05-24,2018-05-22,,0001171843-18-004184,https://www.sec.gov/Archives/edgar/data/353278/000117184318004184/f6k_052218.htm,https://www.sec.gov/Archives/edgar/data/353278/000117184318004184/
6-K,2018-05-14,2018-05-14,,0001171843-18-003885,https://www.sec.gov/Archives/edgar/data/353278/000117184318003885/f6k_051418.htm,https://www.sec.gov/Archives/edgar/data/353278/000117184318003885/
6-K,2018-05-09,2018-05-09,,0001171843-18-003709,https://www.sec.gov/Archives/edgar/data/353278/000117184318003709/f6k_050918.htm,https://www.sec.gov/Archives/edgar/data/353278/000117184318003709/
6-K,2018-05-08,2018-05-08,,0001171843-18-003628,https://www.sec.gov/Archives/edgar/data/353278/000117184318003628/f6k_050818.htm,https://www.sec.gov/Archives/edgar/data/353278/000117184318003628/
6-K,2018-05-07,2018-05-07,,0001171843-18-003564,https://www.sec.gov/Archives/edgar/data/353278/000117184318003564/f6k_050718.htm,https://www.sec.gov/Archives/edgar/data/353278/000117184318003564/
6-K,2018-05-07,2018-05-04,,0001171843-18-003537,https://www.sec.gov/Archives/edgar/data/353278/000117184318003537/f6k_050418.htm,https://www.sec.gov/Archives/edgar/data/353278/000117184318003537/
6-K,2018-05-07,2018-05-04,,0001171843-18-003534,https://www.sec.gov/Archives/edgar/data/353278/000117184318003534/f6k_050418.htm,https://www.sec.gov/Archives/edgar/data/353278/000117184318003534/
6-K,2018-05-07,2018-05-03,,0001171843-18-003532,https://www.sec.gov/Archives/edgar/data/353278/000117184318003532/f6k_050318.htm,https://www.sec.gov/Archives/edgar/data/353278/000117184318003532/
6-K,2018-05-02,2018-03-31,,0001628280-18-005610,https://www.sec.gov/Archives/edgar/data/353278/000162828018005610/finalcaq12018upload.htm,https://www.sec.gov/Archives/edgar/data/353278/000162828018005610/
6-K,2018-05-01,2018-05-01,,0001171843-18-003233,https://www.sec.gov/Archives/edgar/data/353278/000117184318003233/f6k_050118.htm,https://www.sec.gov/Archives/edgar/data/353278/000117184318003233/
6-K,2018-05-01,2018-04-30,,0001171843-18-003211,https://www.sec.gov/Archives/edgar/data/353278/000117184318003211/f6k_043018.htm,https://www.sec.gov/Archives/edgar/data/353278/000117184318003211/
6-K,2018-04-25,2018-04-24,,0001171843-18-003016,https://www.sec.gov/Archives/edgar/data/353278/000117184318003016/f6k_042418.htm,https://www.sec.gov/Archives/edgar/data/353278/000117184318003016/
6-K,2018-04-24,2018-04-24,,0001171843-18-002984,https://www.sec.gov/Archives/edgar/data/353278/000117184318002984/f6k_042318.htm,https://www.sec.gov/Archives/edgar/data/353278/000117184318002984/
6-K,2018-04-23,2018-04-23,,0001171843-18-002915,https://www.sec.gov/Archives/edgar/data/353278/000117184318002915/f6k_042318.htm,https://www.sec.gov/Archives/edgar/data/353278/000117184318002915/
6-K,2018-04-16,2018-04-16,,0001171843-18-002730,https://www.sec.gov/Archives/edgar/data/353278/000117184318002730/f6k_041618.htm,https://www.sec.gov/Archives/edgar/data/353278/000117184318002730/
6-K,2018-04-09,2018-04-09,,0001171843-18-002598,https://www.sec.gov/Archives/edgar/data/353278/000117184318002598/f6k_040918.htm,https://www.sec.gov/Archives/edgar/data/353278/000117184318002598/
6-K,2018-04-03,2018-04-03,,0001171843-18-002489,https://www.sec.gov/Archives/edgar/data/353278/000117184318002489/f6k_040318.htm,https://www.sec.gov/Archives/edgar/data/353278/000117184318002489/
6-K,2018-04-03,2018-04-03,,0001171843-18-002486,https://www.sec.gov/Archives/edgar/data/353278/000117184318002486/f6k_040318.htm,https://www.sec.gov/Archives/edgar/data/353278/000117184318002486/
6-K,2018-03-27,2018-03-22,,0001171843-18-002288,https://www.sec.gov/Archives/edgar/data/353278/000117184318002288/f6k_032318.htm,https://www.sec.gov/Archives/edgar/data/353278/000117184318002288/
6-K,2018-03-26,2018-03-26,,0001171843-18-002257,https://www.sec.gov/Archives/edgar/data/353278/000117184318002257/f6k_032618.htm,https://www.sec.gov/Archives/edgar/data/353278/000117184318002257/
6-K,2018-03-26,2018-03-26,,0001171843-18-002251,https://www.sec.gov/Archives/edgar/data/353278/000117184318002251/f6k_032618.htm,https://www.sec.gov/Archives/edgar/data/353278/000117184318002251/
6-K,2018-03-23,2018-03-23,,0001171843-18-002215,https://www.sec.gov/Archives/edgar/data/353278/000117184318002215/f6k_032318.htm,https://www.sec.gov/Archives/edgar/data/353278/000117184318002215/
6-K,2018-03-20,2018-03-19,,0001171843-18-002096,https://www.sec.gov/Archives/edgar/data/353278/000117184318002096/f6k_031918.htm,https://www.sec.gov/Archives/edgar/data/353278/000117184318002096/
6-K,2018-03-12,2018-03-12,,0001171843-18-001850,https://www.sec.gov/Archives/edgar/data/353278/000117184318001850/f6k_031218.htm,https://www.sec.gov/Archives/edgar/data/353278/000117184318001850/
6-K,2018-03-05,2018-03-05,,0001171843-18-001698,https://www.sec.gov/Archives/edgar/data/353278/000117184318001698/f6k_030518.htm,https://www.sec.gov/Archives/edgar/data/353278/000117184318001698/
6-K,2018-02-28,2018-02-27,,0001171843-18-001517,https://www.sec.gov/Archives/edgar/data/353278/000117184318001517/f6k_022718.htm,https://www.sec.gov/Archives/edgar/data/353278/000117184318001517/
6-K,2018-02-26,2018-02-26,,0001171843-18-001401,https://www.sec.gov/Archives/edgar/data/353278/000117184318001401/f6k_022618.htm,https://www.sec.gov/Archives/edgar/data/353278/000117184318001401/
6-K,2018-02-26,2018-02-26,,0001171843-18-001399,https://www.sec.gov/Archives/edgar/data/353278/000117184318001399/f6k_022618.htm,https://www.sec.gov/Archives/edgar/data/353278/000117184318001399/
6-K,2018-02-23,2018-02-23,,0001171843-18-001379,https://www.sec.gov/Archives/edgar/data/353278/000117184318001379/f6k_022318.htm,https://www.sec.gov/Archives/edgar/data/353278/000117184318001379/
6-K,2018-02-22,2018-02-22,,0001171843-18-001305,https://www.sec.gov/Archives/edgar/data/353278/000117184318001305/f6k_022218.htm,https://www.sec.gov/Archives/edgar/data/353278/000117184318001305/
6-K,2018-02-20,2018-02-19,,0001171843-18-001221,https://www.sec.gov/Archives/edgar/data/353278/000117184318001221/f6k_022018.htm,https://www.sec.gov/Archives/edgar/data/353278/000117184318001221/
6-K,2018-02-14,2018-02-13,,0001171843-18-001136,https://www.sec.gov/Archives/edgar/data/353278/000117184318001136/f6k_021318.htm,https://www.sec.gov/Archives/edgar/data/353278/000117184318001136/
6-K,2018-02-13,2018-02-05,,0001171843-18-001072,https://www.sec.gov/Archives/edgar/data/353278/000117184318001072/f6k_020518.htm,https://www.sec.gov/Archives/edgar/data/353278/000117184318001072/
6-K,2018-02-13,2018-02-12,,0001171843-18-001070,https://www.sec.gov/Archives/edgar/data/353278/000117184318001070/f6k_021218.htm,https://www.sec.gov/Archives/edgar/data/353278/000117184318001070/
6-K,2018-02-13,2018-02-12,,0001171843-18-001069,https://www.sec.gov/Archives/edgar/data/353278/000117184318001069/f6k_021218.htm,https://www.sec.gov/Archives/edgar/data/353278/000117184318001069/
6-K,2018-02-09,2018-02-09,,0001171843-18-000997,https://www.sec.gov/Archives/edgar/data/353278/000117184318000997/f6k_020918.htm,https://www.sec.gov/Archives/edgar/data/353278/000117184318000997/
20-F,2018-02-08,2017-12-31,,0001628280-18-001266,https://www.sec.gov/Archives/edgar/data/353278/000162828018001266/novo-b20xf12x31x17.htm,https://www.sec.gov/Archives/edgar/data/353278/000162828018001266/
6-K,2018-02-08,2017-12-31,,0001628280-18-001261,https://www.sec.gov/Archives/edgar/data/353278/000162828018001261/form6kar2017.htm,https://www.sec.gov/Archives/edgar/data/353278/000162828018001261/
6-K,2018-02-07,2018-02-07,,0001171843-18-000942,https://www.sec.gov/Archives/edgar/data/353278/000117184318000942/f6k_020718.htm,https://www.sec.gov/Archives/edgar/data/353278/000117184318000942/
6-K,2018-02-06,2018-02-05,,0001171843-18-000898,https://www.sec.gov/Archives/edgar/data/353278/000117184318000898/f6k_020518.htm,https://www.sec.gov/Archives/edgar/data/353278/000117184318000898/
6-K,2018-02-06,2018-02-05,,0001171843-18-000897,https://www.sec.gov/Archives/edgar/data/353278/000117184318000897/f6k_020518.htm,https://www.sec.gov/Archives/edgar/data/353278/000117184318000897/
6-K,2018-02-05,2018-02-02,,0001171843-18-000857,https://www.sec.gov/Archives/edgar/data/353278/000117184318000857/f6k_020218.htm,https://www.sec.gov/Archives/edgar/data/353278/000117184318000857/
6-K,2018-02-02,2018-02-01,,0001171843-18-000838,https://www.sec.gov/Archives/edgar/data/353278/000117184318000838/f6k_020118.htm,https://www.sec.gov/Archives/edgar/data/353278/000117184318000838/
6-K,2018-01-31,2018-01-31,,0001171843-18-000764,https://www.sec.gov/Archives/edgar/data/353278/000117184318000764/f6k_013118.htm,https://www.sec.gov/Archives/edgar/data/353278/000117184318000764/
6-K,2018-01-23,2018-01-22,,0001171843-18-000549,https://www.sec.gov/Archives/edgar/data/353278/000117184318000549/f6k_012218.htm,https://www.sec.gov/Archives/edgar/data/353278/000117184318000549/
6-K,2018-01-17,2018-01-15,,0001171843-18-000396,https://www.sec.gov/Archives/edgar/data/353278/000117184318000396/f6k_011618.htm,https://www.sec.gov/Archives/edgar/data/353278/000117184318000396/
6-K,2018-01-08,2018-01-08,,0001171843-18-000237,https://www.sec.gov/Archives/edgar/data/353278/000117184318000237/f6k_010818.htm,https://www.sec.gov/Archives/edgar/data/353278/000117184318000237/
6-K,2018-01-02,2017-12-18,,0001171843-18-000011,https://www.sec.gov/Archives/edgar/data/353278/000117184318000011/f6k_121817.htm,https://www.sec.gov/Archives/edgar/data/353278/000117184318000011/
6-K,2018-01-02,2018-01-02,,0001171843-18-000010,https://www.sec.gov/Archives/edgar/data/353278/000117184318000010/f6k_010218.htm,https://www.sec.gov/Archives/edgar/data/353278/000117184318000010/
6-K,2017-12-27,2017-12-27,,0001171843-17-007857,https://www.sec.gov/Archives/edgar/data/353278/000117184317007857/f6k_122717.htm,https://www.sec.gov/Archives/edgar/data/353278/000117184317007857/
6-K,2017-12-15,2017-12-15,,0001171843-17-007691,https://www.sec.gov/Archives/edgar/data/353278/000117184317007691/f6k_121517.htm,https://www.sec.gov/Archives/edgar/data/353278/000117184317007691/
6-K,2017-12-12,2017-12-11,,0001171843-17-007610,https://www.sec.gov/Archives/edgar/data/353278/000117184317007610/f6k_121117.htm,https://www.sec.gov/Archives/edgar/data/353278/000117184317007610/
6-K,2017-12-08,2017-12-05,,0001171843-17-007531,https://www.sec.gov/Archives/edgar/data/353278/000117184317007531/f6k_120517.htm,https://www.sec.gov/Archives/edgar/data/353278/000117184317007531/
6-K,2017-12-04,2017-12-04,,0001171843-17-007414,https://www.sec.gov/Archives/edgar/data/353278/000117184317007414/f6k_120417.htm,https://www.sec.gov/Archives/edgar/data/353278/000117184317007414/
6-K,2017-11-28,2017-11-27,,0001171843-17-007309,https://www.sec.gov/Archives/edgar/data/353278/000117184317007309/f6k_112717.htm,https://www.sec.gov/Archives/edgar/data/353278/000117184317007309/
6-K,2017-11-21,2017-11-20,,0001171843-17-007203,https://www.sec.gov/Archives/edgar/data/353278/000117184317007203/f6k_112017.htm,https://www.sec.gov/Archives/edgar/data/353278/000117184317007203/
6-K,2017-11-21,2017-11-21,,0001171843-17-007193,https://www.sec.gov/Archives/edgar/data/353278/000117184317007193/f6k_112117.htm,https://www.sec.gov/Archives/edgar/data/353278/000117184317007193/
6-K,2017-11-13,2017-11-13,,0001171843-17-006908,https://www.sec.gov/Archives/edgar/data/353278/000117184317006908/f6k_111317.htm,https://www.sec.gov/Archives/edgar/data/353278/000117184317006908/
6-K,2017-11-06,2017-11-06,,0001171843-17-006646,https://www.sec.gov/Archives/edgar/data/353278/000117184317006646/f6k_110617.htm,https://www.sec.gov/Archives/edgar/data/353278/000117184317006646/
6-K,2017-11-02,2017-11-01,,0001171843-17-006523,https://www.sec.gov/Archives/edgar/data/353278/000117184317006523/f6k_110117.htm,https://www.sec.gov/Archives/edgar/data/353278/000117184317006523/
6-K,2017-10-31,2017-10-31,,0001171843-17-006415,https://www.sec.gov/Archives/edgar/data/353278/000117184317006415/f6k_103117.htm,https://www.sec.gov/Archives/edgar/data/353278/000117184317006415/
6-K,2017-10-23,2017-10-23,,0001171843-17-006196,https://www.sec.gov/Archives/edgar/data/353278/000117184317006196/f6k_102317.htm,https://www.sec.gov/Archives/edgar/data/353278/000117184317006196/
6-K,2017-10-19,2017-10-18,,0001171843-17-006146,https://www.sec.gov/Archives/edgar/data/353278/000117184317006146/f6k_101817.htm,https://www.sec.gov/Archives/edgar/data/353278/000117184317006146/
6-K,2017-10-16,2017-10-16,,0001171843-17-006064,https://www.sec.gov/Archives/edgar/data/353278/000117184317006064/f6k_101617.htm,https://www.sec.gov/Archives/edgar/data/353278/000117184317006064/
6-K,2017-10-16,2017-10-16,,0001171843-17-006058,https://www.sec.gov/Archives/edgar/data/353278/000117184317006058/f6k_101617.htm,https://www.sec.gov/Archives/edgar/data/353278/000117184317006058/
6-K,2017-10-10,2017-10-09,,0001171843-17-005977,https://www.sec.gov/Archives/edgar/data/353278/000117184317005977/f6k_101017.htm,https://www.sec.gov/Archives/edgar/data/353278/000117184317005977/
6-K,2017-10-04,2017-10-02,,0001171843-17-005918,https://www.sec.gov/Archives/edgar/data/353278/000117184317005918/f6k_100217.htm,https://www.sec.gov/Archives/edgar/data/353278/000117184317005918/
6-K,2017-10-02,2017-10-02,,0001171843-17-005822,https://www.sec.gov/Archives/edgar/data/353278/000117184317005822/f6k_100217.htm,https://www.sec.gov/Archives/edgar/data/353278/000117184317005822/
6-K,2017-09-29,2017-09-29,,0001171843-17-005792,https://www.sec.gov/Archives/edgar/data/353278/000117184317005792/f6k_092917.htm,https://www.sec.gov/Archives/edgar/data/353278/000117184317005792/
6-K,2017-09-29,2017-09-29,,0001171843-17-005791,https://www.sec.gov/Archives/edgar/data/353278/000117184317005791/f6k_092917.htm,https://www.sec.gov/Archives/edgar/data/353278/000117184317005791/
6-K,2017-09-26,2017-09-25,,0001171843-17-005710,https://www.sec.gov/Archives/edgar/data/353278/000117184317005710/f6k_092517.htm,https://www.sec.gov/Archives/edgar/data/353278/000117184317005710/
6-K,2017-09-19,2017-09-18,,0001171843-17-005595,https://www.sec.gov/Archives/edgar/data/353278/000117184317005595/f6k_091817.htm,https://www.sec.gov/Archives/edgar/data/353278/000117184317005595/
6-K,2017-09-11,2017-09-11,,0001171843-17-005477,https://www.sec.gov/Archives/edgar/data/353278/000117184317005477/f6k_091117.htm,https://www.sec.gov/Archives/edgar/data/353278/000117184317005477/
6-K,2017-09-05,2017-09-04,,0001171843-17-005355,https://www.sec.gov/Archives/edgar/data/353278/000117184317005355/f6k_090517.htm,https://www.sec.gov/Archives/edgar/data/353278/000117184317005355/
6-K,2017-08-28,2017-08-28,,0001171843-17-005258,https://www.sec.gov/Archives/edgar/data/353278/000117184317005258/f6k_082817.htm,https://www.sec.gov/Archives/edgar/data/353278/000117184317005258/
6-K,2017-08-28,2017-08-25,,0001171843-17-005249,https://www.sec.gov/Archives/edgar/data/353278/000117184317005249/f6k_082517.htm,https://www.sec.gov/Archives/edgar/data/353278/000117184317005249/
6-K,2017-08-22,2017-08-21,,0001171843-17-005198,https://www.sec.gov/Archives/edgar/data/353278/000117184317005198/f6k_082117.htm,https://www.sec.gov/Archives/edgar/data/353278/000117184317005198/
6-K,2017-08-18,2017-08-16,,0001171843-17-005164,https://www.sec.gov/Archives/edgar/data/353278/000117184317005164/f6k_081617.htm,https://www.sec.gov/Archives/edgar/data/353278/000117184317005164/
6-K,2017-08-15,2017-08-15,,0001171843-17-005080,https://www.sec.gov/Archives/edgar/data/353278/000117184317005080/f6k_081517.htm,https://www.sec.gov/Archives/edgar/data/353278/000117184317005080/
6-K,2017-08-14,2017-08-14,,0001171843-17-005016,https://www.sec.gov/Archives/edgar/data/353278/000117184317005016/f6k_081417.htm,https://www.sec.gov/Archives/edgar/data/353278/000117184317005016/
6-K,2017-08-14,2017-08-14,,0001171843-17-005013,https://www.sec.gov/Archives/edgar/data/353278/000117184317005013/f6k_081417.htm,https://www.sec.gov/Archives/edgar/data/353278/000117184317005013/
6-K,2017-08-10,2017-08-10,,0001171843-17-004927,https://www.sec.gov/Archives/edgar/data/353278/000117184317004927/f6k_081017.htm,https://www.sec.gov/Archives/edgar/data/353278/000117184317004927/
6-K,2017-08-10,2017-08-09,,0001171843-17-004911,https://www.sec.gov/Archives/edgar/data/353278/000117184317004911/f6k_080917.htm,https://www.sec.gov/Archives/edgar/data/353278/000117184317004911/
6-K,2017-08-08,2017-08-08,,0001171843-17-004815,https://www.sec.gov/Archives/edgar/data/353278/000117184317004815/f6k_080817.htm,https://www.sec.gov/Archives/edgar/data/353278/000117184317004815/
6-K,2017-08-02,2017-07-31,,0001171843-17-004564,https://www.sec.gov/Archives/edgar/data/353278/000117184317004564/f6k_073117.htm,https://www.sec.gov/Archives/edgar/data/353278/000117184317004564/
6-K,2017-07-28,2017-07-27,,0001171843-17-004423,https://www.sec.gov/Archives/edgar/data/353278/000117184317004423/f6k_072717.htm,https://www.sec.gov/Archives/edgar/data/353278/000117184317004423/
6-K,2017-07-24,2017-07-24,,0001171843-17-004251,https://www.sec.gov/Archives/edgar/data/353278/000117184317004251/f6k_071717.htm,https://www.sec.gov/Archives/edgar/data/353278/000117184317004251/
6-K,2017-07-17,2017-07-17,,0001171843-17-004115,https://www.sec.gov/Archives/edgar/data/353278/000117184317004115/f6k_071717.htm,https://www.sec.gov/Archives/edgar/data/353278/000117184317004115/
6-K,2017-07-11,2017-07-11,,0001171843-17-004029,https://www.sec.gov/Archives/edgar/data/353278/000117184317004029/f6k_071117.htm,https://www.sec.gov/Archives/edgar/data/353278/000117184317004029/
6-K,2017-07-03,2017-07-03,,0001171843-17-003915,https://www.sec.gov/Archives/edgar/data/353278/000117184317003915/f6k_070317.htm,https://www.sec.gov/Archives/edgar/data/353278/000117184317003915/
6-K,2017-07-03,2017-07-03,,0001171843-17-003914,https://www.sec.gov/Archives/edgar/data/353278/000117184317003914/f6k_070317.htm,https://www.sec.gov/Archives/edgar/data/353278/000117184317003914/
6-K,2017-06-28,2017-06-23,,0001171843-17-003850,https://www.sec.gov/Archives/edgar/data/353278/000117184317003850/f6k_062317.htm,https://www.sec.gov/Archives/edgar/data/353278/000117184317003850/
6-K,2017-06-28,2017-06-23,,0001171843-17-003848,https://www.sec.gov/Archives/edgar/data/353278/000117184317003848/f6k_062317.htm,https://www.sec.gov/Archives/edgar/data/353278/000117184317003848/
6-K,2017-06-26,2017-06-26,,0001171843-17-003815,https://www.sec.gov/Archives/edgar/data/353278/000117184317003815/f6k_062617.htm,https://www.sec.gov/Archives/edgar/data/353278/000117184317003815/
6-K,2017-06-23,2017-06-22,,0001171843-17-003783,https://www.sec.gov/Archives/edgar/data/353278/000117184317003783/f6k_062217.htm,https://www.sec.gov/Archives/edgar/data/353278/000117184317003783/
6-K,2017-06-21,2017-06-20,,0001171843-17-003725,https://www.sec.gov/Archives/edgar/data/353278/000117184317003725/f6k_062017.htm,https://www.sec.gov/Archives/edgar/data/353278/000117184317003725/
6-K,2017-06-19,2017-06-19,,0001171843-17-003686,https://www.sec.gov/Archives/edgar/data/353278/000117184317003686/f6k_061917.htm,https://www.sec.gov/Archives/edgar/data/353278/000117184317003686/
6-K,2017-06-16,2017-06-16,,0001171843-17-003662,https://www.sec.gov/Archives/edgar/data/353278/000117184317003662/f6k_061617.htm,https://www.sec.gov/Archives/edgar/data/353278/000117184317003662/
6-K,2017-06-14,2017-06-14,,0001171843-17-003627,https://www.sec.gov/Archives/edgar/data/353278/000117184317003627/f6k_061417.htm,https://www.sec.gov/Archives/edgar/data/353278/000117184317003627/
6-K,2017-06-14,2017-06-13,,0001171843-17-003617,https://www.sec.gov/Archives/edgar/data/353278/000117184317003617/f6k_061317.htm,https://www.sec.gov/Archives/edgar/data/353278/000117184317003617/
6-K,2017-06-06,2017-06-06,,0001171843-17-003499,https://www.sec.gov/Archives/edgar/data/353278/000117184317003499/f6k_060617.htm,https://www.sec.gov/Archives/edgar/data/353278/000117184317003499/
6-K,2017-06-06,2017-06-06,,0001171843-17-003491,https://www.sec.gov/Archives/edgar/data/353278/000117184317003491/f6k_060617.htm,https://www.sec.gov/Archives/edgar/data/353278/000117184317003491/
6-K,2017-06-01,2017-05-31,,0001171843-17-003410,https://www.sec.gov/Archives/edgar/data/353278/000117184317003410/f6k_053117.htm,https://www.sec.gov/Archives/edgar/data/353278/000117184317003410/
6-K,2017-05-30,2017-05-27,,0001171843-17-003356,https://www.sec.gov/Archives/edgar/data/353278/000117184317003356/f6k_053017.htm,https://www.sec.gov/Archives/edgar/data/353278/000117184317003356/
6-K,2017-05-24,2017-05-24,,0001171843-17-003286,https://www.sec.gov/Archives/edgar/data/353278/000117184317003286/f6k_052417.htm,https://www.sec.gov/Archives/edgar/data/353278/000117184317003286/
6-K,2017-05-17,2017-05-16,,0001171843-17-003138,https://www.sec.gov/Archives/edgar/data/353278/000117184317003138/f6k_051617.htm,https://www.sec.gov/Archives/edgar/data/353278/000117184317003138/
6-K,2017-05-16,2017-05-15,,0001171843-17-003108,https://www.sec.gov/Archives/edgar/data/353278/000117184317003108/f6k_051517.htm,https://www.sec.gov/Archives/edgar/data/353278/000117184317003108/
6-K,2017-05-09,2017-05-09,,0001171843-17-002832,https://www.sec.gov/Archives/edgar/data/353278/000117184317002832/f6k_050917.htm,https://www.sec.gov/Archives/edgar/data/353278/000117184317002832/
6-K,2017-05-09,2017-05-03,,0001171843-17-002818,https://www.sec.gov/Archives/edgar/data/353278/000117184317002818/f6k_050417.htm,https://www.sec.gov/Archives/edgar/data/353278/000117184317002818/
6-K,2017-05-05,2017-05-05,,0001171843-17-002719,https://www.sec.gov/Archives/edgar/data/353278/000117184317002719/f6k_050517.htm,https://www.sec.gov/Archives/edgar/data/353278/000117184317002719/
6-K,2017-05-02,2017-05-02,,0001171843-17-002487,https://www.sec.gov/Archives/edgar/data/353278/000117184317002487/f6k_050217.htm,https://www.sec.gov/Archives/edgar/data/353278/000117184317002487/
6-K,2017-04-28,2017-04-28,,0001171843-17-002399,https://www.sec.gov/Archives/edgar/data/353278/000117184317002399/f6k_042817.htm,https://www.sec.gov/Archives/edgar/data/353278/000117184317002399/
6-K,2017-04-25,2017-04-21,,0001171843-17-002289,https://www.sec.gov/Archives/edgar/data/353278/000117184317002289/f6k_042117.htm,https://www.sec.gov/Archives/edgar/data/353278/000117184317002289/
6-K,2017-04-25,2017-04-24,,0001171843-17-002281,https://www.sec.gov/Archives/edgar/data/353278/000117184317002281/f6k_042417.htm,https://www.sec.gov/Archives/edgar/data/353278/000117184317002281/
6-K,2017-04-24,2017-04-21,,0001171843-17-002251,https://www.sec.gov/Archives/edgar/data/353278/000117184317002251/f6k_042117.htm,https://www.sec.gov/Archives/edgar/data/353278/000117184317002251/
6-K,2017-04-10,2017-04-10,,0001171843-17-002051,https://www.sec.gov/Archives/edgar/data/353278/000117184317002051/f6k_041017.htm,https://www.sec.gov/Archives/edgar/data/353278/000117184317002051/
6-K,2017-04-04,2017-04-03,,0001171843-17-001938,https://www.sec.gov/Archives/edgar/data/353278/000117184317001938/f6k_040317.htm,https://www.sec.gov/Archives/edgar/data/353278/000117184317001938/
6-K,2017-04-04,2017-03-06,,0001171843-17-001937,https://www.sec.gov/Archives/edgar/data/353278/000117184317001937/f6k_030617.htm,https://www.sec.gov/Archives/edgar/data/353278/000117184317001937/
6-K,2017-04-03,2017-04-03,,0001171843-17-001895,https://www.sec.gov/Archives/edgar/data/353278/000117184317001895/f6k_040317.htm,https://www.sec.gov/Archives/edgar/data/353278/000117184317001895/
6-K,2017-04-03,2017-03-31,,0001171843-17-001883,https://www.sec.gov/Archives/edgar/data/353278/000117184317001883/f6k_033117.htm,https://www.sec.gov/Archives/edgar/data/353278/000117184317001883/
6-K,2017-03-30,2017-03-29,,0001171843-17-001849,https://www.sec.gov/Archives/edgar/data/353278/000117184317001849/f6k_032917.htm,https://www.sec.gov/Archives/edgar/data/353278/000117184317001849/
6-K,2017-03-28,2017-03-27,,0001171843-17-001787,https://www.sec.gov/Archives/edgar/data/353278/000117184317001787/f6k_032717.htm,https://www.sec.gov/Archives/edgar/data/353278/000117184317001787/
6-K,2017-03-24,2017-03-24,,0001171843-17-001742,https://www.sec.gov/Archives/edgar/data/353278/000117184317001742/f6k_032417.htm,https://www.sec.gov/Archives/edgar/data/353278/000117184317001742/
6-K,2017-03-24,2017-03-24,,0001171843-17-001740,https://www.sec.gov/Archives/edgar/data/353278/000117184317001740/f6k_032417.htm,https://www.sec.gov/Archives/edgar/data/353278/000117184317001740/
6-K,2017-03-24,2017-03-23,,0001171843-17-001737,https://www.sec.gov/Archives/edgar/data/353278/000117184317001737/f6k_032317.htm,https://www.sec.gov/Archives/edgar/data/353278/000117184317001737/
6-K,2017-03-20,2017-03-20,,0001171843-17-001629,https://www.sec.gov/Archives/edgar/data/353278/000117184317001629/f6k_032017.htm,https://www.sec.gov/Archives/edgar/data/353278/000117184317001629/
6-K,2017-03-13,2017-03-13,,0001171843-17-001451,https://www.sec.gov/Archives/edgar/data/353278/000117184317001451/f6k_031317.htm,https://www.sec.gov/Archives/edgar/data/353278/000117184317001451/
6-K,2017-03-02,2017-03-01,,0001171843-17-001269,https://www.sec.gov/Archives/edgar/data/353278/000117184317001269/f6k_030117.htm,https://www.sec.gov/Archives/edgar/data/353278/000117184317001269/
6-K,2017-02-28,2017-02-28,,0001171843-17-001178,https://www.sec.gov/Archives/edgar/data/353278/000117184317001178/f6k_022817.htm,https://www.sec.gov/Archives/edgar/data/353278/000117184317001178/
6-K,2017-02-27,2017-02-27,,0001171843-17-001145,https://www.sec.gov/Archives/edgar/data/353278/000117184317001145/f6k_022717.htm,https://www.sec.gov/Archives/edgar/data/353278/000117184317001145/
6-K,2017-02-27,2017-02-20,,0001171843-17-001144,https://www.sec.gov/Archives/edgar/data/353278/000117184317001144/f6k_022117.htm,https://www.sec.gov/Archives/edgar/data/353278/000117184317001144/
6-K,2017-02-24,2017-02-24,,0001171843-17-001075,https://www.sec.gov/Archives/edgar/data/353278/000117184317001075/f6k_022417.htm,https://www.sec.gov/Archives/edgar/data/353278/000117184317001075/
6-K,2017-02-15,2017-02-14,,0001171843-17-000892,https://www.sec.gov/Archives/edgar/data/353278/000117184317000892/f6k_021417.htm,https://www.sec.gov/Archives/edgar/data/353278/000117184317000892/
6-K,2017-02-15,2017-02-13,,0001171843-17-000881,https://www.sec.gov/Archives/edgar/data/353278/000117184317000881/f6k_021317.htm,https://www.sec.gov/Archives/edgar/data/353278/000117184317000881/
20-F,2017-02-09,2016-12-31,,0001171843-17-000780,https://www.sec.gov/Archives/edgar/data/353278/000117184317000780/f20f_020917.htm,https://www.sec.gov/Archives/edgar/data/353278/000117184317000780/
6-K,2017-02-09,2017-02-09,,0001171843-17-000779,https://www.sec.gov/Archives/edgar/data/353278/000117184317000779/f6k_020917.htm,https://www.sec.gov/Archives/edgar/data/353278/000117184317000779/
6-K,2017-02-08,2017-02-07,,0001171843-17-000740,https://www.sec.gov/Archives/edgar/data/353278/000117184317000740/f6k_020717.htm,https://www.sec.gov/Archives/edgar/data/353278/000117184317000740/
6-K,2017-02-07,2017-02-06,,0001171843-17-000696,https://www.sec.gov/Archives/edgar/data/353278/000117184317000696/f6k_020617.htm,https://www.sec.gov/Archives/edgar/data/353278/000117184317000696/
6-K,2017-02-03,2017-02-02,,0001171843-17-000664,https://www.sec.gov/Archives/edgar/data/353278/000117184317000664/f6k_020217.htm,https://www.sec.gov/Archives/edgar/data/353278/000117184317000664/
6-K,2017-02-02,2017-02-01,,0001171843-17-000629,https://www.sec.gov/Archives/edgar/data/353278/000117184317000629/f6k_020117.htm,https://www.sec.gov/Archives/edgar/data/353278/000117184317000629/
6-K,2017-01-23,2017-01-23,,0001171843-17-000363,https://www.sec.gov/Archives/edgar/data/353278/000117184317000363/f6k_012317.htm,https://www.sec.gov/Archives/edgar/data/353278/000117184317000363/
6-K,2017-01-17,2017-01-16,,0001171843-17-000244,https://www.sec.gov/Archives/edgar/data/353278/000117184317000244/f6k_011717.htm,https://www.sec.gov/Archives/edgar/data/353278/000117184317000244/
6-K,2017-01-10,2017-01-10,,0001171843-17-000167,https://www.sec.gov/Archives/edgar/data/353278/000117184317000167/f6k_011017.htm,https://www.sec.gov/Archives/edgar/data/353278/000117184317000167/
6-K,2017-01-09,2017-01-09,,0001171843-17-000145,https://www.sec.gov/Archives/edgar/data/353278/000117184317000145/f6k_010917.htm,https://www.sec.gov/Archives/edgar/data/353278/000117184317000145/
6-K,2017-01-06,2017-01-02,,0001171843-17-000117,https://www.sec.gov/Archives/edgar/data/353278/000117184317000117/f6k_010317.htm,https://www.sec.gov/Archives/edgar/data/353278/000117184317000117/
6-K,2016-12-27,2016-12-23,,0001171843-16-013777,https://www.sec.gov/Archives/edgar/data/353278/000117184316013777/f6k_122316.htm,https://www.sec.gov/Archives/edgar/data/353278/000117184316013777/
6-K,2016-12-19,2016-12-19,,0001171843-16-013689,https://www.sec.gov/Archives/edgar/data/353278/000117184316013689/f6k_121916.htm,https://www.sec.gov/Archives/edgar/data/353278/000117184316013689/
6-K,2016-12-12,2016-12-12,,0001171843-16-013597,https://www.sec.gov/Archives/edgar/data/353278/000117184316013597/f6k_121216.htm,https://www.sec.gov/Archives/edgar/data/353278/000117184316013597/
6-K,2016-12-05,2016-12-05,,0001171843-16-013482,https://www.sec.gov/Archives/edgar/data/353278/000117184316013482/f6k_120516.htm,https://www.sec.gov/Archives/edgar/data/353278/000117184316013482/
6-K,2016-12-05,2016-12-05,,0001171843-16-013480,https://www.sec.gov/Archives/edgar/data/353278/000117184316013480/f6k_120516.htm,https://www.sec.gov/Archives/edgar/data/353278/000117184316013480/
6-K,2016-11-30,2016-11-29,,0001171843-16-013424,https://www.sec.gov/Archives/edgar/data/353278/000117184316013424/f6k_112916.htm,https://www.sec.gov/Archives/edgar/data/353278/000117184316013424/
6-K,2016-11-28,2016-11-28,,0001171843-16-013375,https://www.sec.gov/Archives/edgar/data/353278/000117184316013375/f6k_112816.htm,https://www.sec.gov/Archives/edgar/data/353278/000117184316013375/
6-K,2016-11-22,2016-11-21,,0001171843-16-013346,https://www.sec.gov/Archives/edgar/data/353278/000117184316013346/f6k_112116.htm,https://www.sec.gov/Archives/edgar/data/353278/000117184316013346/
6-K,2016-11-21,2016-11-21,,0001171843-16-013327,https://www.sec.gov/Archives/edgar/data/353278/000117184316013327/f6k_112116.htm,https://www.sec.gov/Archives/edgar/data/353278/000117184316013327/
6-K,2016-11-15,2016-11-14,,0001171843-16-013236,https://www.sec.gov/Archives/edgar/data/353278/000117184316013236/f6k_111416.htm,https://www.sec.gov/Archives/edgar/data/353278/000117184316013236/
6-K,2016-11-14,2016-11-11,,0001171843-16-013160,https://www.sec.gov/Archives/edgar/data/353278/000117184316013160/f6k_111116.htm,https://www.sec.gov/Archives/edgar/data/353278/000117184316013160/
6-K,2016-11-14,2016-11-11,,0001171843-16-013159,https://www.sec.gov/Archives/edgar/data/353278/000117184316013159/f6k_111116.htm,https://www.sec.gov/Archives/edgar/data/353278/000117184316013159/
6-K,2016-11-10,2016-11-10,,0001171843-16-013121,https://www.sec.gov/Archives/edgar/data/353278/000117184316013121/f6k_111016.htm,https://www.sec.gov/Archives/edgar/data/353278/000117184316013121/
6-K,2016-11-07,2016-11-07,,0001171843-16-012991,https://www.sec.gov/Archives/edgar/data/353278/000117184316012991/f6k_110716.htm,https://www.sec.gov/Archives/edgar/data/353278/000117184316012991/
6-K,2016-11-01,2016-11-01,,0001171843-16-012779,https://www.sec.gov/Archives/edgar/data/353278/000117184316012779/f6k_110116.htm,https://www.sec.gov/Archives/edgar/data/353278/000117184316012779/
6-K,2016-11-01,2016-10-28,,0001171843-16-012769,https://www.sec.gov/Archives/edgar/data/353278/000117184316012769/f6k_102816.htm,https://www.sec.gov/Archives/edgar/data/353278/000117184316012769/
6-K,2016-10-27,2016-10-27,,0001171843-16-012660,https://www.sec.gov/Archives/edgar/data/353278/000117184316012660/f6k_102716.htm,https://www.sec.gov/Archives/edgar/data/353278/000117184316012660/
6-K,2016-10-26,2016-10-25,,0001171843-16-012621,https://www.sec.gov/Archives/edgar/data/353278/000117184316012621/f6k_102516.htm,https://www.sec.gov/Archives/edgar/data/353278/000117184316012621/
6-K,2016-10-19,2016-10-19,,0001171843-16-012506,https://www.sec.gov/Archives/edgar/data/353278/000117184316012506/f6k_101916.htm,https://www.sec.gov/Archives/edgar/data/353278/000117184316012506/
6-K,2016-10-11,2016-10-10,,0001171843-16-012409,https://www.sec.gov/Archives/edgar/data/353278/000117184316012409/f6k_101116.htm,https://www.sec.gov/Archives/edgar/data/353278/000117184316012409/
6-K,2016-10-11,2016-10-07,,0001171843-16-012408,https://www.sec.gov/Archives/edgar/data/353278/000117184316012408/f6k_101116.htm,https://www.sec.gov/Archives/edgar/data/353278/000117184316012408/
6-K,2016-10-03,2016-10-03,,0001171843-16-012342,https://www.sec.gov/Archives/edgar/data/353278/000117184316012342/f6k_100316.htm,https://www.sec.gov/Archives/edgar/data/353278/000117184316012342/
6-K,2016-10-03,2016-10-03,,0001171843-16-012339,https://www.sec.gov/Archives/edgar/data/353278/000117184316012339/f6k_100316.htm,https://www.sec.gov/Archives/edgar/data/353278/000117184316012339/
6-K,2016-09-29,2016-09-29,,0001171843-16-012297,https://www.sec.gov/Archives/edgar/data/353278/000117184316012297/f6k_092916.htm,https://www.sec.gov/Archives/edgar/data/353278/000117184316012297/
6-K,2016-09-27,2016-09-26,,0001171843-16-012278,https://www.sec.gov/Archives/edgar/data/353278/000117184316012278/f6k_092616.htm,https://www.sec.gov/Archives/edgar/data/353278/000117184316012278/
6-K,2016-09-23,2016-09-23,,0001171843-16-012240,https://www.sec.gov/Archives/edgar/data/353278/000117184316012240/f6k_092316.htm,https://www.sec.gov/Archives/edgar/data/353278/000117184316012240/
6-K,2016-09-19,2016-09-19,,0001171843-16-012182,https://www.sec.gov/Archives/edgar/data/353278/000117184316012182/f6k_091916.htm,https://www.sec.gov/Archives/edgar/data/353278/000117184316012182/
6-K,2016-09-12,2016-09-12,,0001171843-16-012122,https://www.sec.gov/Archives/edgar/data/353278/000117184316012122/f6k_091216.htm,https://www.sec.gov/Archives/edgar/data/353278/000117184316012122/
6-K,2016-09-08,2016-09-02,,0001171843-16-012093,https://www.sec.gov/Archives/edgar/data/353278/000117184316012093/f6k_090616.htm,https://www.sec.gov/Archives/edgar/data/353278/000117184316012093/
6-K,2016-09-06,2016-09-05,,0001171843-16-012057,https://www.sec.gov/Archives/edgar/data/353278/000117184316012057/f6k_090616.htm,https://www.sec.gov/Archives/edgar/data/353278/000117184316012057/
6-K,2016-09-01,2016-09-01,,0001171843-16-012040,https://www.sec.gov/Archives/edgar/data/353278/000117184316012040/f6k_090116.htm,https://www.sec.gov/Archives/edgar/data/353278/000117184316012040/
6-K,2016-08-29,2016-08-29,,0001171843-16-011974,https://www.sec.gov/Archives/edgar/data/353278/000117184316011974/f6k_082916.htm,https://www.sec.gov/Archives/edgar/data/353278/000117184316011974/
6-K,2016-08-22,2016-08-22,,0001171843-16-011883,https://www.sec.gov/Archives/edgar/data/353278/000117184316011883/f6k_082216.htm,https://www.sec.gov/Archives/edgar/data/353278/000117184316011883/
6-K,2016-08-16,2016-08-15,,0001171843-16-011792,https://www.sec.gov/Archives/edgar/data/353278/000117184316011792/f6k_081516.htm,https://www.sec.gov/Archives/edgar/data/353278/000117184316011792/
6-K,2016-08-08,2016-08-05,,0001171843-16-011562,https://www.sec.gov/Archives/edgar/data/353278/000117184316011562/f6k_080516.htm,https://www.sec.gov/Archives/edgar/data/353278/000117184316011562/
6-K,2016-08-04,2016-08-04,,0001171843-16-011513,https://www.sec.gov/Archives/edgar/data/353278/000117184316011513/f6k_080416.htm,https://www.sec.gov/Archives/edgar/data/353278/000117184316011513/
6-K,2016-08-01,2016-08-01,,0001171843-16-011380,https://www.sec.gov/Archives/edgar/data/353278/000117184316011380/f6k_080116.htm,https://www.sec.gov/Archives/edgar/data/353278/000117184316011380/
6-K,2016-07-25,2016-07-25,,0001171843-16-011213,https://www.sec.gov/Archives/edgar/data/353278/000117184316011213/f6k_072516.htm,https://www.sec.gov/Archives/edgar/data/353278/000117184316011213/
6-K,2016-07-18,2016-07-18,,0001171843-16-011116,https://www.sec.gov/Archives/edgar/data/353278/000117184316011116/f6k_071816.htm,https://www.sec.gov/Archives/edgar/data/353278/000117184316011116/
6-K,2016-07-18,2016-07-11,,0001171843-16-011111,https://www.sec.gov/Archives/edgar/data/353278/000117184316011111/f6k_071116.htm,https://www.sec.gov/Archives/edgar/data/353278/000117184316011111/
6-K,2016-07-05,2016-07-01,,0001171843-16-010942,https://www.sec.gov/Archives/edgar/data/353278/000117184316010942/f6k_070116.htm,https://www.sec.gov/Archives/edgar/data/353278/000117184316010942/
6-K,2016-07-01,2016-07-01,,0001171843-16-010933,https://www.sec.gov/Archives/edgar/data/353278/000117184316010933/f6k_070116.htm,https://www.sec.gov/Archives/edgar/data/353278/000117184316010933/
6-K,2016-06-27,2016-06-27,,0001171843-16-010848,https://www.sec.gov/Archives/edgar/data/353278/000117184316010848/f6k_062716.htm,https://www.sec.gov/Archives/edgar/data/353278/000117184316010848/
6-K,2016-06-20,2016-06-20,,0001171843-16-010732,https://www.sec.gov/Archives/edgar/data/353278/000117184316010732/f6k_062016.htm,https://www.sec.gov/Archives/edgar/data/353278/000117184316010732/
6-K,2016-06-13,2016-06-13,,0001171843-16-010625,https://www.sec.gov/Archives/edgar/data/353278/000117184316010625/f6k_061316.htm,https://www.sec.gov/Archives/edgar/data/353278/000117184316010625/
6-K,2016-06-08,2016-06-06,,0001171843-16-010556,https://www.sec.gov/Archives/edgar/data/353278/000117184316010556/f6k_060616.htm,https://www.sec.gov/Archives/edgar/data/353278/000117184316010556/
6-K,2016-05-31,2016-05-30,,0001171843-16-010380,https://www.sec.gov/Archives/edgar/data/353278/000117184316010380/f6k_053116.htm,https://www.sec.gov/Archives/edgar/data/353278/000117184316010380/
6-K,2016-05-25,2016-05-24,,0001171843-16-010300,https://www.sec.gov/Archives/edgar/data/353278/000117184316010300/f6k_052416.htm,https://www.sec.gov/Archives/edgar/data/353278/000117184316010300/
6-K,2016-05-20,2016-05-20,,0001171843-16-010191,https://www.sec.gov/Archives/edgar/data/353278/000117184316010191/f6k_052016.htm,https://www.sec.gov/Archives/edgar/data/353278/000117184316010191/
6-K,2016-05-20,2016-05-19,,0001171843-16-010187,https://www.sec.gov/Archives/edgar/data/353278/000117184316010187/f6k_051916.htm,https://www.sec.gov/Archives/edgar/data/353278/000117184316010187/
6-K,2016-05-16,2016-05-16,,0001171843-16-010067,https://www.sec.gov/Archives/edgar/data/353278/000117184316010067/f6k_051616.htm,https://www.sec.gov/Archives/edgar/data/353278/000117184316010067/
6-K,2016-05-13,2016-05-13,,0001171843-16-010039,https://www.sec.gov/Archives/edgar/data/353278/000117184316010039/f6k_051316.htm,https://www.sec.gov/Archives/edgar/data/353278/000117184316010039/
6-K,2016-05-09,2016-05-09,,0001171843-16-009821,https://www.sec.gov/Archives/edgar/data/353278/000117184316009821/f6k_050916.htm,https://www.sec.gov/Archives/edgar/data/353278/000117184316009821/
6-K,2016-05-03,2016-05-03,,0001171843-16-009615,https://www.sec.gov/Archives/edgar/data/353278/000117184316009615/f6k_050316.htm,https://www.sec.gov/Archives/edgar/data/353278/000117184316009615/
6-K,2016-05-03,2016-04-29,,0001171843-16-009608,https://www.sec.gov/Archives/edgar/data/353278/000117184316009608/f6k_042916.htm,https://www.sec.gov/Archives/edgar/data/353278/000117184316009608/
6-K,2016-05-02,2016-05-02,,0001171843-16-009583,https://www.sec.gov/Archives/edgar/data/353278/000117184316009583/f6k_050216.htm,https://www.sec.gov/Archives/edgar/data/353278/000117184316009583/
6-K,2016-04-29,2016-04-28,,0001171843-16-009499,https://www.sec.gov/Archives/edgar/data/353278/000117184316009499/f6k_042816.htm,https://www.sec.gov/Archives/edgar/data/353278/000117184316009499/
6-K,2016-04-28,2016-04-28,,0001171843-16-009461,https://www.sec.gov/Archives/edgar/data/353278/000117184316009461/f6k_042816.htm,https://www.sec.gov/Archives/edgar/data/353278/000117184316009461/
6-K,2016-04-28,2016-04-28,,0001171843-16-009458,https://www.sec.gov/Archives/edgar/data/353278/000117184316009458/f6k_042816.htm,https://www.sec.gov/Archives/edgar/data/353278/000117184316009458/
6-K,2016-04-19,2016-04-18,,0001171843-16-009241,https://www.sec.gov/Archives/edgar/data/353278/000117184316009241/f6k_041816.htm,https://www.sec.gov/Archives/edgar/data/353278/000117184316009241/
6-K,2016-04-18,2016-04-18,,0001171843-16-009224,https://www.sec.gov/Archives/edgar/data/353278/000117184316009224/f6k_041816.htm,https://www.sec.gov/Archives/edgar/data/353278/000117184316009224/
6-K,2016-04-18,2016-04-18,,0001171843-16-009221,https://www.sec.gov/Archives/edgar/data/353278/000117184316009221/f6k_041816.htm,https://www.sec.gov/Archives/edgar/data/353278/000117184316009221/
6-K,2016-04-12,2016-04-11,,0001171843-16-009111,https://www.sec.gov/Archives/edgar/data/353278/000117184316009111/f6k_041116.htm,https://www.sec.gov/Archives/edgar/data/353278/000117184316009111/
6-K,2016-04-04,2016-04-04,,0001171843-16-008975,https://www.sec.gov/Archives/edgar/data/353278/000117184316008975/f6k_040416.htm,https://www.sec.gov/Archives/edgar/data/353278/000117184316008975/
6-K,2016-04-01,2016-04-01,,0001171843-16-008948,https://www.sec.gov/Archives/edgar/data/353278/000117184316008948/f6k_040116.htm,https://www.sec.gov/Archives/edgar/data/353278/000117184316008948/
6-K,2016-04-01,2016-04-01,,0001171843-16-008947,https://www.sec.gov/Archives/edgar/data/353278/000117184316008947/f6k_040116.htm,https://www.sec.gov/Archives/edgar/data/353278/000117184316008947/
6-K,2016-04-01,2016-01-25,,0001171843-16-008944,https://www.sec.gov/Archives/edgar/data/353278/000117184316008944/f6k_012516.htm,https://www.sec.gov/Archives/edgar/data/353278/000117184316008944/
6-K,2016-04-01,2016-02-08,,0001171843-16-008942,https://www.sec.gov/Archives/edgar/data/353278/000117184316008942/f6k_020816.htm,https://www.sec.gov/Archives/edgar/data/353278/000117184316008942/
6-K,2016-03-21,2016-03-21,,0001171843-16-008692,https://www.sec.gov/Archives/edgar/data/353278/000117184316008692/f6k_032116.htm,https://www.sec.gov/Archives/edgar/data/353278/000117184316008692/
6-K,2016-03-21,2016-03-21,,0001171843-16-008691,https://www.sec.gov/Archives/edgar/data/353278/000117184316008691/f6k_032116.htm,https://www.sec.gov/Archives/edgar/data/353278/000117184316008691/
6-K,2016-03-21,2016-03-18,,0001171843-16-008683,https://www.sec.gov/Archives/edgar/data/353278/000117184316008683/f6k_031816.htm,https://www.sec.gov/Archives/edgar/data/353278/000117184316008683/
6-K,2016-03-14,2016-03-14,,0001171843-16-008551,https://www.sec.gov/Archives/edgar/data/353278/000117184316008551/f6k_031416.htm,https://www.sec.gov/Archives/edgar/data/353278/000117184316008551/
6-K,2016-03-08,2016-03-07,,0001171843-16-008425,https://www.sec.gov/Archives/edgar/data/353278/000117184316008425/f6k_030716.htm,https://www.sec.gov/Archives/edgar/data/353278/000117184316008425/
6-K,2016-03-04,2016-03-04,,0001171843-16-008361,https://www.sec.gov/Archives/edgar/data/353278/000117184316008361/f6k_030416.htm,https://www.sec.gov/Archives/edgar/data/353278/000117184316008361/
6-K,2016-03-01,2016-02-29,,0001171843-16-008263,https://www.sec.gov/Archives/edgar/data/353278/000117184316008263/f6k_022916.htm,https://www.sec.gov/Archives/edgar/data/353278/000117184316008263/
6-K,2016-02-24,2016-02-23,,0001171843-16-008083,https://www.sec.gov/Archives/edgar/data/353278/000117184316008083/f6k_022316.htm,https://www.sec.gov/Archives/edgar/data/353278/000117184316008083/
6-K,2016-02-23,2016-02-23,,0001171843-16-008045,https://www.sec.gov/Archives/edgar/data/353278/000117184316008045/f6k_022316.htm,https://www.sec.gov/Archives/edgar/data/353278/000117184316008045/
6-K,2016-02-23,2016-02-23,,0001171843-16-008043,https://www.sec.gov/Archives/edgar/data/353278/000117184316008043/f6k_022316.htm,https://www.sec.gov/Archives/edgar/data/353278/000117184316008043/
6-K,2016-02-22,2016-02-22,,0001171843-16-008016,https://www.sec.gov/Archives/edgar/data/353278/000117184316008016/f6k_022216.htm,https://www.sec.gov/Archives/edgar/data/353278/000117184316008016/
