form,filing_date,report_date,items,accession_number,primary_doc_url,filing_index_url
6-K,2026-08-18,2026-08-18,,0001654954-26-007718,https://www.sec.gov/Archives/edgar/data/1131399/000165495426007718/a1253r.htm,https://www.sec.gov/Archives/edgar/data/1131399/000165495426007718/
6-K,2026-08-13,2026-08-13,,0001654954-26-007560,https://www.sec.gov/Archives/edgar/data/1131399/000165495426007560/a6279q.htm,https://www.sec.gov/Archives/edgar/data/1131399/000165495426007560/
6-K,2026-08-11,2026-08-11,,0001654954-26-007453,https://www.sec.gov/Archives/edgar/data/1131399/000165495426007453/a2463q.htm,https://www.sec.gov/Archives/edgar/data/1131399/000165495426007453/
6-K,2026-08-03,2026-08-03,,0001654954-26-007176,https://www.sec.gov/Archives/edgar/data/1131399/000165495426007176/a9931o.htm,https://www.sec.gov/Archives/edgar/data/1131399/000165495426007176/
6-K,2026-07-30,2026-07-30,,0001654954-26-007005,https://www.sec.gov/Archives/edgar/data/1131399/000165495426007005/a5890o.htm,https://www.sec.gov/Archives/edgar/data/1131399/000165495426007005/
6-K,2026-07-28,2026-07-28,,0001654954-26-006954,https://www.sec.gov/Archives/edgar/data/1131399/000165495426006954/a1993o.htm,https://www.sec.gov/Archives/edgar/data/1131399/000165495426006954/
6-K,2026-07-28,2026-07-28,,0001654954-26-006951,https://www.sec.gov/Archives/edgar/data/1131399/000165495426006951/a1904o.htm,https://www.sec.gov/Archives/edgar/data/1131399/000165495426006951/
6-K,2026-07-28,2026-07-28,,0001654954-26-006949,https://www.sec.gov/Archives/edgar/data/1131399/000165495426006949/a1493o.htm,https://www.sec.gov/Archives/edgar/data/1131399/000165495426006949/
6-K,2026-07-24,2026-07-24,,0001654954-26-006862,https://www.sec.gov/Archives/edgar/data/1131399/000165495426006862/a8178n.htm,https://www.sec.gov/Archives/edgar/data/1131399/000165495426006862/
6-K,2026-07-24,2026-07-24,,0001654954-26-006854,https://www.sec.gov/Archives/edgar/data/1131399/000165495426006854/a8274n.htm,https://www.sec.gov/Archives/edgar/data/1131399/000165495426006854/
6-K,2026-07-22,2026-07-22,,0001654954-26-006789,https://www.sec.gov/Archives/edgar/data/1131399/000165495426006789/a4747n.htm,https://www.sec.gov/Archives/edgar/data/1131399/000165495426006789/
6-K,2026-07-20,2026-07-20,,0001654954-26-006735,https://www.sec.gov/Archives/edgar/data/1131399/000165495426006735/a9780m.htm,https://www.sec.gov/Archives/edgar/data/1131399/000165495426006735/
6-K,2026-07-17,2026-07-17,,0001654954-26-006706,https://www.sec.gov/Archives/edgar/data/1131399/000165495426006706/a8186m.htm,https://www.sec.gov/Archives/edgar/data/1131399/000165495426006706/
6-K,2026-07-17,2026-07-17,,0001654954-26-006705,https://www.sec.gov/Archives/edgar/data/1131399/000165495426006705/a8188m.htm,https://www.sec.gov/Archives/edgar/data/1131399/000165495426006705/
6-K,2026-07-16,2026-07-16,,0001654954-26-006691,https://www.sec.gov/Archives/edgar/data/1131399/000165495426006691/a6856m.htm,https://www.sec.gov/Archives/edgar/data/1131399/000165495426006691/
6-K,2026-07-15,2026-07-15,,0001654954-26-006663,https://www.sec.gov/Archives/edgar/data/1131399/000165495426006663/a5060m.htm,https://www.sec.gov/Archives/edgar/data/1131399/000165495426006663/
6-K,2026-07-14,2026-07-14,,0001654954-26-006640,https://www.sec.gov/Archives/edgar/data/1131399/000165495426006640/a3283m.htm,https://www.sec.gov/Archives/edgar/data/1131399/000165495426006640/
6-K,2026-07-13,2026-07-13,,0001654954-26-006623,https://www.sec.gov/Archives/edgar/data/1131399/000165495426006623/a1372m.htm,https://www.sec.gov/Archives/edgar/data/1131399/000165495426006623/
6-K,2026-07-13,2026-07-13,,0001654954-26-006614,https://www.sec.gov/Archives/edgar/data/1131399/000165495426006614/a9768l.htm,https://www.sec.gov/Archives/edgar/data/1131399/000165495426006614/
6-K,2026-07-10,2026-07-10,,0001654954-26-006601,https://www.sec.gov/Archives/edgar/data/1131399/000165495426006601/a9298l.htm,https://www.sec.gov/Archives/edgar/data/1131399/000165495426006601/
6-K,2026-07-09,2026-07-09,,0001654954-26-006560,https://www.sec.gov/Archives/edgar/data/1131399/000165495426006560/a7584l.htm,https://www.sec.gov/Archives/edgar/data/1131399/000165495426006560/
6-K,2026-07-09,2026-07-09,,0001654954-26-006557,https://www.sec.gov/Archives/edgar/data/1131399/000165495426006557/a6975l.htm,https://www.sec.gov/Archives/edgar/data/1131399/000165495426006557/
6-K,2026-07-01,2026-07-01,,0001654954-26-006424,https://www.sec.gov/Archives/edgar/data/1131399/000165495426006424/a6231k.htm,https://www.sec.gov/Archives/edgar/data/1131399/000165495426006424/
6-K,2026-06-29,2026-06-29,,0001654954-26-006273,https://www.sec.gov/Archives/edgar/data/1131399/000165495426006273/a2130k.htm,https://www.sec.gov/Archives/edgar/data/1131399/000165495426006273/
6-K,2026-06-29,2026-06-29,,0001654954-26-006269,https://www.sec.gov/Archives/edgar/data/1131399/000165495426006269/a2052k.htm,https://www.sec.gov/Archives/edgar/data/1131399/000165495426006269/
6-K,2026-06-26,2026-06-26,,0001654954-26-006220,https://www.sec.gov/Archives/edgar/data/1131399/000165495426006220/a9666j.htm,https://www.sec.gov/Archives/edgar/data/1131399/000165495426006220/
6-K,2026-06-24,2026-06-24,,0001654954-26-006170,https://www.sec.gov/Archives/edgar/data/1131399/000165495426006170/a6253j.htm,https://www.sec.gov/Archives/edgar/data/1131399/000165495426006170/
6-K,2026-06-24,2026-06-24,,0001654954-26-006168,https://www.sec.gov/Archives/edgar/data/1131399/000165495426006168/a6263j.htm,https://www.sec.gov/Archives/edgar/data/1131399/000165495426006168/
6-K,2026-06-23,2026-06-23,,0001654954-26-006116,https://www.sec.gov/Archives/edgar/data/1131399/000165495426006116/a3884j.htm,https://www.sec.gov/Archives/edgar/data/1131399/000165495426006116/
6-K,2026-06-22,2026-06-22,,0001654954-26-006106,https://www.sec.gov/Archives/edgar/data/1131399/000165495426006106/a2198j.htm,https://www.sec.gov/Archives/edgar/data/1131399/000165495426006106/
6-K,2026-06-17,2026-06-17,,0001654954-26-006036,https://www.sec.gov/Archives/edgar/data/1131399/000165495426006036/a7252i.htm,https://www.sec.gov/Archives/edgar/data/1131399/000165495426006036/
6-K,2026-06-15,2026-06-15,,0001654954-26-005975,https://www.sec.gov/Archives/edgar/data/1131399/000165495426005975/a3352i.htm,https://www.sec.gov/Archives/edgar/data/1131399/000165495426005975/
6-K,2026-06-12,2026-06-12,,0001654954-26-005913,https://www.sec.gov/Archives/edgar/data/1131399/000165495426005913/a0204i.htm,https://www.sec.gov/Archives/edgar/data/1131399/000165495426005913/
6-K,2026-06-11,2026-06-11,,0001654954-26-005880,https://www.sec.gov/Archives/edgar/data/1131399/000165495426005880/a9876h.htm,https://www.sec.gov/Archives/edgar/data/1131399/000165495426005880/
6-K,2026-06-10,2026-06-10,,0001654954-26-005844,https://www.sec.gov/Archives/edgar/data/1131399/000165495426005844/a7548h.htm,https://www.sec.gov/Archives/edgar/data/1131399/000165495426005844/
6-K,2026-06-09,2026-06-09,,0001654954-26-005819,https://www.sec.gov/Archives/edgar/data/1131399/000165495426005819/a6477h.htm,https://www.sec.gov/Archives/edgar/data/1131399/000165495426005819/
6-K,2026-06-09,2026-06-09,,0001654954-26-005800,https://www.sec.gov/Archives/edgar/data/1131399/000165495426005800/a5507h.htm,https://www.sec.gov/Archives/edgar/data/1131399/000165495426005800/
6-K,2026-06-08,2026-06-08,,0001654954-26-005771,https://www.sec.gov/Archives/edgar/data/1131399/000165495426005771/a4279h.htm,https://www.sec.gov/Archives/edgar/data/1131399/000165495426005771/
6-K,2026-06-01,2026-06-01,,0001654954-26-005589,https://www.sec.gov/Archives/edgar/data/1131399/000165495426005589/a5105g.htm,https://www.sec.gov/Archives/edgar/data/1131399/000165495426005589/
6-K,2026-06-01,2026-06-01,,0001654954-26-005584,https://www.sec.gov/Archives/edgar/data/1131399/000165495426005584/a4680g.htm,https://www.sec.gov/Archives/edgar/data/1131399/000165495426005584/
6-K,2026-05-28,2026-05-28,,0001654954-26-005453,https://www.sec.gov/Archives/edgar/data/1131399/000165495426005453/a0471g.htm,https://www.sec.gov/Archives/edgar/data/1131399/000165495426005453/
6-K,2026-05-27,2026-05-27,,0001654954-26-005405,https://www.sec.gov/Archives/edgar/data/1131399/000165495426005405/a9163f.htm,https://www.sec.gov/Archives/edgar/data/1131399/000165495426005405/
6-K,2026-05-26,2026-05-26,,0001654954-26-005339,https://www.sec.gov/Archives/edgar/data/1131399/000165495426005339/a7508f.htm,https://www.sec.gov/Archives/edgar/data/1131399/000165495426005339/
6-K,2026-05-26,2026-05-26,,0001654954-26-005335,https://www.sec.gov/Archives/edgar/data/1131399/000165495426005335/a7372f.htm,https://www.sec.gov/Archives/edgar/data/1131399/000165495426005335/
6-K,2026-05-22,2026-05-22,,0001654954-26-005250,https://www.sec.gov/Archives/edgar/data/1131399/000165495426005250/a4774f.htm,https://www.sec.gov/Archives/edgar/data/1131399/000165495426005250/
6-K,2026-05-20,2026-05-20,,0001654954-26-005164,https://www.sec.gov/Archives/edgar/data/1131399/000165495426005164/a1412f.htm,https://www.sec.gov/Archives/edgar/data/1131399/000165495426005164/
6-K,2026-05-20,2026-05-20,,0001654954-26-005163,https://www.sec.gov/Archives/edgar/data/1131399/000165495426005163/a1412f.htm,https://www.sec.gov/Archives/edgar/data/1131399/000165495426005163/
6-K,2026-05-19,2026-05-19,,0001654954-26-005102,https://www.sec.gov/Archives/edgar/data/1131399/000165495426005102/a9634e.htm,https://www.sec.gov/Archives/edgar/data/1131399/000165495426005102/
6-K,2026-05-18,2026-05-18,,0001654954-26-005052,https://www.sec.gov/Archives/edgar/data/1131399/000165495426005052/a7748e.htm,https://www.sec.gov/Archives/edgar/data/1131399/000165495426005052/
6-K,2026-05-18,2026-05-18,,0001654954-26-005024,https://www.sec.gov/Archives/edgar/data/1131399/000165495426005024/a5853e.htm,https://www.sec.gov/Archives/edgar/data/1131399/000165495426005024/
6-K,2026-05-14,2026-05-14,,0001654954-26-004863,https://www.sec.gov/Archives/edgar/data/1131399/000165495426004863/a3914e.htm,https://www.sec.gov/Archives/edgar/data/1131399/000165495426004863/
6-K,2026-05-11,2026-05-11,,0001654954-26-004654,https://www.sec.gov/Archives/edgar/data/1131399/000165495426004654/a8085d.htm,https://www.sec.gov/Archives/edgar/data/1131399/000165495426004654/
6-K,2026-05-11,2026-05-11,,0001654954-26-004645,https://www.sec.gov/Archives/edgar/data/1131399/000165495426004645/a7648d.htm,https://www.sec.gov/Archives/edgar/data/1131399/000165495426004645/
6-K,2026-05-11,2026-05-11,,0001654954-26-004643,https://www.sec.gov/Archives/edgar/data/1131399/000165495426004643/a6811d.htm,https://www.sec.gov/Archives/edgar/data/1131399/000165495426004643/
6-K,2026-05-06,2026-05-06,,0001654954-26-004409,https://www.sec.gov/Archives/edgar/data/1131399/000165495426004409/a3151d.htm,https://www.sec.gov/Archives/edgar/data/1131399/000165495426004409/
6-K,2026-05-05,2026-05-05,,0001654954-26-004342,https://www.sec.gov/Archives/edgar/data/1131399/000165495426004342/a0891d.htm,https://www.sec.gov/Archives/edgar/data/1131399/000165495426004342/
6-K,2026-05-01,2026-05-01,,0001654954-26-004251,https://www.sec.gov/Archives/edgar/data/1131399/000165495426004251/a8497c.htm,https://www.sec.gov/Archives/edgar/data/1131399/000165495426004251/
6-K,2026-05-01,2026-05-01,,0001654954-26-004250,https://www.sec.gov/Archives/edgar/data/1131399/000165495426004250/a8483c.htm,https://www.sec.gov/Archives/edgar/data/1131399/000165495426004250/
6-K,2026-04-29,2026-04-29,,0001654954-26-004056,https://www.sec.gov/Archives/edgar/data/1131399/000165495426004056/a4424c.htm,https://www.sec.gov/Archives/edgar/data/1131399/000165495426004056/
6-K,2026-04-29,2026-04-29,,0001654954-26-004051,https://www.sec.gov/Archives/edgar/data/1131399/000165495426004051/a2755c.htm,https://www.sec.gov/Archives/edgar/data/1131399/000165495426004051/
6-K,2026-04-28,2026-04-28,,0001654954-26-003992,https://www.sec.gov/Archives/edgar/data/1131399/000165495426003992/a2567c.htm,https://www.sec.gov/Archives/edgar/data/1131399/000165495426003992/
6-K,2026-04-28,2026-04-28,,0001654954-26-003977,https://www.sec.gov/Archives/edgar/data/1131399/000165495426003977/a1144c.htm,https://www.sec.gov/Archives/edgar/data/1131399/000165495426003977/
6-K,2026-04-27,2026-04-27,,0001654954-26-003947,https://www.sec.gov/Archives/edgar/data/1131399/000165495426003947/a0447c.htm,https://www.sec.gov/Archives/edgar/data/1131399/000165495426003947/
6-K,2026-04-27,2026-04-27,,0001654954-26-003940,https://www.sec.gov/Archives/edgar/data/1131399/000165495426003940/a9967b.htm,https://www.sec.gov/Archives/edgar/data/1131399/000165495426003940/
6-K,2026-04-24,2026-04-24,,0001654954-26-003895,https://www.sec.gov/Archives/edgar/data/1131399/000165495426003895/a8882b.htm,https://www.sec.gov/Archives/edgar/data/1131399/000165495426003895/
6-K,2026-04-23,2026-04-23,,0001654954-26-003814,https://www.sec.gov/Archives/edgar/data/1131399/000165495426003814/a5557b.htm,https://www.sec.gov/Archives/edgar/data/1131399/000165495426003814/
6-K,2026-04-22,2026-04-22,,0001654954-26-003778,https://www.sec.gov/Archives/edgar/data/1131399/000165495426003778/a3762b.htm,https://www.sec.gov/Archives/edgar/data/1131399/000165495426003778/
6-K,2026-04-21,2026-04-21,,0001654954-26-003750,https://www.sec.gov/Archives/edgar/data/1131399/000165495426003750/a1995b.htm,https://www.sec.gov/Archives/edgar/data/1131399/000165495426003750/
6-K,2026-04-20,2026-04-20,,0001654954-26-003726,https://www.sec.gov/Archives/edgar/data/1131399/000165495426003726/a1813b.htm,https://www.sec.gov/Archives/edgar/data/1131399/000165495426003726/
6-K,2026-04-20,2026-04-20,,0001654954-26-003693,https://www.sec.gov/Archives/edgar/data/1131399/000165495426003693/a0194b.htm,https://www.sec.gov/Archives/edgar/data/1131399/000165495426003693/
6-K,2026-04-20,2026-04-20,,0001654954-26-003688,https://www.sec.gov/Archives/edgar/data/1131399/000165495426003688/a0050b.htm,https://www.sec.gov/Archives/edgar/data/1131399/000165495426003688/
6-K,2026-04-17,2026-04-17,,0001654954-26-003629,https://www.sec.gov/Archives/edgar/data/1131399/000165495426003629/a8309a.htm,https://www.sec.gov/Archives/edgar/data/1131399/000165495426003629/
6-K,2026-04-16,2026-04-16,,0001654954-26-003598,https://www.sec.gov/Archives/edgar/data/1131399/000165495426003598/a8099a.htm,https://www.sec.gov/Archives/edgar/data/1131399/000165495426003598/
6-K,2026-04-16,2026-04-16,,0001654954-26-003565,https://www.sec.gov/Archives/edgar/data/1131399/000165495426003565/a6492a.htm,https://www.sec.gov/Archives/edgar/data/1131399/000165495426003565/
6-K,2026-04-15,2026-04-15,,0001654954-26-003518,https://www.sec.gov/Archives/edgar/data/1131399/000165495426003518/a5562a.htm,https://www.sec.gov/Archives/edgar/data/1131399/000165495426003518/
6-K,2026-04-15,2026-04-15,,0001654954-26-003516,https://www.sec.gov/Archives/edgar/data/1131399/000165495426003516/a4784a.htm,https://www.sec.gov/Archives/edgar/data/1131399/000165495426003516/
6-K,2026-04-14,2026-04-14,,0001654954-26-003483,https://www.sec.gov/Archives/edgar/data/1131399/000165495426003483/a4478a.htm,https://www.sec.gov/Archives/edgar/data/1131399/000165495426003483/
6-K,2026-04-14,2026-04-14,,0001654954-26-003463,https://www.sec.gov/Archives/edgar/data/1131399/000165495426003463/a2720a.htm,https://www.sec.gov/Archives/edgar/data/1131399/000165495426003463/
6-K,2026-04-13,2026-04-13,,0001654954-26-003439,https://www.sec.gov/Archives/edgar/data/1131399/000165495426003439/a2553a.htm,https://www.sec.gov/Archives/edgar/data/1131399/000165495426003439/
6-K,2026-04-13,2026-04-13,,0001654954-26-003422,https://www.sec.gov/Archives/edgar/data/1131399/000165495426003422/a0706a.htm,https://www.sec.gov/Archives/edgar/data/1131399/000165495426003422/
6-K,2026-04-13,2026-04-13,,0001654954-26-003420,https://www.sec.gov/Archives/edgar/data/1131399/000165495426003420/a0718a.htm,https://www.sec.gov/Archives/edgar/data/1131399/000165495426003420/
6-K,2026-04-10,2026-04-10,,0001654954-26-003401,https://www.sec.gov/Archives/edgar/data/1131399/000165495426003401/a0489a.htm,https://www.sec.gov/Archives/edgar/data/1131399/000165495426003401/
6-K,2026-04-10,2026-04-10,,0001654954-26-003393,https://www.sec.gov/Archives/edgar/data/1131399/000165495426003393/a8989z.htm,https://www.sec.gov/Archives/edgar/data/1131399/000165495426003393/
6-K,2026-04-09,2026-04-09,,0001654954-26-003371,https://www.sec.gov/Archives/edgar/data/1131399/000165495426003371/a8641z.htm,https://www.sec.gov/Archives/edgar/data/1131399/000165495426003371/
6-K,2026-04-09,2026-04-09,,0001654954-26-003362,https://www.sec.gov/Archives/edgar/data/1131399/000165495426003362/a7076z.htm,https://www.sec.gov/Archives/edgar/data/1131399/000165495426003362/
6-K,2026-04-08,2026-04-08,,0001654954-26-003334,https://www.sec.gov/Archives/edgar/data/1131399/000165495426003334/a5397z.htm,https://www.sec.gov/Archives/edgar/data/1131399/000165495426003334/
6-K,2026-04-08,2026-04-08,,0001654954-26-003331,https://www.sec.gov/Archives/edgar/data/1131399/000165495426003331/a5293z.htm,https://www.sec.gov/Archives/edgar/data/1131399/000165495426003331/
6-K,2026-04-07,2026-04-07,,0001654954-26-003274,https://www.sec.gov/Archives/edgar/data/1131399/000165495426003274/a3393z.htm,https://www.sec.gov/Archives/edgar/data/1131399/000165495426003274/
6-K,2026-04-02,2026-04-02,,0001654954-26-003197,https://www.sec.gov/Archives/edgar/data/1131399/000165495426003197/a1422z.htm,https://www.sec.gov/Archives/edgar/data/1131399/000165495426003197/
6-K,2026-04-01,2026-04-01,,0001654954-26-003166,https://www.sec.gov/Archives/edgar/data/1131399/000165495426003166/a0866z.htm,https://www.sec.gov/Archives/edgar/data/1131399/000165495426003166/
6-K,2026-04-01,2026-04-01,,0001654954-26-003162,https://www.sec.gov/Archives/edgar/data/1131399/000165495426003162/a1147z.htm,https://www.sec.gov/Archives/edgar/data/1131399/000165495426003162/
6-K,2026-04-01,2026-04-01,,0001654954-26-003122,https://www.sec.gov/Archives/edgar/data/1131399/000165495426003122/a9378y.htm,https://www.sec.gov/Archives/edgar/data/1131399/000165495426003122/
6-K,2026-04-01,2026-04-01,,0001654954-26-003119,https://www.sec.gov/Archives/edgar/data/1131399/000165495426003119/a8796y.htm,https://www.sec.gov/Archives/edgar/data/1131399/000165495426003119/
6-K,2026-03-31,2026-03-31,,0001654954-26-002995,https://www.sec.gov/Archives/edgar/data/1131399/000165495426002995/a6988y.htm,https://www.sec.gov/Archives/edgar/data/1131399/000165495426002995/
6-K,2026-03-30,2026-03-30,,0001654954-26-002919,https://www.sec.gov/Archives/edgar/data/1131399/000165495426002919/a5265y.htm,https://www.sec.gov/Archives/edgar/data/1131399/000165495426002919/
6-K,2026-03-30,2026-03-30,,0001654954-26-002916,https://www.sec.gov/Archives/edgar/data/1131399/000165495426002916/a5391y.htm,https://www.sec.gov/Archives/edgar/data/1131399/000165495426002916/
6-K,2026-03-30,2026-03-30,,0001654954-26-002914,https://www.sec.gov/Archives/edgar/data/1131399/000165495426002914/a5267y.htm,https://www.sec.gov/Archives/edgar/data/1131399/000165495426002914/
6-K,2026-03-27,2026-03-27,,0001654954-26-002851,https://www.sec.gov/Archives/edgar/data/1131399/000165495426002851/a3462y.htm,https://www.sec.gov/Archives/edgar/data/1131399/000165495426002851/
6-K,2026-03-27,2026-03-27,,0001654954-26-002848,https://www.sec.gov/Archives/edgar/data/1131399/000165495426002848/a2767y.htm,https://www.sec.gov/Archives/edgar/data/1131399/000165495426002848/
6-K,2026-03-26,2026-03-26,,0001654954-26-002780,https://www.sec.gov/Archives/edgar/data/1131399/000165495426002780/a1561y.htm,https://www.sec.gov/Archives/edgar/data/1131399/000165495426002780/
6-K,2026-03-25,2026-03-25,,0001654954-26-002744,https://www.sec.gov/Archives/edgar/data/1131399/000165495426002744/a1265y.htm,https://www.sec.gov/Archives/edgar/data/1131399/000165495426002744/
6-K,2026-03-25,2026-03-25,,0001654954-26-002728,https://www.sec.gov/Archives/edgar/data/1131399/000165495426002728/a0911y.htm,https://www.sec.gov/Archives/edgar/data/1131399/000165495426002728/
6-K,2026-03-25,2026-03-25,,0001654954-26-002709,https://www.sec.gov/Archives/edgar/data/1131399/000165495426002709/a9710x.htm,https://www.sec.gov/Archives/edgar/data/1131399/000165495426002709/
6-K,2026-03-24,2026-03-24,,0001654954-26-002641,https://www.sec.gov/Archives/edgar/data/1131399/000165495426002641/a7704x.htm,https://www.sec.gov/Archives/edgar/data/1131399/000165495426002641/
6-K,2026-03-23,2026-03-23,,0001654954-26-002600,https://www.sec.gov/Archives/edgar/data/1131399/000165495426002600/a7048x.htm,https://www.sec.gov/Archives/edgar/data/1131399/000165495426002600/
6-K,2026-03-23,2026-03-23,,0001654954-26-002596,https://www.sec.gov/Archives/edgar/data/1131399/000165495426002596/a7370x.htm,https://www.sec.gov/Archives/edgar/data/1131399/000165495426002596/
6-K,2026-03-23,2026-03-23,,0001654954-26-002580,https://www.sec.gov/Archives/edgar/data/1131399/000165495426002580/a5841x.htm,https://www.sec.gov/Archives/edgar/data/1131399/000165495426002580/
6-K,2026-03-23,2026-03-23,,0001654954-26-002577,https://www.sec.gov/Archives/edgar/data/1131399/000165495426002577/a5614x.htm,https://www.sec.gov/Archives/edgar/data/1131399/000165495426002577/
6-K,2026-03-20,2026-03-20,,0001654954-26-002514,https://www.sec.gov/Archives/edgar/data/1131399/000165495426002514/a3920x.htm,https://www.sec.gov/Archives/edgar/data/1131399/000165495426002514/
6-K,2026-03-19,2026-03-19,,0001654954-26-002482,https://www.sec.gov/Archives/edgar/data/1131399/000165495426002482/a3294x.htm,https://www.sec.gov/Archives/edgar/data/1131399/000165495426002482/
6-K,2026-03-19,2026-03-19,,0001654954-26-002466,https://www.sec.gov/Archives/edgar/data/1131399/000165495426002466/a2223x.htm,https://www.sec.gov/Archives/edgar/data/1131399/000165495426002466/
6-K,2026-03-18,2026-03-18,,0001654954-26-002367,https://www.sec.gov/Archives/edgar/data/1131399/000165495426002367/a1911x.htm,https://www.sec.gov/Archives/edgar/data/1131399/000165495426002367/
6-K,2026-03-18,2026-03-18,,0001654954-26-002356,https://www.sec.gov/Archives/edgar/data/1131399/000165495426002356/a0360x.htm,https://www.sec.gov/Archives/edgar/data/1131399/000165495426002356/
6-K,2026-03-17,2026-03-17,,0001654954-26-002324,https://www.sec.gov/Archives/edgar/data/1131399/000165495426002324/a0155x.htm,https://www.sec.gov/Archives/edgar/data/1131399/000165495426002324/
6-K,2026-03-17,2026-03-17,,0001654954-26-002311,https://www.sec.gov/Archives/edgar/data/1131399/000165495426002311/a8482w.htm,https://www.sec.gov/Archives/edgar/data/1131399/000165495426002311/
6-K,2026-03-16,2026-03-16,,0001654954-26-002266,https://www.sec.gov/Archives/edgar/data/1131399/000165495426002266/a6694w.htm,https://www.sec.gov/Archives/edgar/data/1131399/000165495426002266/
6-K,2026-03-13,2026-03-13,,0001654954-26-002214,https://www.sec.gov/Archives/edgar/data/1131399/000165495426002214/a6063w.htm,https://www.sec.gov/Archives/edgar/data/1131399/000165495426002214/
6-K,2026-03-13,2026-03-13,,0001654954-26-002208,https://www.sec.gov/Archives/edgar/data/1131399/000165495426002208/a4805w.htm,https://www.sec.gov/Archives/edgar/data/1131399/000165495426002208/
6-K,2026-03-12,2026-03-12,,0001654954-26-002183,https://www.sec.gov/Archives/edgar/data/1131399/000165495426002183/a4233w.htm,https://www.sec.gov/Archives/edgar/data/1131399/000165495426002183/
6-K,2026-03-12,2026-03-12,,0001654954-26-002166,https://www.sec.gov/Archives/edgar/data/1131399/000165495426002166/a3035w.htm,https://www.sec.gov/Archives/edgar/data/1131399/000165495426002166/
6-K,2026-03-11,2026-03-11,,0001654954-26-002120,https://www.sec.gov/Archives/edgar/data/1131399/000165495426002120/a1171w.htm,https://www.sec.gov/Archives/edgar/data/1131399/000165495426002120/
6-K,2026-03-10,2026-03-10,,0001654954-26-002076,https://www.sec.gov/Archives/edgar/data/1131399/000165495426002076/a9431v.htm,https://www.sec.gov/Archives/edgar/data/1131399/000165495426002076/
6-K,2026-03-09,2026-03-09,,0001654954-26-002019,https://www.sec.gov/Archives/edgar/data/1131399/000165495426002019/a8724v.htm,https://www.sec.gov/Archives/edgar/data/1131399/000165495426002019/
6-K,2026-03-09,2026-03-09,,0001654954-26-002008,https://www.sec.gov/Archives/edgar/data/1131399/000165495426002008/a8361v.htm,https://www.sec.gov/Archives/edgar/data/1131399/000165495426002008/
6-K,2026-03-09,2026-03-09,,0001654954-26-002005,https://www.sec.gov/Archives/edgar/data/1131399/000165495426002005/a7559v.htm,https://www.sec.gov/Archives/edgar/data/1131399/000165495426002005/
6-K,2026-03-06,2026-03-06,,0001654954-26-001975,https://www.sec.gov/Archives/edgar/data/1131399/000165495426001975/a7307v.htm,https://www.sec.gov/Archives/edgar/data/1131399/000165495426001975/
20-F,2026-03-06,2025-12-31,,0001131399-26-000004,https://www.sec.gov/Archives/edgar/data/1131399/000113139926000004/gsk-20251231.htm,https://www.sec.gov/Archives/edgar/data/1131399/000113139926000004/
6-K,2026-03-06,2026-03-06,,0001654954-26-001950,https://www.sec.gov/Archives/edgar/data/1131399/000165495426001950/a5719v.htm,https://www.sec.gov/Archives/edgar/data/1131399/000165495426001950/
6-K,2026-03-05,2026-03-05,,0001654954-26-001917,https://www.sec.gov/Archives/edgar/data/1131399/000165495426001917/a4935v.htm,https://www.sec.gov/Archives/edgar/data/1131399/000165495426001917/
6-K,2026-03-05,2026-03-05,,0001654954-26-001907,https://www.sec.gov/Archives/edgar/data/1131399/000165495426001907/a3887v.htm,https://www.sec.gov/Archives/edgar/data/1131399/000165495426001907/
6-K,2026-03-04,2026-03-04,,0001654954-26-001860,https://www.sec.gov/Archives/edgar/data/1131399/000165495426001860/a3565v.htm,https://www.sec.gov/Archives/edgar/data/1131399/000165495426001860/
6-K,2026-03-04,2026-03-04,,0001654954-26-001852,https://www.sec.gov/Archives/edgar/data/1131399/000165495426001852/a2048v.htm,https://www.sec.gov/Archives/edgar/data/1131399/000165495426001852/
6-K,2026-03-03,2026-03-03,,0001654954-26-001801,https://www.sec.gov/Archives/edgar/data/1131399/000165495426001801/a1763v.htm,https://www.sec.gov/Archives/edgar/data/1131399/000165495426001801/
6-K,2026-03-03,2026-03-03,,0001654954-26-001790,https://www.sec.gov/Archives/edgar/data/1131399/000165495426001790/a0154v.htm,https://www.sec.gov/Archives/edgar/data/1131399/000165495426001790/
6-K,2026-03-02,2026-03-02,,0001654954-26-001756,https://www.sec.gov/Archives/edgar/data/1131399/000165495426001756/a8013u.htm,https://www.sec.gov/Archives/edgar/data/1131399/000165495426001756/
6-K,2026-03-02,2026-03-02,,0001654954-26-001733,https://www.sec.gov/Archives/edgar/data/1131399/000165495426001733/a9800u.htm,https://www.sec.gov/Archives/edgar/data/1131399/000165495426001733/
6-K,2026-02-27,2026-02-27,,0001654954-26-001650,https://www.sec.gov/Archives/edgar/data/1131399/000165495426001650/a7607u.htm,https://www.sec.gov/Archives/edgar/data/1131399/000165495426001650/
6-K,2026-02-27,2026-02-27,,0001654954-26-001625,https://www.sec.gov/Archives/edgar/data/1131399/000165495426001625/a6052u.htm,https://www.sec.gov/Archives/edgar/data/1131399/000165495426001625/
6-K,2026-02-26,2026-02-26,,0001654954-26-001580,https://www.sec.gov/Archives/edgar/data/1131399/000165495426001580/a4535u.htm,https://www.sec.gov/Archives/edgar/data/1131399/000165495426001580/
6-K,2026-02-26,2026-02-26,,0001654954-26-001578,https://www.sec.gov/Archives/edgar/data/1131399/000165495426001578/a4533u.htm,https://www.sec.gov/Archives/edgar/data/1131399/000165495426001578/
6-K,2026-02-26,2026-02-26,,0001654954-26-001575,https://www.sec.gov/Archives/edgar/data/1131399/000165495426001575/a4329u.htm,https://www.sec.gov/Archives/edgar/data/1131399/000165495426001575/
6-K,2026-02-25,2026-02-25,,0001654954-26-001551,https://www.sec.gov/Archives/edgar/data/1131399/000165495426001551/a4223u.htm,https://www.sec.gov/Archives/edgar/data/1131399/000165495426001551/
6-K,2026-02-25,2026-02-25,,0001654954-26-001547,https://www.sec.gov/Archives/edgar/data/1131399/000165495426001547/a4087u.htm,https://www.sec.gov/Archives/edgar/data/1131399/000165495426001547/
6-K,2026-02-25,2026-02-25,,0001654954-26-001533,https://www.sec.gov/Archives/edgar/data/1131399/000165495426001533/a2524u.htm,https://www.sec.gov/Archives/edgar/data/1131399/000165495426001533/
6-K,2026-02-25,2026-02-25,,0001654954-26-001531,https://www.sec.gov/Archives/edgar/data/1131399/000165495426001531/a2423u.htm,https://www.sec.gov/Archives/edgar/data/1131399/000165495426001531/
6-K,2026-02-24,2026-02-24,,0001654954-26-001495,https://www.sec.gov/Archives/edgar/data/1131399/000165495426001495/a2046u.htm,https://www.sec.gov/Archives/edgar/data/1131399/000165495426001495/
6-K,2026-02-24,2026-02-24,,0001654954-26-001477,https://www.sec.gov/Archives/edgar/data/1131399/000165495426001477/a0740u.htm,https://www.sec.gov/Archives/edgar/data/1131399/000165495426001477/
6-K,2026-02-23,2026-02-23,,0001654954-26-001438,https://www.sec.gov/Archives/edgar/data/1131399/000165495426001438/a9123t.htm,https://www.sec.gov/Archives/edgar/data/1131399/000165495426001438/
6-K,2026-02-20,2026-02-20,,0001654954-26-001425,https://www.sec.gov/Archives/edgar/data/1131399/000165495426001425/a8955t.htm,https://www.sec.gov/Archives/edgar/data/1131399/000165495426001425/
6-K,2026-02-20,2026-02-20,,0001654954-26-001411,https://www.sec.gov/Archives/edgar/data/1131399/000165495426001411/a7374t.htm,https://www.sec.gov/Archives/edgar/data/1131399/000165495426001411/
6-K,2026-02-19,2026-02-19,,0001654954-26-001380,https://www.sec.gov/Archives/edgar/data/1131399/000165495426001380/a7201t.htm,https://www.sec.gov/Archives/edgar/data/1131399/000165495426001380/
6-K,2026-02-19,2026-02-19,,0001654954-26-001372,https://www.sec.gov/Archives/edgar/data/1131399/000165495426001372/a5678t.htm,https://www.sec.gov/Archives/edgar/data/1131399/000165495426001372/
6-K,2026-02-18,2026-02-18,,0001654954-26-001330,https://www.sec.gov/Archives/edgar/data/1131399/000165495426001330/a3988t.htm,https://www.sec.gov/Archives/edgar/data/1131399/000165495426001330/
6-K,2026-02-17,2026-02-17,,0001654954-26-001297,https://www.sec.gov/Archives/edgar/data/1131399/000165495426001297/a3813t.htm,https://www.sec.gov/Archives/edgar/data/1131399/000165495426001297/
6-K,2026-02-17,2026-02-17,,0001654954-26-001295,https://www.sec.gov/Archives/edgar/data/1131399/000165495426001295/a3812t.htm,https://www.sec.gov/Archives/edgar/data/1131399/000165495426001295/
6-K,2026-02-17,2026-02-17,,0001654954-26-001288,https://www.sec.gov/Archives/edgar/data/1131399/000165495426001288/a2424t.htm,https://www.sec.gov/Archives/edgar/data/1131399/000165495426001288/
6-K,2026-02-17,2026-02-17,,0001654954-26-001276,https://www.sec.gov/Archives/edgar/data/1131399/000165495426001276/a2272t.htm,https://www.sec.gov/Archives/edgar/data/1131399/000165495426001276/
6-K,2026-02-17,2026-02-17,,0001654954-26-001267,https://www.sec.gov/Archives/edgar/data/1131399/000165495426001267/a2134t.htm,https://www.sec.gov/Archives/edgar/data/1131399/000165495426001267/
6-K,2026-02-17,2026-02-17,,0001654954-26-001265,https://www.sec.gov/Archives/edgar/data/1131399/000165495426001265/a2133t.htm,https://www.sec.gov/Archives/edgar/data/1131399/000165495426001265/
6-K,2026-02-17,2026-02-17,,0001654954-26-001262,https://www.sec.gov/Archives/edgar/data/1131399/000165495426001262/a2131t.htm,https://www.sec.gov/Archives/edgar/data/1131399/000165495426001262/
6-K,2026-02-11,2026-02-11,,0001654954-26-001125,https://www.sec.gov/Archives/edgar/data/1131399/000165495426001125/a6485s.htm,https://www.sec.gov/Archives/edgar/data/1131399/000165495426001125/
6-K,2026-02-11,2026-02-11,,0001654954-26-001123,https://www.sec.gov/Archives/edgar/data/1131399/000165495426001123/a6433s.htm,https://www.sec.gov/Archives/edgar/data/1131399/000165495426001123/
6-K,2026-02-11,2026-02-11,,0001654954-26-001116,https://www.sec.gov/Archives/edgar/data/1131399/000165495426001116/a6517s.htm,https://www.sec.gov/Archives/edgar/data/1131399/000165495426001116/
6-K,2026-02-11,2026-02-11,,0001654954-26-001113,https://www.sec.gov/Archives/edgar/data/1131399/000165495426001113/a6434s.htm,https://www.sec.gov/Archives/edgar/data/1131399/000165495426001113/
6-K,2026-02-10,2026-02-10,,0001654954-26-001068,https://www.sec.gov/Archives/edgar/data/1131399/000165495426001068/a3269s.htm,https://www.sec.gov/Archives/edgar/data/1131399/000165495426001068/
6-K,2026-02-09,2026-02-09,,0001654954-26-001035,https://www.sec.gov/Archives/edgar/data/1131399/000165495426001035/a2925s.htm,https://www.sec.gov/Archives/edgar/data/1131399/000165495426001035/
6-K,2026-02-06,2026-02-06,,0001654954-26-000976,https://www.sec.gov/Archives/edgar/data/1131399/000165495426000976/a0754s.htm,https://www.sec.gov/Archives/edgar/data/1131399/000165495426000976/
6-K,2026-02-06,2026-02-06,,0001654954-26-000970,https://www.sec.gov/Archives/edgar/data/1131399/000165495426000970/a9749r.htm,https://www.sec.gov/Archives/edgar/data/1131399/000165495426000970/
6-K,2026-02-05,2026-02-05,,0001654954-26-000949,https://www.sec.gov/Archives/edgar/data/1131399/000165495426000949/a9347r.htm,https://www.sec.gov/Archives/edgar/data/1131399/000165495426000949/
6-K,2026-02-04,2026-02-04,,0001654954-26-000892,https://www.sec.gov/Archives/edgar/data/1131399/000165495426000892/a5979rv2.htm,https://www.sec.gov/Archives/edgar/data/1131399/000165495426000892/
6-K,2026-02-02,2026-02-02,,0001654954-26-000829,https://www.sec.gov/Archives/edgar/data/1131399/000165495426000829/a3536r.htm,https://www.sec.gov/Archives/edgar/data/1131399/000165495426000829/
6-K,2026-01-26,2026-01-26,,0001654954-26-000581,https://www.sec.gov/Archives/edgar/data/1131399/000165495426000581/a3210q.htm,https://www.sec.gov/Archives/edgar/data/1131399/000165495426000581/
6-K,2026-01-20,2026-01-20,,0001654954-26-000470,https://www.sec.gov/Archives/edgar/data/1131399/000165495426000470/a5855p.htm,https://www.sec.gov/Archives/edgar/data/1131399/000165495426000470/
6-K,2026-01-20,2026-01-20,,0001654954-26-000468,https://www.sec.gov/Archives/edgar/data/1131399/000165495426000468/a5133p.htm,https://www.sec.gov/Archives/edgar/data/1131399/000165495426000468/
6-K,2026-01-16,2026-01-16,,0001654954-26-000417,https://www.sec.gov/Archives/edgar/data/1131399/000165495426000417/a2968p.htm,https://www.sec.gov/Archives/edgar/data/1131399/000165495426000417/
6-K,2026-01-15,2026-01-15,,0001654954-26-000375,https://www.sec.gov/Archives/edgar/data/1131399/000165495426000375/a1040p.htm,https://www.sec.gov/Archives/edgar/data/1131399/000165495426000375/
6-K,2026-01-13,2026-01-13,,0001654954-26-000324,https://www.sec.gov/Archives/edgar/data/1131399/000165495426000324/a7452o.htm,https://www.sec.gov/Archives/edgar/data/1131399/000165495426000324/
6-K,2026-01-07,2026-01-07,,0001654954-26-000138,https://www.sec.gov/Archives/edgar/data/1131399/000165495426000138/a8985n.htm,https://www.sec.gov/Archives/edgar/data/1131399/000165495426000138/
6-K,2026-01-07,2026-01-07,,0001654954-26-000136,https://www.sec.gov/Archives/edgar/data/1131399/000165495426000136/a8987n.htm,https://www.sec.gov/Archives/edgar/data/1131399/000165495426000136/
6-K,2026-01-06,2026-01-06,,0001654954-26-000107,https://www.sec.gov/Archives/edgar/data/1131399/000165495426000107/a7173ngsk.htm,https://www.sec.gov/Archives/edgar/data/1131399/000165495426000107/
6-K,2026-01-05,2026-01-05,,0001654954-26-000071,https://www.sec.gov/Archives/edgar/data/1131399/000165495426000071/a6964n.htm,https://www.sec.gov/Archives/edgar/data/1131399/000165495426000071/
6-K,2026-01-05,2026-01-05,,0001654954-26-000061,https://www.sec.gov/Archives/edgar/data/1131399/000165495426000061/a6835n.htm,https://www.sec.gov/Archives/edgar/data/1131399/000165495426000061/
6-K,2026-01-05,2026-01-05,,0001654954-26-000056,https://www.sec.gov/Archives/edgar/data/1131399/000165495426000056/a6236ngsk.htm,https://www.sec.gov/Archives/edgar/data/1131399/000165495426000056/
6-K,2025-12-23,2025-12-23,,0001654954-25-014268,https://www.sec.gov/Archives/edgar/data/1131399/000165495425014268/a6499m.htm,https://www.sec.gov/Archives/edgar/data/1131399/000165495425014268/
6-K,2025-12-22,2025-12-22,,0001654954-25-014212,https://www.sec.gov/Archives/edgar/data/1131399/000165495425014212/a4939m.htm,https://www.sec.gov/Archives/edgar/data/1131399/000165495425014212/
6-K,2025-12-22,2025-12-22,,0001654954-25-014156,https://www.sec.gov/Archives/edgar/data/1131399/000165495425014156/a3646m.htm,https://www.sec.gov/Archives/edgar/data/1131399/000165495425014156/
6-K,2025-12-19,2025-12-19,,0001654954-25-014129,https://www.sec.gov/Archives/edgar/data/1131399/000165495425014129/a1943m.htm,https://www.sec.gov/Archives/edgar/data/1131399/000165495425014129/
6-K,2025-12-18,2025-12-18,,0001654954-25-014074,https://www.sec.gov/Archives/edgar/data/1131399/000165495425014074/a0134m.htm,https://www.sec.gov/Archives/edgar/data/1131399/000165495425014074/
6-K,2025-12-17,2025-12-17,,0001654954-25-014033,https://www.sec.gov/Archives/edgar/data/1131399/000165495425014033/a8507l.htm,https://www.sec.gov/Archives/edgar/data/1131399/000165495425014033/
6-K,2025-12-17,2025-12-17,,0001654954-25-014027,https://www.sec.gov/Archives/edgar/data/1131399/000165495425014027/a8383l.htm,https://www.sec.gov/Archives/edgar/data/1131399/000165495425014027/
6-K,2025-12-16,2025-12-16,,0001654954-25-013981,https://www.sec.gov/Archives/edgar/data/1131399/000165495425013981/a6711l.htm,https://www.sec.gov/Archives/edgar/data/1131399/000165495425013981/
6-K,2025-12-16,2025-12-16,,0001654954-25-013979,https://www.sec.gov/Archives/edgar/data/1131399/000165495425013979/a6546l.htm,https://www.sec.gov/Archives/edgar/data/1131399/000165495425013979/
6-K,2025-12-15,2025-12-15,,0001654954-25-013922,https://www.sec.gov/Archives/edgar/data/1131399/000165495425013922/a4641l.htm,https://www.sec.gov/Archives/edgar/data/1131399/000165495425013922/
6-K,2025-12-12,2025-12-12,,0001654954-25-013890,https://www.sec.gov/Archives/edgar/data/1131399/000165495425013890/a4345l.htm,https://www.sec.gov/Archives/edgar/data/1131399/000165495425013890/
6-K,2025-12-12,2025-12-12,,0001654954-25-013887,https://www.sec.gov/Archives/edgar/data/1131399/000165495425013887/a4035l.htm,https://www.sec.gov/Archives/edgar/data/1131399/000165495425013887/
6-K,2025-12-12,2025-12-12,,0001654954-25-013882,https://www.sec.gov/Archives/edgar/data/1131399/000165495425013882/a2934l.htm,https://www.sec.gov/Archives/edgar/data/1131399/000165495425013882/
6-K,2025-12-12,2025-12-12,,0001654954-25-013879,https://www.sec.gov/Archives/edgar/data/1131399/000165495425013879/a2856l.htm,https://www.sec.gov/Archives/edgar/data/1131399/000165495425013879/
6-K,2025-12-11,2025-12-11,,0001654954-25-013845,https://www.sec.gov/Archives/edgar/data/1131399/000165495425013845/a2842l.htm,https://www.sec.gov/Archives/edgar/data/1131399/000165495425013845/
6-K,2025-12-11,2025-12-11,,0001654954-25-013834,https://www.sec.gov/Archives/edgar/data/1131399/000165495425013834/a0851l.htm,https://www.sec.gov/Archives/edgar/data/1131399/000165495425013834/
6-K,2025-12-11,2025-12-11,,0001654954-25-013825,https://www.sec.gov/Archives/edgar/data/1131399/000165495425013825/a0711l.htm,https://www.sec.gov/Archives/edgar/data/1131399/000165495425013825/
6-K,2025-12-11,2025-12-11,,0001654954-25-013823,https://www.sec.gov/Archives/edgar/data/1131399/000165495425013823/a0924lgskpos.htm,https://www.sec.gov/Archives/edgar/data/1131399/000165495425013823/
6-K,2025-12-10,2025-12-10,,0001654954-25-013792,https://www.sec.gov/Archives/edgar/data/1131399/000165495425013792/a9051kgskpos.htm,https://www.sec.gov/Archives/edgar/data/1131399/000165495425013792/
6-K,2025-12-10,2025-12-10,,0001654954-25-013788,https://www.sec.gov/Archives/edgar/data/1131399/000165495425013788/a9003kgskmsc.htm,https://www.sec.gov/Archives/edgar/data/1131399/000165495425013788/
6-K,2025-12-09,2025-12-09,,0001654954-25-013777,https://www.sec.gov/Archives/edgar/data/1131399/000165495425013777/a8719k.htm,https://www.sec.gov/Archives/edgar/data/1131399/000165495425013777/
6-K,2025-12-09,2025-12-09,,0001654954-25-013768,https://www.sec.gov/Archives/edgar/data/1131399/000165495425013768/a7208kgsk.htm,https://www.sec.gov/Archives/edgar/data/1131399/000165495425013768/
6-K,2025-12-08,2025-12-08,,0001654954-25-013741,https://www.sec.gov/Archives/edgar/data/1131399/000165495425013741/a5362kgsk.htm,https://www.sec.gov/Archives/edgar/data/1131399/000165495425013741/
6-K,2025-12-05,2025-12-05,,0001654954-25-013692,https://www.sec.gov/Archives/edgar/data/1131399/000165495425013692/a3573k.htm,https://www.sec.gov/Archives/edgar/data/1131399/000165495425013692/
6-K,2025-12-04,2025-12-04,,0001654954-25-013661,https://www.sec.gov/Archives/edgar/data/1131399/000165495425013661/a1570k.htm,https://www.sec.gov/Archives/edgar/data/1131399/000165495425013661/
6-K,2025-12-03,2025-12-03,,0001654954-25-013632,https://www.sec.gov/Archives/edgar/data/1131399/000165495425013632/a9639j.htm,https://www.sec.gov/Archives/edgar/data/1131399/000165495425013632/
6-K,2025-12-02,2025-12-02,,0001654954-25-013604,https://www.sec.gov/Archives/edgar/data/1131399/000165495425013604/a7730j.htm,https://www.sec.gov/Archives/edgar/data/1131399/000165495425013604/
6-K,2025-12-01,2025-12-01,,0001654954-25-013579,https://www.sec.gov/Archives/edgar/data/1131399/000165495425013579/a7270j.htm,https://www.sec.gov/Archives/edgar/data/1131399/000165495425013579/
6-K,2025-12-01,2025-12-01,,0001654954-25-013575,https://www.sec.gov/Archives/edgar/data/1131399/000165495425013575/a7262j.htm,https://www.sec.gov/Archives/edgar/data/1131399/000165495425013575/
6-K,2025-12-01,2025-12-01,,0001654954-25-013521,https://www.sec.gov/Archives/edgar/data/1131399/000165495425013521/a5288j.htm,https://www.sec.gov/Archives/edgar/data/1131399/000165495425013521/
6-K,2025-11-28,2025-11-28,,0001654954-25-013497,https://www.sec.gov/Archives/edgar/data/1131399/000165495425013497/a3502j.htm,https://www.sec.gov/Archives/edgar/data/1131399/000165495425013497/
6-K,2025-11-28,2025-11-28,,0001654954-25-013468,https://www.sec.gov/Archives/edgar/data/1131399/000165495425013468/a1716j.htm,https://www.sec.gov/Archives/edgar/data/1131399/000165495425013468/
6-K,2025-11-26,2025-11-26,,0001654954-25-013446,https://www.sec.gov/Archives/edgar/data/1131399/000165495425013446/a9808i.htm,https://www.sec.gov/Archives/edgar/data/1131399/000165495425013446/
6-K,2025-11-25,2025-11-25,,0001654954-25-013418,https://www.sec.gov/Archives/edgar/data/1131399/000165495425013418/a8078i.htm,https://www.sec.gov/Archives/edgar/data/1131399/000165495425013418/
6-K,2025-11-24,2025-11-24,,0001654954-25-013399,https://www.sec.gov/Archives/edgar/data/1131399/000165495425013399/a6205i.htm,https://www.sec.gov/Archives/edgar/data/1131399/000165495425013399/
6-K,2025-11-21,2025-11-21,,0001654954-25-013351,https://www.sec.gov/Archives/edgar/data/1131399/000165495425013351/a4566i.htm,https://www.sec.gov/Archives/edgar/data/1131399/000165495425013351/
6-K,2025-11-21,2025-11-21,,0001654954-25-013348,https://www.sec.gov/Archives/edgar/data/1131399/000165495425013348/a4440i.htm,https://www.sec.gov/Archives/edgar/data/1131399/000165495425013348/
6-K,2025-11-20,2025-11-20,,0001654954-25-013320,https://www.sec.gov/Archives/edgar/data/1131399/000165495425013320/a2573i.htm,https://www.sec.gov/Archives/edgar/data/1131399/000165495425013320/
6-K,2025-11-19,2025-11-19,,0001654954-25-013250,https://www.sec.gov/Archives/edgar/data/1131399/000165495425013250/a0711i.htm,https://www.sec.gov/Archives/edgar/data/1131399/000165495425013250/
6-K,2025-11-19,2025-11-19,,0001654954-25-013248,https://www.sec.gov/Archives/edgar/data/1131399/000165495425013248/a0686i.htm,https://www.sec.gov/Archives/edgar/data/1131399/000165495425013248/
6-K,2025-11-18,2025-11-18,,0001654954-25-013187,https://www.sec.gov/Archives/edgar/data/1131399/000165495425013187/a0424i.htm,https://www.sec.gov/Archives/edgar/data/1131399/000165495425013187/
6-K,2025-11-18,2025-11-18,,0001654954-25-013178,https://www.sec.gov/Archives/edgar/data/1131399/000165495425013178/a8822h.htm,https://www.sec.gov/Archives/edgar/data/1131399/000165495425013178/
6-K,2025-11-17,2025-11-17,,0001654954-25-013117,https://www.sec.gov/Archives/edgar/data/1131399/000165495425013117/a6865h.htm,https://www.sec.gov/Archives/edgar/data/1131399/000165495425013117/
6-K,2025-11-14,2025-11-14,,0001654954-25-013014,https://www.sec.gov/Archives/edgar/data/1131399/000165495425013014/a4995h.htm,https://www.sec.gov/Archives/edgar/data/1131399/000165495425013014/
6-K,2025-11-13,2025-11-13,,0001654954-25-012969,https://www.sec.gov/Archives/edgar/data/1131399/000165495425012969/a4607h.htm,https://www.sec.gov/Archives/edgar/data/1131399/000165495425012969/
6-K,2025-11-13,2025-11-13,,0001654954-25-012955,https://www.sec.gov/Archives/edgar/data/1131399/000165495425012955/a3150h.htm,https://www.sec.gov/Archives/edgar/data/1131399/000165495425012955/
6-K,2025-11-12,2025-11-12,,0001654954-25-012888,https://www.sec.gov/Archives/edgar/data/1131399/000165495425012888/a2717h.htm,https://www.sec.gov/Archives/edgar/data/1131399/000165495425012888/
6-K,2025-11-12,2025-11-12,,0001654954-25-012845,https://www.sec.gov/Archives/edgar/data/1131399/000165495425012845/a1413h.htm,https://www.sec.gov/Archives/edgar/data/1131399/000165495425012845/
6-K,2025-11-12,2025-11-12,,0001654954-25-012792,https://www.sec.gov/Archives/edgar/data/1131399/000165495425012792/a9459g.htm,https://www.sec.gov/Archives/edgar/data/1131399/000165495425012792/
6-K,2025-11-10,2025-11-10,,0001654954-25-012745,https://www.sec.gov/Archives/edgar/data/1131399/000165495425012745/a7768g.htm,https://www.sec.gov/Archives/edgar/data/1131399/000165495425012745/
6-K,2025-11-10,2025-11-10,,0001654954-25-012720,https://www.sec.gov/Archives/edgar/data/1131399/000165495425012720/a7622g.htm,https://www.sec.gov/Archives/edgar/data/1131399/000165495425012720/
6-K,2025-11-07,2025-11-07,,0001654954-25-012679,https://www.sec.gov/Archives/edgar/data/1131399/000165495425012679/a5775g.htm,https://www.sec.gov/Archives/edgar/data/1131399/000165495425012679/
6-K,2025-11-06,2025-11-06,,0001654954-25-012632,https://www.sec.gov/Archives/edgar/data/1131399/000165495425012632/a3823g.htm,https://www.sec.gov/Archives/edgar/data/1131399/000165495425012632/
6-K,2025-11-05,2025-11-05,,0001654954-25-012587,https://www.sec.gov/Archives/edgar/data/1131399/000165495425012587/a1864g.htm,https://www.sec.gov/Archives/edgar/data/1131399/000165495425012587/
6-K,2025-11-04,2025-11-04,,0001654954-25-012543,https://www.sec.gov/Archives/edgar/data/1131399/000165495425012543/a0071g.htm,https://www.sec.gov/Archives/edgar/data/1131399/000165495425012543/
6-K,2025-11-03,2025-11-03,,0001654954-25-012505,https://www.sec.gov/Archives/edgar/data/1131399/000165495425012505/a9666f.htm,https://www.sec.gov/Archives/edgar/data/1131399/000165495425012505/
6-K,2025-11-03,2025-11-03,,0001654954-25-012444,https://www.sec.gov/Archives/edgar/data/1131399/000165495425012444/a7775f.htm,https://www.sec.gov/Archives/edgar/data/1131399/000165495425012444/
6-K,2025-10-31,2025-10-31,,0001654954-25-012388,https://www.sec.gov/Archives/edgar/data/1131399/000165495425012388/a5829f.htm,https://www.sec.gov/Archives/edgar/data/1131399/000165495425012388/
6-K,2025-10-30,2025-10-30,,0001654954-25-012360,https://www.sec.gov/Archives/edgar/data/1131399/000165495425012360/a5627f.htm,https://www.sec.gov/Archives/edgar/data/1131399/000165495425012360/
6-K,2025-10-30,2025-10-30,,0001654954-25-012344,https://www.sec.gov/Archives/edgar/data/1131399/000165495425012344/a3983f.htm,https://www.sec.gov/Archives/edgar/data/1131399/000165495425012344/
6-K,2025-10-29,2025-10-29,,0001654954-25-012308,https://www.sec.gov/Archives/edgar/data/1131399/000165495425012308/a1913f.htm,https://www.sec.gov/Archives/edgar/data/1131399/000165495425012308/
6-K,2025-10-29,2025-10-29,,0001654954-25-012307,https://www.sec.gov/Archives/edgar/data/1131399/000165495425012307/a1902f-gskoriginaledgar.htm,https://www.sec.gov/Archives/edgar/data/1131399/000165495425012307/
6-K,2025-10-28,2025-10-28,,0001654954-25-012261,https://www.sec.gov/Archives/edgar/data/1131399/000165495425012261/a0106f.htm,https://www.sec.gov/Archives/edgar/data/1131399/000165495425012261/
6-K,2025-10-28,2025-10-28,,0001654954-25-012259,https://www.sec.gov/Archives/edgar/data/1131399/000165495425012259/a9876e.htm,https://www.sec.gov/Archives/edgar/data/1131399/000165495425012259/
6-K,2025-10-27,2025-10-27,,0001654954-25-012225,https://www.sec.gov/Archives/edgar/data/1131399/000165495425012225/a8292e.htm,https://www.sec.gov/Archives/edgar/data/1131399/000165495425012225/
6-K,2025-10-24,2025-10-24,,0001654954-25-012176,https://www.sec.gov/Archives/edgar/data/1131399/000165495425012176/a6592e.htm,https://www.sec.gov/Archives/edgar/data/1131399/000165495425012176/
6-K,2025-10-24,2025-10-24,,0001654954-25-012159,https://www.sec.gov/Archives/edgar/data/1131399/000165495425012159/a6520e.htm,https://www.sec.gov/Archives/edgar/data/1131399/000165495425012159/
6-K,2025-10-23,2025-10-23,,0001654954-25-012082,https://www.sec.gov/Archives/edgar/data/1131399/000165495425012082/a4624e.htm,https://www.sec.gov/Archives/edgar/data/1131399/000165495425012082/
6-K,2025-10-22,2025-10-22,,0001654954-25-012045,https://www.sec.gov/Archives/edgar/data/1131399/000165495425012045/a2969e.htm,https://www.sec.gov/Archives/edgar/data/1131399/000165495425012045/
6-K,2025-10-22,2025-10-22,,0001654954-25-012042,https://www.sec.gov/Archives/edgar/data/1131399/000165495425012042/a2955e.htm,https://www.sec.gov/Archives/edgar/data/1131399/000165495425012042/
6-K,2025-10-22,2025-10-22,,0001654954-25-012035,https://www.sec.gov/Archives/edgar/data/1131399/000165495425012035/a2946e.htm,https://www.sec.gov/Archives/edgar/data/1131399/000165495425012035/
6-K,2025-10-21,2025-10-21,,0001654954-25-011999,https://www.sec.gov/Archives/edgar/data/1131399/000165495425011999/a1154e.htm,https://www.sec.gov/Archives/edgar/data/1131399/000165495425011999/
6-K,2025-10-21,2025-10-21,,0001654954-25-011992,https://www.sec.gov/Archives/edgar/data/1131399/000165495425011992/a1048e.htm,https://www.sec.gov/Archives/edgar/data/1131399/000165495425011992/
6-K,2025-10-21,2025-10-21,,0001654954-25-011990,https://www.sec.gov/Archives/edgar/data/1131399/000165495425011990/a1483e.htm,https://www.sec.gov/Archives/edgar/data/1131399/000165495425011990/
6-K,2025-10-20,2025-10-20,,0001654954-25-011945,https://www.sec.gov/Archives/edgar/data/1131399/000165495425011945/a9163d.htm,https://www.sec.gov/Archives/edgar/data/1131399/000165495425011945/
6-K,2025-10-17,2025-10-17,,0001654954-25-011905,https://www.sec.gov/Archives/edgar/data/1131399/000165495425011905/a7391d.htm,https://www.sec.gov/Archives/edgar/data/1131399/000165495425011905/
6-K,2025-10-16,2025-10-16,,0001654954-25-011875,https://www.sec.gov/Archives/edgar/data/1131399/000165495425011875/a6865d.htm,https://www.sec.gov/Archives/edgar/data/1131399/000165495425011875/
6-K,2025-10-16,2025-10-16,,0001654954-25-011846,https://www.sec.gov/Archives/edgar/data/1131399/000165495425011846/a5620d.htm,https://www.sec.gov/Archives/edgar/data/1131399/000165495425011846/
6-K,2025-10-15,2025-10-15,,0001654954-25-011805,https://www.sec.gov/Archives/edgar/data/1131399/000165495425011805/a4798d.htm,https://www.sec.gov/Archives/edgar/data/1131399/000165495425011805/
6-K,2025-10-15,2025-10-15,,0001654954-25-011786,https://www.sec.gov/Archives/edgar/data/1131399/000165495425011786/a3746d.htm,https://www.sec.gov/Archives/edgar/data/1131399/000165495425011786/
6-K,2025-10-14,2025-10-14,,0001654954-25-011717,https://www.sec.gov/Archives/edgar/data/1131399/000165495425011717/a1855d.htm,https://www.sec.gov/Archives/edgar/data/1131399/000165495425011717/
6-K,2025-10-14,2025-10-14,,0001654954-25-011710,https://www.sec.gov/Archives/edgar/data/1131399/000165495425011710/a1776d.htm,https://www.sec.gov/Archives/edgar/data/1131399/000165495425011710/
6-K,2025-10-14,2025-10-14,,0001654954-25-011702,https://www.sec.gov/Archives/edgar/data/1131399/000165495425011702/a1589d.htm,https://www.sec.gov/Archives/edgar/data/1131399/000165495425011702/
6-K,2025-10-14,2025-10-14,,0001654954-25-011685,https://www.sec.gov/Archives/edgar/data/1131399/000165495425011685/a9907c.htm,https://www.sec.gov/Archives/edgar/data/1131399/000165495425011685/
6-K,2025-10-10,2025-10-10,,0001654954-25-011651,https://www.sec.gov/Archives/edgar/data/1131399/000165495425011651/a9741c.htm,https://www.sec.gov/Archives/edgar/data/1131399/000165495425011651/
6-K,2025-10-10,2025-10-10,,0001654954-25-011629,https://www.sec.gov/Archives/edgar/data/1131399/000165495425011629/a8130c.htm,https://www.sec.gov/Archives/edgar/data/1131399/000165495425011629/
6-K,2025-10-09,2025-10-09,,0001654954-25-011584,https://www.sec.gov/Archives/edgar/data/1131399/000165495425011584/a6347c.htm,https://www.sec.gov/Archives/edgar/data/1131399/000165495425011584/
6-K,2025-10-08,2025-10-08,,0001654954-25-011559,https://www.sec.gov/Archives/edgar/data/1131399/000165495425011559/a4535c.htm,https://www.sec.gov/Archives/edgar/data/1131399/000165495425011559/
6-K,2025-10-07,2025-10-07,,0001654954-25-011522,https://www.sec.gov/Archives/edgar/data/1131399/000165495425011522/a2743c.htm,https://www.sec.gov/Archives/edgar/data/1131399/000165495425011522/
6-K,2025-10-06,2025-10-06,,0001654954-25-011459,https://www.sec.gov/Archives/edgar/data/1131399/000165495425011459/a0832c.htm,https://www.sec.gov/Archives/edgar/data/1131399/000165495425011459/
6-K,2025-10-03,2025-10-03,,0001654954-25-011415,https://www.sec.gov/Archives/edgar/data/1131399/000165495425011415/a9057b.htm,https://www.sec.gov/Archives/edgar/data/1131399/000165495425011415/
6-K,2025-10-02,2025-10-02,,0001654954-25-011359,https://www.sec.gov/Archives/edgar/data/1131399/000165495425011359/a7193b.htm,https://www.sec.gov/Archives/edgar/data/1131399/000165495425011359/
6-K,2025-10-01,2025-10-01,,0001654954-25-011307,https://www.sec.gov/Archives/edgar/data/1131399/000165495425011307/a6734b.htm,https://www.sec.gov/Archives/edgar/data/1131399/000165495425011307/
6-K,2025-10-01,2025-10-01,,0001654954-25-011296,https://www.sec.gov/Archives/edgar/data/1131399/000165495425011296/a5053b.htm,https://www.sec.gov/Archives/edgar/data/1131399/000165495425011296/
6-K,2025-09-30,2025-09-30,,0001654954-25-011211,https://www.sec.gov/Archives/edgar/data/1131399/000165495425011211/a3115b.htm,https://www.sec.gov/Archives/edgar/data/1131399/000165495425011211/
6-K,2025-09-29,2025-09-29,,0001654954-25-011173,https://www.sec.gov/Archives/edgar/data/1131399/000165495425011173/a1108b.htm,https://www.sec.gov/Archives/edgar/data/1131399/000165495425011173/
6-K,2025-09-22,2025-09-22,,0001654954-25-010981,https://www.sec.gov/Archives/edgar/data/1131399/000165495425010981/a2998a.htm,https://www.sec.gov/Archives/edgar/data/1131399/000165495425010981/
6-K,2025-09-19,2025-09-19,,0001654954-25-010923,https://www.sec.gov/Archives/edgar/data/1131399/000165495425010923/a9586z.htm,https://www.sec.gov/Archives/edgar/data/1131399/000165495425010923/
6-K,2025-09-18,2025-09-18,,0001654954-25-010888,https://www.sec.gov/Archives/edgar/data/1131399/000165495425010888/a7761z.htm,https://www.sec.gov/Archives/edgar/data/1131399/000165495425010888/
6-K,2025-09-17,2025-09-17,,0001654954-25-010843,https://www.sec.gov/Archives/edgar/data/1131399/000165495425010843/a6046z.htm,https://www.sec.gov/Archives/edgar/data/1131399/000165495425010843/
6-K,2025-09-17,2025-09-17,,0001654954-25-010835,https://www.sec.gov/Archives/edgar/data/1131399/000165495425010835/a5920z.htm,https://www.sec.gov/Archives/edgar/data/1131399/000165495425010835/
6-K,2025-09-16,2025-09-16,,0001654954-25-010794,https://www.sec.gov/Archives/edgar/data/1131399/000165495425010794/a4129z.htm,https://www.sec.gov/Archives/edgar/data/1131399/000165495425010794/
6-K,2025-09-15,2025-09-15,,0001654954-25-010739,https://www.sec.gov/Archives/edgar/data/1131399/000165495425010739/a2251z.htm,https://www.sec.gov/Archives/edgar/data/1131399/000165495425010739/
6-K,2025-09-12,2025-09-12,,0001654954-25-010672,https://www.sec.gov/Archives/edgar/data/1131399/000165495425010672/a0432z.htm,https://www.sec.gov/Archives/edgar/data/1131399/000165495425010672/
6-K,2025-09-11,2025-09-11,,0001654954-25-010634,https://www.sec.gov/Archives/edgar/data/1131399/000165495425010634/a8595y.htm,https://www.sec.gov/Archives/edgar/data/1131399/000165495425010634/
6-K,2025-09-10,2025-09-10,,0001654954-25-010599,https://www.sec.gov/Archives/edgar/data/1131399/000165495425010599/a8372y.htm,https://www.sec.gov/Archives/edgar/data/1131399/000165495425010599/
6-K,2025-09-10,2025-09-10,,0001654954-25-010565,https://www.sec.gov/Archives/edgar/data/1131399/000165495425010565/a6743y.htm,https://www.sec.gov/Archives/edgar/data/1131399/000165495425010565/
6-K,2025-09-09,2025-09-09,,0001654954-25-010505,https://www.sec.gov/Archives/edgar/data/1131399/000165495425010505/a4913y.htm,https://www.sec.gov/Archives/edgar/data/1131399/000165495425010505/
6-K,2025-09-08,2025-09-08,,0001654954-25-010455,https://www.sec.gov/Archives/edgar/data/1131399/000165495425010455/a2946y.htm,https://www.sec.gov/Archives/edgar/data/1131399/000165495425010455/
6-K,2025-09-05,2025-09-05,,0001654954-25-010429,https://www.sec.gov/Archives/edgar/data/1131399/000165495425010429/a1118y.htm,https://www.sec.gov/Archives/edgar/data/1131399/000165495425010429/
6-K,2025-09-04,2025-09-04,,0001654954-25-010402,https://www.sec.gov/Archives/edgar/data/1131399/000165495425010402/a0502y.htm,https://www.sec.gov/Archives/edgar/data/1131399/000165495425010402/
6-K,2025-09-04,2025-09-04,,0001654954-25-010384,https://www.sec.gov/Archives/edgar/data/1131399/000165495425010384/a9212x.htm,https://www.sec.gov/Archives/edgar/data/1131399/000165495425010384/
6-K,2025-09-03,2025-09-03,,0001654954-25-010336,https://www.sec.gov/Archives/edgar/data/1131399/000165495425010336/a7292x.htm,https://www.sec.gov/Archives/edgar/data/1131399/000165495425010336/
6-K,2025-09-02,2025-09-02,,0001654954-25-010285,https://www.sec.gov/Archives/edgar/data/1131399/000165495425010285/a5467x.htm,https://www.sec.gov/Archives/edgar/data/1131399/000165495425010285/
6-K,2025-09-02,2025-09-02,,0001654954-25-010263,https://www.sec.gov/Archives/edgar/data/1131399/000165495425010263/a5091x.htm,https://www.sec.gov/Archives/edgar/data/1131399/000165495425010263/
6-K,2025-09-02,2025-09-02,,0001654954-25-010241,https://www.sec.gov/Archives/edgar/data/1131399/000165495425010241/a3339x.htm,https://www.sec.gov/Archives/edgar/data/1131399/000165495425010241/
6-K,2025-08-29,2025-08-29,,0001654954-25-010165,https://www.sec.gov/Archives/edgar/data/1131399/000165495425010165/a1315x.htm,https://www.sec.gov/Archives/edgar/data/1131399/000165495425010165/
6-K,2025-08-28,2025-08-28,,0001654954-25-010110,https://www.sec.gov/Archives/edgar/data/1131399/000165495425010110/a9452w.htm,https://www.sec.gov/Archives/edgar/data/1131399/000165495425010110/
6-K,2025-08-27,2025-08-27,,0001654954-25-010072,https://www.sec.gov/Archives/edgar/data/1131399/000165495425010072/a7568w.htm,https://www.sec.gov/Archives/edgar/data/1131399/000165495425010072/
6-K,2025-08-26,2025-08-26,,0001654954-25-009996,https://www.sec.gov/Archives/edgar/data/1131399/000165495425009996/a5094w.htm,https://www.sec.gov/Archives/edgar/data/1131399/000165495425009996/
6-K,2025-08-22,2025-08-22,,0001654954-25-009943,https://www.sec.gov/Archives/edgar/data/1131399/000165495425009943/a3348w.htm,https://www.sec.gov/Archives/edgar/data/1131399/000165495425009943/
6-K,2025-08-21,2025-08-21,,0001654954-25-009886,https://www.sec.gov/Archives/edgar/data/1131399/000165495425009886/a1399w.htm,https://www.sec.gov/Archives/edgar/data/1131399/000165495425009886/
6-K,2025-08-21,2025-08-21,,0001654954-25-009874,https://www.sec.gov/Archives/edgar/data/1131399/000165495425009874/a1606w.htm,https://www.sec.gov/Archives/edgar/data/1131399/000165495425009874/
6-K,2025-08-20,2025-08-20,,0001654954-25-009835,https://www.sec.gov/Archives/edgar/data/1131399/000165495425009835/a9790v.htm,https://www.sec.gov/Archives/edgar/data/1131399/000165495425009835/
6-K,2025-08-19,2025-08-19,,0001654954-25-009804,https://www.sec.gov/Archives/edgar/data/1131399/000165495425009804/a9087v.htm,https://www.sec.gov/Archives/edgar/data/1131399/000165495425009804/
6-K,2025-08-19,2025-08-19,,0001654954-25-009782,https://www.sec.gov/Archives/edgar/data/1131399/000165495425009782/a7948v.htm,https://www.sec.gov/Archives/edgar/data/1131399/000165495425009782/
6-K,2025-08-18,2025-08-18,,0001654954-25-009735,https://www.sec.gov/Archives/edgar/data/1131399/000165495425009735/a6096v.htm,https://www.sec.gov/Archives/edgar/data/1131399/000165495425009735/
6-K,2025-08-15,2025-08-15,,0001654954-25-009682,https://www.sec.gov/Archives/edgar/data/1131399/000165495425009682/a4241v.htm,https://www.sec.gov/Archives/edgar/data/1131399/000165495425009682/
6-K,2025-08-14,2025-08-14,,0001654954-25-009525,https://www.sec.gov/Archives/edgar/data/1131399/000165495425009525/a2473v.htm,https://www.sec.gov/Archives/edgar/data/1131399/000165495425009525/
6-K,2025-08-13,2025-08-13,,0001654954-25-009467,https://www.sec.gov/Archives/edgar/data/1131399/000165495425009467/a0655v.htm,https://www.sec.gov/Archives/edgar/data/1131399/000165495425009467/
6-K,2025-08-12,2025-08-12,,0001654954-25-009404,https://www.sec.gov/Archives/edgar/data/1131399/000165495425009404/a0094v.htm,https://www.sec.gov/Archives/edgar/data/1131399/000165495425009404/
6-K,2025-08-12,2025-08-12,,0001654954-25-009371,https://www.sec.gov/Archives/edgar/data/1131399/000165495425009371/a8752u.htm,https://www.sec.gov/Archives/edgar/data/1131399/000165495425009371/
6-K,2025-08-11,2025-08-11,,0001654954-25-009314,https://www.sec.gov/Archives/edgar/data/1131399/000165495425009314/a6948u.htm,https://www.sec.gov/Archives/edgar/data/1131399/000165495425009314/
6-K,2025-08-11,2025-08-11,,0001654954-25-009310,https://www.sec.gov/Archives/edgar/data/1131399/000165495425009310/a6863u.htm,https://www.sec.gov/Archives/edgar/data/1131399/000165495425009310/
6-K,2025-08-08,2025-08-08,,0001654954-25-009240,https://www.sec.gov/Archives/edgar/data/1131399/000165495425009240/a5778u.htm,https://www.sec.gov/Archives/edgar/data/1131399/000165495425009240/
6-K,2025-08-08,2025-08-08,,0001654954-25-009238,https://www.sec.gov/Archives/edgar/data/1131399/000165495425009238/a4942u.htm,https://www.sec.gov/Archives/edgar/data/1131399/000165495425009238/
6-K,2025-08-07,2025-08-07,,0001654954-25-009167,https://www.sec.gov/Archives/edgar/data/1131399/000165495425009167/a3091u.htm,https://www.sec.gov/Archives/edgar/data/1131399/000165495425009167/
6-K,2025-08-06,2025-08-06,,0001654954-25-009091,https://www.sec.gov/Archives/edgar/data/1131399/000165495425009091/a1126u.htm,https://www.sec.gov/Archives/edgar/data/1131399/000165495425009091/
6-K,2025-08-05,2025-08-05,,0001654954-25-008956,https://www.sec.gov/Archives/edgar/data/1131399/000165495425008956/a9185t.htm,https://www.sec.gov/Archives/edgar/data/1131399/000165495425008956/
6-K,2025-08-04,2025-08-04,,0001654954-25-008890,https://www.sec.gov/Archives/edgar/data/1131399/000165495425008890/a7200t.htm,https://www.sec.gov/Archives/edgar/data/1131399/000165495425008890/
6-K,2025-08-01,2025-08-01,,0001654954-25-008811,https://www.sec.gov/Archives/edgar/data/1131399/000165495425008811/a6617t.htm,https://www.sec.gov/Archives/edgar/data/1131399/000165495425008811/
6-K,2025-08-01,2025-08-01,,0001654954-25-008795,https://www.sec.gov/Archives/edgar/data/1131399/000165495425008795/a5006t.htm,https://www.sec.gov/Archives/edgar/data/1131399/000165495425008795/
6-K,2025-07-31,2025-07-31,,0001654954-25-008684,https://www.sec.gov/Archives/edgar/data/1131399/000165495425008684/a2777t.htm,https://www.sec.gov/Archives/edgar/data/1131399/000165495425008684/
6-K,2025-07-30,2025-07-30,,0001654954-25-008641,https://www.sec.gov/Archives/edgar/data/1131399/000165495425008641/a0713t-gskplc2ndquarterre.htm,https://www.sec.gov/Archives/edgar/data/1131399/000165495425008641/
6-K,2025-07-30,2025-07-30,,0001654954-25-008623,https://www.sec.gov/Archives/edgar/data/1131399/000165495425008623/a0774t.htm,https://www.sec.gov/Archives/edgar/data/1131399/000165495425008623/
6-K,2025-07-29,2025-07-29,,0001654954-25-008561,https://www.sec.gov/Archives/edgar/data/1131399/000165495425008561/a8776s.htm,https://www.sec.gov/Archives/edgar/data/1131399/000165495425008561/
6-K,2025-07-28,2025-07-28,,0001654954-25-008521,https://www.sec.gov/Archives/edgar/data/1131399/000165495425008521/a7688s.htm,https://www.sec.gov/Archives/edgar/data/1131399/000165495425008521/
6-K,2025-07-28,2025-07-28,,0001654954-25-008516,https://www.sec.gov/Archives/edgar/data/1131399/000165495425008516/a6905s.htm,https://www.sec.gov/Archives/edgar/data/1131399/000165495425008516/
6-K,2025-07-25,2025-07-25,,0001654954-25-008470,https://www.sec.gov/Archives/edgar/data/1131399/000165495425008470/a5068s.htm,https://www.sec.gov/Archives/edgar/data/1131399/000165495425008470/
6-K,2025-07-24,2025-07-24,,0001654954-25-008438,https://www.sec.gov/Archives/edgar/data/1131399/000165495425008438/a4890s.htm,https://www.sec.gov/Archives/edgar/data/1131399/000165495425008438/
6-K,2025-07-24,2025-07-24,,0001654954-25-008430,https://www.sec.gov/Archives/edgar/data/1131399/000165495425008430/a3135s.htm,https://www.sec.gov/Archives/edgar/data/1131399/000165495425008430/
6-K,2025-07-23,2025-07-23,,0001654954-25-008347,https://www.sec.gov/Archives/edgar/data/1131399/000165495425008347/a2945s.htm,https://www.sec.gov/Archives/edgar/data/1131399/000165495425008347/
6-K,2025-07-23,2025-07-23,,0001654954-25-008335,https://www.sec.gov/Archives/edgar/data/1131399/000165495425008335/a1314s.htm,https://www.sec.gov/Archives/edgar/data/1131399/000165495425008335/
6-K,2025-07-22,2025-07-22,,0001654954-25-008258,https://www.sec.gov/Archives/edgar/data/1131399/000165495425008258/a9452r.htm,https://www.sec.gov/Archives/edgar/data/1131399/000165495425008258/
6-K,2025-07-21,2025-07-21,,0001654954-25-008227,https://www.sec.gov/Archives/edgar/data/1131399/000165495425008227/a7520r.htm,https://www.sec.gov/Archives/edgar/data/1131399/000165495425008227/
6-K,2025-07-18,2025-07-18,,0001654954-25-008196,https://www.sec.gov/Archives/edgar/data/1131399/000165495425008196/a7225r.htm,https://www.sec.gov/Archives/edgar/data/1131399/000165495425008196/
6-K,2025-07-18,2025-07-18,,0001654954-25-008187,https://www.sec.gov/Archives/edgar/data/1131399/000165495425008187/a5747r.htm,https://www.sec.gov/Archives/edgar/data/1131399/000165495425008187/
6-K,2025-07-18,2025-07-18,,0001654954-25-008185,https://www.sec.gov/Archives/edgar/data/1131399/000165495425008185/a5693r.htm,https://www.sec.gov/Archives/edgar/data/1131399/000165495425008185/
6-K,2025-07-17,2025-07-17,,0001654954-25-008162,https://www.sec.gov/Archives/edgar/data/1131399/000165495425008162/a3837r.htm,https://www.sec.gov/Archives/edgar/data/1131399/000165495425008162/
6-K,2025-07-17,2025-07-17,,0001654954-25-008156,https://www.sec.gov/Archives/edgar/data/1131399/000165495425008156/a3808r.htm,https://www.sec.gov/Archives/edgar/data/1131399/000165495425008156/
6-K,2025-07-16,2025-07-16,,0001654954-25-008109,https://www.sec.gov/Archives/edgar/data/1131399/000165495425008109/a1942r.htm,https://www.sec.gov/Archives/edgar/data/1131399/000165495425008109/
6-K,2025-07-15,2025-07-15,,0001654954-25-008058,https://www.sec.gov/Archives/edgar/data/1131399/000165495425008058/a1680r.htm,https://www.sec.gov/Archives/edgar/data/1131399/000165495425008058/
6-K,2025-07-15,2025-07-15,,0001654954-25-008044,https://www.sec.gov/Archives/edgar/data/1131399/000165495425008044/a0087r.htm,https://www.sec.gov/Archives/edgar/data/1131399/000165495425008044/
6-K,2025-07-14,2025-07-14,,0001654954-25-008018,https://www.sec.gov/Archives/edgar/data/1131399/000165495425008018/a9873q.htm,https://www.sec.gov/Archives/edgar/data/1131399/000165495425008018/
6-K,2025-07-14,2025-07-14,,0001654954-25-008006,https://www.sec.gov/Archives/edgar/data/1131399/000165495425008006/a8989q.htm,https://www.sec.gov/Archives/edgar/data/1131399/000165495425008006/
6-K,2025-07-14,2025-07-14,,0001654954-25-008001,https://www.sec.gov/Archives/edgar/data/1131399/000165495425008001/a8168q.htm,https://www.sec.gov/Archives/edgar/data/1131399/000165495425008001/
6-K,2025-07-11,2025-07-11,,0001654954-25-007952,https://www.sec.gov/Archives/edgar/data/1131399/000165495425007952/a6377q.htm,https://www.sec.gov/Archives/edgar/data/1131399/000165495425007952/
6-K,2025-07-10,2025-07-10,,0001654954-25-007905,https://www.sec.gov/Archives/edgar/data/1131399/000165495425007905/a4398q.htm,https://www.sec.gov/Archives/edgar/data/1131399/000165495425007905/
6-K,2025-07-09,2025-07-09,,0001654954-25-007862,https://www.sec.gov/Archives/edgar/data/1131399/000165495425007862/a2489q.htm,https://www.sec.gov/Archives/edgar/data/1131399/000165495425007862/
6-K,2025-07-08,2025-07-08,,0001654954-25-007835,https://www.sec.gov/Archives/edgar/data/1131399/000165495425007835/a0650q.htm,https://www.sec.gov/Archives/edgar/data/1131399/000165495425007835/
6-K,2025-07-07,2025-07-07,,0001654954-25-007810,https://www.sec.gov/Archives/edgar/data/1131399/000165495425007810/a0292q.htm,https://www.sec.gov/Archives/edgar/data/1131399/000165495425007810/
6-K,2025-07-07,2025-07-07,,0001654954-25-007798,https://www.sec.gov/Archives/edgar/data/1131399/000165495425007798/a8861p.htm,https://www.sec.gov/Archives/edgar/data/1131399/000165495425007798/
6-K,2025-07-07,2025-07-07,,0001654954-25-007781,https://www.sec.gov/Archives/edgar/data/1131399/000165495425007781/a6948p.htm,https://www.sec.gov/Archives/edgar/data/1131399/000165495425007781/
6-K,2025-07-03,2025-07-03,,0001654954-25-007712,https://www.sec.gov/Archives/edgar/data/1131399/000165495425007712/a5019p.htm,https://www.sec.gov/Archives/edgar/data/1131399/000165495425007712/
6-K,2025-07-02,2025-07-02,,0001654954-25-007648,https://www.sec.gov/Archives/edgar/data/1131399/000165495425007648/a2992p.htm,https://www.sec.gov/Archives/edgar/data/1131399/000165495425007648/
6-K,2025-07-01,2025-07-01,,0001654954-25-007602,https://www.sec.gov/Archives/edgar/data/1131399/000165495425007602/a2441p.htm,https://www.sec.gov/Archives/edgar/data/1131399/000165495425007602/
6-K,2025-07-01,2025-07-01,,0001654954-25-007554,https://www.sec.gov/Archives/edgar/data/1131399/000165495425007554/a0751p.htm,https://www.sec.gov/Archives/edgar/data/1131399/000165495425007554/
6-K,2025-06-30,2025-06-30,,0001654954-25-007495,https://www.sec.gov/Archives/edgar/data/1131399/000165495425007495/a8478o.htm,https://www.sec.gov/Archives/edgar/data/1131399/000165495425007495/
6-K,2025-06-27,2025-06-27,,0001654954-25-007457,https://www.sec.gov/Archives/edgar/data/1131399/000165495425007457/a6466o.htm,https://www.sec.gov/Archives/edgar/data/1131399/000165495425007457/
6-K,2025-06-26,2025-06-26,,0001654954-25-007408,https://www.sec.gov/Archives/edgar/data/1131399/000165495425007408/a4469o.htm,https://www.sec.gov/Archives/edgar/data/1131399/000165495425007408/
6-K,2025-06-25,2025-06-25,,0001654954-25-007374,https://www.sec.gov/Archives/edgar/data/1131399/000165495425007374/a2563o.htm,https://www.sec.gov/Archives/edgar/data/1131399/000165495425007374/
6-K,2025-06-24,2025-06-24,,0001654954-25-007336,https://www.sec.gov/Archives/edgar/data/1131399/000165495425007336/a2217o-ppcb4535b3.htm,https://www.sec.gov/Archives/edgar/data/1131399/000165495425007336/
6-K,2025-06-24,2025-06-24,,0001654954-25-007326,https://www.sec.gov/Archives/edgar/data/1131399/000165495425007326/a2179o.htm,https://www.sec.gov/Archives/edgar/data/1131399/000165495425007326/
6-K,2025-06-24,2025-06-24,,0001654954-25-007308,https://www.sec.gov/Archives/edgar/data/1131399/000165495425007308/a0609o.htm,https://www.sec.gov/Archives/edgar/data/1131399/000165495425007308/
6-K,2025-06-23,2025-06-23,,0001654954-25-007299,https://www.sec.gov/Archives/edgar/data/1131399/000165495425007299/a0563o.htm,https://www.sec.gov/Archives/edgar/data/1131399/000165495425007299/
6-K,2025-06-23,2025-06-23,,0001654954-25-007275,https://www.sec.gov/Archives/edgar/data/1131399/000165495425007275/a9467n-1.htm,https://www.sec.gov/Archives/edgar/data/1131399/000165495425007275/
6-K,2025-06-23,2025-06-23,,0001654954-25-007271,https://www.sec.gov/Archives/edgar/data/1131399/000165495425007271/a8550n.htm,https://www.sec.gov/Archives/edgar/data/1131399/000165495425007271/
6-K,2025-06-20,2025-06-20,,0001654954-25-007230,https://www.sec.gov/Archives/edgar/data/1131399/000165495425007230/a6664n.htm,https://www.sec.gov/Archives/edgar/data/1131399/000165495425007230/
6-K,2025-06-20,2025-06-20,,0001654954-25-007222,https://www.sec.gov/Archives/edgar/data/1131399/000165495425007222/a6605n.htm,https://www.sec.gov/Archives/edgar/data/1131399/000165495425007222/
6-K,2025-06-20,2025-06-20,,0001654954-25-007211,https://www.sec.gov/Archives/edgar/data/1131399/000165495425007211/a4688n.htm,https://www.sec.gov/Archives/edgar/data/1131399/000165495425007211/
6-K,2025-06-18,2025-06-18,,0001654954-25-007141,https://www.sec.gov/Archives/edgar/data/1131399/000165495425007141/a2651n.htm,https://www.sec.gov/Archives/edgar/data/1131399/000165495425007141/
6-K,2025-06-17,2025-06-17,,0001654954-25-007075,https://www.sec.gov/Archives/edgar/data/1131399/000165495425007075/a0687n.htm,https://www.sec.gov/Archives/edgar/data/1131399/000165495425007075/
6-K,2025-06-16,2025-06-16,,0001654954-25-006946,https://www.sec.gov/Archives/edgar/data/1131399/000165495425006946/a8704m.htm,https://www.sec.gov/Archives/edgar/data/1131399/000165495425006946/
6-K,2025-06-13,2025-06-13,,0001654954-25-006923,https://www.sec.gov/Archives/edgar/data/1131399/000165495425006923/a8469m.htm,https://www.sec.gov/Archives/edgar/data/1131399/000165495425006923/
6-K,2025-06-13,2025-06-13,,0001654954-25-006901,https://www.sec.gov/Archives/edgar/data/1131399/000165495425006901/a6755m.htm,https://www.sec.gov/Archives/edgar/data/1131399/000165495425006901/
6-K,2025-06-13,2025-06-13,,0001654954-25-006893,https://www.sec.gov/Archives/edgar/data/1131399/000165495425006893/a6382m.htm,https://www.sec.gov/Archives/edgar/data/1131399/000165495425006893/
6-K,2025-06-12,2025-06-12,,0001654954-25-006865,https://www.sec.gov/Archives/edgar/data/1131399/000165495425006865/a6049m.htm,https://www.sec.gov/Archives/edgar/data/1131399/000165495425006865/
6-K,2025-06-12,2025-06-12,,0001654954-25-006857,https://www.sec.gov/Archives/edgar/data/1131399/000165495425006857/a4796m.htm,https://www.sec.gov/Archives/edgar/data/1131399/000165495425006857/
6-K,2025-06-11,2025-06-11,,0001654954-25-006822,https://www.sec.gov/Archives/edgar/data/1131399/000165495425006822/a2664m.htm,https://www.sec.gov/Archives/edgar/data/1131399/000165495425006822/
6-K,2025-06-11,2025-06-11,,0001654954-25-006802,https://www.sec.gov/Archives/edgar/data/1131399/000165495425006802/a2842m.htm,https://www.sec.gov/Archives/edgar/data/1131399/000165495425006802/
6-K,2025-06-10,2025-06-10,,0001654954-25-006759,https://www.sec.gov/Archives/edgar/data/1131399/000165495425006759/a0857m.htm,https://www.sec.gov/Archives/edgar/data/1131399/000165495425006759/
6-K,2025-06-09,2025-06-09,,0001654954-25-006712,https://www.sec.gov/Archives/edgar/data/1131399/000165495425006712/a8928l.htm,https://www.sec.gov/Archives/edgar/data/1131399/000165495425006712/
6-K,2025-06-06,2025-06-06,,0001654954-25-006649,https://www.sec.gov/Archives/edgar/data/1131399/000165495425006649/a7005l.htm,https://www.sec.gov/Archives/edgar/data/1131399/000165495425006649/
6-K,2025-06-05,2025-06-05,,0001654954-25-006589,https://www.sec.gov/Archives/edgar/data/1131399/000165495425006589/a4995l.htm,https://www.sec.gov/Archives/edgar/data/1131399/000165495425006589/
6-K,2025-06-04,2025-06-04,,0001654954-25-006539,https://www.sec.gov/Archives/edgar/data/1131399/000165495425006539/a2986l.htm,https://www.sec.gov/Archives/edgar/data/1131399/000165495425006539/
6-K,2025-06-04,2025-06-04,,0001654954-25-006537,https://www.sec.gov/Archives/edgar/data/1131399/000165495425006537/a2964l.htm,https://www.sec.gov/Archives/edgar/data/1131399/000165495425006537/
6-K,2025-06-03,2025-06-03,,0001654954-25-006443,https://www.sec.gov/Archives/edgar/data/1131399/000165495425006443/a1055l.htm,https://www.sec.gov/Archives/edgar/data/1131399/000165495425006443/
6-K,2025-06-02,2025-06-02,,0001654954-25-006424,https://www.sec.gov/Archives/edgar/data/1131399/000165495425006424/a0607l.htm,https://www.sec.gov/Archives/edgar/data/1131399/000165495425006424/
6-K,2025-06-02,2025-06-02,,0001654954-25-006422,https://www.sec.gov/Archives/edgar/data/1131399/000165495425006422/a0706l.htm,https://www.sec.gov/Archives/edgar/data/1131399/000165495425006422/
6-K,2025-06-02,2025-06-02,,0001654954-25-006373,https://www.sec.gov/Archives/edgar/data/1131399/000165495425006373/a8978k.htm,https://www.sec.gov/Archives/edgar/data/1131399/000165495425006373/
6-K,2025-06-02,2025-06-02,,0001654954-25-006370,https://www.sec.gov/Archives/edgar/data/1131399/000165495425006370/a8872k.htm,https://www.sec.gov/Archives/edgar/data/1131399/000165495425006370/
6-K,2025-05-30,2025-05-30,,0001654954-25-006277,https://www.sec.gov/Archives/edgar/data/1131399/000165495425006277/a6901k.htm,https://www.sec.gov/Archives/edgar/data/1131399/000165495425006277/
6-K,2025-05-29,2025-05-29,,0001654954-25-006197,https://www.sec.gov/Archives/edgar/data/1131399/000165495425006197/a4957k.htm,https://www.sec.gov/Archives/edgar/data/1131399/000165495425006197/
6-K,2025-05-28,2025-05-28,,0001654954-25-006164,https://www.sec.gov/Archives/edgar/data/1131399/000165495425006164/a4074k.htm,https://www.sec.gov/Archives/edgar/data/1131399/000165495425006164/
6-K,2025-05-28,2025-05-28,,0001654954-25-006154,https://www.sec.gov/Archives/edgar/data/1131399/000165495425006154/a3035k.htm,https://www.sec.gov/Archives/edgar/data/1131399/000165495425006154/
6-K,2025-05-27,2025-05-27,,0001654954-25-006105,https://www.sec.gov/Archives/edgar/data/1131399/000165495425006105/a0680k.htm,https://www.sec.gov/Archives/edgar/data/1131399/000165495425006105/
6-K,2025-05-23,2025-05-23,,0001654954-25-006078,https://www.sec.gov/Archives/edgar/data/1131399/000165495425006078/a9818j.htm,https://www.sec.gov/Archives/edgar/data/1131399/000165495425006078/
6-K,2025-05-23,2025-05-23,,0001654954-25-006056,https://www.sec.gov/Archives/edgar/data/1131399/000165495425006056/a8776j.htm,https://www.sec.gov/Archives/edgar/data/1131399/000165495425006056/
6-K,2025-05-23,2025-05-23,,0001654954-25-006049,https://www.sec.gov/Archives/edgar/data/1131399/000165495425006049/a8763j.htm,https://www.sec.gov/Archives/edgar/data/1131399/000165495425006049/
6-K,2025-05-22,2025-05-22,,0001654954-25-006014,https://www.sec.gov/Archives/edgar/data/1131399/000165495425006014/a6751j.htm,https://www.sec.gov/Archives/edgar/data/1131399/000165495425006014/
6-K,2025-05-21,2025-05-21,,0001654954-25-005956,https://www.sec.gov/Archives/edgar/data/1131399/000165495425005956/a4892j.htm,https://www.sec.gov/Archives/edgar/data/1131399/000165495425005956/
6-K,2025-05-20,2025-05-20,,0001654954-25-005921,https://www.sec.gov/Archives/edgar/data/1131399/000165495425005921/a4298j.htm,https://www.sec.gov/Archives/edgar/data/1131399/000165495425005921/
6-K,2025-05-20,2025-05-20,,0001654954-25-005897,https://www.sec.gov/Archives/edgar/data/1131399/000165495425005897/a2914j.htm,https://www.sec.gov/Archives/edgar/data/1131399/000165495425005897/
6-K,2025-05-19,2025-05-19,,0001654954-25-005839,https://www.sec.gov/Archives/edgar/data/1131399/000165495425005839/a1837j.htm,https://www.sec.gov/Archives/edgar/data/1131399/000165495425005839/
6-K,2025-05-19,2025-05-19,,0001654954-25-005825,https://www.sec.gov/Archives/edgar/data/1131399/000165495425005825/a1002j.htm,https://www.sec.gov/Archives/edgar/data/1131399/000165495425005825/
6-K,2025-05-16,2025-05-16,,0001654954-25-005779,https://www.sec.gov/Archives/edgar/data/1131399/000165495425005779/a9158i.htm,https://www.sec.gov/Archives/edgar/data/1131399/000165495425005779/
6-K,2025-05-15,2025-05-15,,0001654954-25-005666,https://www.sec.gov/Archives/edgar/data/1131399/000165495425005666/a7218i.htm,https://www.sec.gov/Archives/edgar/data/1131399/000165495425005666/
6-K,2025-05-14,2025-05-14,,0001654954-25-005561,https://www.sec.gov/Archives/edgar/data/1131399/000165495425005561/a6114i.htm,https://www.sec.gov/Archives/edgar/data/1131399/000165495425005561/
6-K,2025-05-14,2025-05-14,,0001654954-25-005553,https://www.sec.gov/Archives/edgar/data/1131399/000165495425005553/a5301i.htm,https://www.sec.gov/Archives/edgar/data/1131399/000165495425005553/
6-K,2025-05-13,2025-05-13,,0001654954-25-005488,https://www.sec.gov/Archives/edgar/data/1131399/000165495425005488/a5058i.htm,https://www.sec.gov/Archives/edgar/data/1131399/000165495425005488/
6-K,2025-05-13,2025-05-13,,0001654954-25-005476,https://www.sec.gov/Archives/edgar/data/1131399/000165495425005476/a4515i.htm,https://www.sec.gov/Archives/edgar/data/1131399/000165495425005476/
6-K,2025-05-13,2025-05-13,,0001654954-25-005461,https://www.sec.gov/Archives/edgar/data/1131399/000165495425005461/a3437i.htm,https://www.sec.gov/Archives/edgar/data/1131399/000165495425005461/
6-K,2025-05-12,2025-05-12,,0001654954-25-005416,https://www.sec.gov/Archives/edgar/data/1131399/000165495425005416/a3210i.htm,https://www.sec.gov/Archives/edgar/data/1131399/000165495425005416/
6-K,2025-05-12,2025-05-12,,0001654954-25-005398,https://www.sec.gov/Archives/edgar/data/1131399/000165495425005398/a1547i.htm,https://www.sec.gov/Archives/edgar/data/1131399/000165495425005398/
6-K,2025-05-09,2025-05-09,,0001654954-25-005324,https://www.sec.gov/Archives/edgar/data/1131399/000165495425005324/a9697h.htm,https://www.sec.gov/Archives/edgar/data/1131399/000165495425005324/
6-K,2025-05-08,2025-05-08,,0001654954-25-005274,https://www.sec.gov/Archives/edgar/data/1131399/000165495425005274/a9632h.htm,https://www.sec.gov/Archives/edgar/data/1131399/000165495425005274/
6-K,2025-05-08,2025-05-08,,0001654954-25-005256,https://www.sec.gov/Archives/edgar/data/1131399/000165495425005256/a9461h.htm,https://www.sec.gov/Archives/edgar/data/1131399/000165495425005256/
6-K,2025-05-08,2025-05-08,,0001654954-25-005243,https://www.sec.gov/Archives/edgar/data/1131399/000165495425005243/a8792h.htm,https://www.sec.gov/Archives/edgar/data/1131399/000165495425005243/
6-K,2025-05-08,2025-05-08,,0001654954-25-005228,https://www.sec.gov/Archives/edgar/data/1131399/000165495425005228/a7751h.htm,https://www.sec.gov/Archives/edgar/data/1131399/000165495425005228/
6-K,2025-05-07,2025-05-07,,0001654954-25-005211,https://www.sec.gov/Archives/edgar/data/1131399/000165495425005211/a7756h.htm,https://www.sec.gov/Archives/edgar/data/1131399/000165495425005211/
6-K,2025-05-07,2025-05-07,,0001654954-25-005162,https://www.sec.gov/Archives/edgar/data/1131399/000165495425005162/a5735h.htm,https://www.sec.gov/Archives/edgar/data/1131399/000165495425005162/
6-K,2025-05-06,2025-05-06,,0001654954-25-005091,https://www.sec.gov/Archives/edgar/data/1131399/000165495425005091/a3287h.htm,https://www.sec.gov/Archives/edgar/data/1131399/000165495425005091/
6-K,2025-05-02,2025-05-02,,0001654954-25-005015,https://www.sec.gov/Archives/edgar/data/1131399/000165495425005015/a1461h.htm,https://www.sec.gov/Archives/edgar/data/1131399/000165495425005015/
6-K,2025-05-01,2025-05-01,,0001654954-25-004977,https://www.sec.gov/Archives/edgar/data/1131399/000165495425004977/a1216h.htm,https://www.sec.gov/Archives/edgar/data/1131399/000165495425004977/
6-K,2025-05-01,2025-05-01,,0001654954-25-004976,https://www.sec.gov/Archives/edgar/data/1131399/000165495425004976/a1171h.htm,https://www.sec.gov/Archives/edgar/data/1131399/000165495425004976/
6-K,2025-05-01,2025-05-01,,0001654954-25-004936,https://www.sec.gov/Archives/edgar/data/1131399/000165495425004936/a9395g.htm,https://www.sec.gov/Archives/edgar/data/1131399/000165495425004936/
6-K,2025-05-01,2025-05-01,,0001654954-25-004924,https://www.sec.gov/Archives/edgar/data/1131399/000165495425004924/a9260g.htm,https://www.sec.gov/Archives/edgar/data/1131399/000165495425004924/
6-K,2025-04-30,2025-04-30,,0001654954-25-004833,https://www.sec.gov/Archives/edgar/data/1131399/000165495425004833/a7057g.htm,https://www.sec.gov/Archives/edgar/data/1131399/000165495425004833/
6-K,2025-04-30,2025-04-30,,0001654954-25-004827,https://www.sec.gov/Archives/edgar/data/1131399/000165495425004827/a7053g-59446108resubmissi.htm,https://www.sec.gov/Archives/edgar/data/1131399/000165495425004827/
6-K,2025-04-29,2025-04-29,,0001654954-25-004733,https://www.sec.gov/Archives/edgar/data/1131399/000165495425004733/a5240g.htm,https://www.sec.gov/Archives/edgar/data/1131399/000165495425004733/
6-K,2025-04-28,2025-04-28,,0001654954-25-004686,https://www.sec.gov/Archives/edgar/data/1131399/000165495425004686/a3200g.htm,https://www.sec.gov/Archives/edgar/data/1131399/000165495425004686/
6-K,2025-04-25,2025-04-25,,0001654954-25-004629,https://www.sec.gov/Archives/edgar/data/1131399/000165495425004629/a1301g.htm,https://www.sec.gov/Archives/edgar/data/1131399/000165495425004629/
6-K,2025-04-24,2025-04-24,,0001654954-25-004586,https://www.sec.gov/Archives/edgar/data/1131399/000165495425004586/a9366f.htm,https://www.sec.gov/Archives/edgar/data/1131399/000165495425004586/
6-K,2025-04-23,2025-04-23,,0001654954-25-004549,https://www.sec.gov/Archives/edgar/data/1131399/000165495425004549/a7476f.htm,https://www.sec.gov/Archives/edgar/data/1131399/000165495425004549/
6-K,2025-04-22,2025-04-22,,0001654954-25-004497,https://www.sec.gov/Archives/edgar/data/1131399/000165495425004497/a5464f.htm,https://www.sec.gov/Archives/edgar/data/1131399/000165495425004497/
6-K,2025-04-17,2025-04-17,,0001654954-25-004397,https://www.sec.gov/Archives/edgar/data/1131399/000165495425004397/a5283f.htm,https://www.sec.gov/Archives/edgar/data/1131399/000165495425004397/
6-K,2025-04-17,2025-04-17,,0001654954-25-004387,https://www.sec.gov/Archives/edgar/data/1131399/000165495425004387/a5227f.htm,https://www.sec.gov/Archives/edgar/data/1131399/000165495425004387/
6-K,2025-04-17,2025-04-17,,0001654954-25-004377,https://www.sec.gov/Archives/edgar/data/1131399/000165495425004377/a3702f.htm,https://www.sec.gov/Archives/edgar/data/1131399/000165495425004377/
6-K,2025-04-17,2025-04-17,,0001654954-25-004375,https://www.sec.gov/Archives/edgar/data/1131399/000165495425004375/a3700f.htm,https://www.sec.gov/Archives/edgar/data/1131399/000165495425004375/
6-K,2025-04-17,2025-04-17,,0001654954-25-004372,https://www.sec.gov/Archives/edgar/data/1131399/000165495425004372/a3620f.htm,https://www.sec.gov/Archives/edgar/data/1131399/000165495425004372/
6-K,2025-04-16,2025-04-16,,0001654954-25-004325,https://www.sec.gov/Archives/edgar/data/1131399/000165495425004325/a1851f.htm,https://www.sec.gov/Archives/edgar/data/1131399/000165495425004325/
6-K,2025-04-15,2025-04-15,,0001654954-25-004273,https://www.sec.gov/Archives/edgar/data/1131399/000165495425004273/a1536f.htm,https://www.sec.gov/Archives/edgar/data/1131399/000165495425004273/
6-K,2025-04-15,2025-04-15,,0001654954-25-004252,https://www.sec.gov/Archives/edgar/data/1131399/000165495425004252/a9804e.htm,https://www.sec.gov/Archives/edgar/data/1131399/000165495425004252/
6-K,2025-04-14,2025-04-14,,0001654954-25-004219,https://www.sec.gov/Archives/edgar/data/1131399/000165495425004219/a9569e.htm,https://www.sec.gov/Archives/edgar/data/1131399/000165495425004219/
6-K,2025-04-14,2025-04-14,,0001654954-25-004176,https://www.sec.gov/Archives/edgar/data/1131399/000165495425004176/a7865e.htm,https://www.sec.gov/Archives/edgar/data/1131399/000165495425004176/
6-K,2025-04-11,2025-04-11,,0001654954-25-004147,https://www.sec.gov/Archives/edgar/data/1131399/000165495425004147/a7602e.htm,https://www.sec.gov/Archives/edgar/data/1131399/000165495425004147/
6-K,2025-04-11,2025-04-11,,0001654954-25-004135,https://www.sec.gov/Archives/edgar/data/1131399/000165495425004135/a5950e.htm,https://www.sec.gov/Archives/edgar/data/1131399/000165495425004135/
6-K,2025-04-10,2025-04-10,,0001654954-25-004091,https://www.sec.gov/Archives/edgar/data/1131399/000165495425004091/a4051e.htm,https://www.sec.gov/Archives/edgar/data/1131399/000165495425004091/
6-K,2025-04-09,2025-04-09,,0001654954-25-004039,https://www.sec.gov/Archives/edgar/data/1131399/000165495425004039/a2064e.htm,https://www.sec.gov/Archives/edgar/data/1131399/000165495425004039/
6-K,2025-04-08,2025-04-08,,0001654954-25-003988,https://www.sec.gov/Archives/edgar/data/1131399/000165495425003988/a0007e.htm,https://www.sec.gov/Archives/edgar/data/1131399/000165495425003988/
6-K,2025-04-07,2025-04-07,,0001654954-25-003942,https://www.sec.gov/Archives/edgar/data/1131399/000165495425003942/a8072d.htm,https://www.sec.gov/Archives/edgar/data/1131399/000165495425003942/
6-K,2025-04-04,2025-04-04,,0001654954-25-003901,https://www.sec.gov/Archives/edgar/data/1131399/000165495425003901/a6959d.htm,https://www.sec.gov/Archives/edgar/data/1131399/000165495425003901/
6-K,2025-04-03,2025-04-03,,0001654954-25-003859,https://www.sec.gov/Archives/edgar/data/1131399/000165495425003859/a4281d.htm,https://www.sec.gov/Archives/edgar/data/1131399/000165495425003859/
6-K,2025-04-02,2025-04-02,,0001654954-25-003816,https://www.sec.gov/Archives/edgar/data/1131399/000165495425003816/a2381d.htm,https://www.sec.gov/Archives/edgar/data/1131399/000165495425003816/
6-K,2025-04-01,2025-04-01,,0001654954-25-003774,https://www.sec.gov/Archives/edgar/data/1131399/000165495425003774/a1851d.htm,https://www.sec.gov/Archives/edgar/data/1131399/000165495425003774/
6-K,2025-04-01,2025-04-01,,0001654954-25-003728,https://www.sec.gov/Archives/edgar/data/1131399/000165495425003728/a0151d.htm,https://www.sec.gov/Archives/edgar/data/1131399/000165495425003728/
6-K,2025-03-31,2025-03-31,,0001654954-25-003588,https://www.sec.gov/Archives/edgar/data/1131399/000165495425003588/a7890c.htm,https://www.sec.gov/Archives/edgar/data/1131399/000165495425003588/
6-K,2025-03-28,2025-03-28,,0001654954-25-003495,https://www.sec.gov/Archives/edgar/data/1131399/000165495425003495/a5853c.htm,https://www.sec.gov/Archives/edgar/data/1131399/000165495425003495/
6-K,2025-03-28,2025-03-28,,0001654954-25-003474,https://www.sec.gov/Archives/edgar/data/1131399/000165495425003474/a5878c.htm,https://www.sec.gov/Archives/edgar/data/1131399/000165495425003474/
6-K,2025-03-27,2025-03-27,,0001654954-25-003403,https://www.sec.gov/Archives/edgar/data/1131399/000165495425003403/a3878c.htm,https://www.sec.gov/Archives/edgar/data/1131399/000165495425003403/
6-K,2025-03-26,2025-03-26,,0001654954-25-003315,https://www.sec.gov/Archives/edgar/data/1131399/000165495425003315/a1381c.htm,https://www.sec.gov/Archives/edgar/data/1131399/000165495425003315/
6-K,2025-03-25,2025-03-25,,0001654954-25-003289,https://www.sec.gov/Archives/edgar/data/1131399/000165495425003289/a1205c.htm,https://www.sec.gov/Archives/edgar/data/1131399/000165495425003289/
6-K,2025-03-25,2025-03-25,,0001654954-25-003264,https://www.sec.gov/Archives/edgar/data/1131399/000165495425003264/a9537b.htm,https://www.sec.gov/Archives/edgar/data/1131399/000165495425003264/
6-K,2025-03-24,2025-03-24,,0001654954-25-003227,https://www.sec.gov/Archives/edgar/data/1131399/000165495425003227/a9323b.htm,https://www.sec.gov/Archives/edgar/data/1131399/000165495425003227/
6-K,2025-03-24,2025-03-24,,0001654954-25-003183,https://www.sec.gov/Archives/edgar/data/1131399/000165495425003183/a8333b.htm,https://www.sec.gov/Archives/edgar/data/1131399/000165495425003183/
6-K,2025-03-24,2025-03-24,,0001654954-25-003180,https://www.sec.gov/Archives/edgar/data/1131399/000165495425003180/a7562b.htm,https://www.sec.gov/Archives/edgar/data/1131399/000165495425003180/
6-K,2025-03-21,2025-03-21,,0001654954-25-003148,https://www.sec.gov/Archives/edgar/data/1131399/000165495425003148/a7340b.htm,https://www.sec.gov/Archives/edgar/data/1131399/000165495425003148/
6-K,2025-03-21,2025-03-21,,0001654954-25-003124,https://www.sec.gov/Archives/edgar/data/1131399/000165495425003124/a5728b.htm,https://www.sec.gov/Archives/edgar/data/1131399/000165495425003124/
6-K,2025-03-20,2025-03-20,,0001654954-25-003052,https://www.sec.gov/Archives/edgar/data/1131399/000165495425003052/a3797b.htm,https://www.sec.gov/Archives/edgar/data/1131399/000165495425003052/
6-K,2025-03-19,2025-03-19,,0001654954-25-002998,https://www.sec.gov/Archives/edgar/data/1131399/000165495425002998/a1975b.htm,https://www.sec.gov/Archives/edgar/data/1131399/000165495425002998/
6-K,2025-03-18,2025-03-18,,0001654954-25-002901,https://www.sec.gov/Archives/edgar/data/1131399/000165495425002901/a0191b.htm,https://www.sec.gov/Archives/edgar/data/1131399/000165495425002901/
6-K,2025-03-17,2025-03-17,,0001654954-25-002835,https://www.sec.gov/Archives/edgar/data/1131399/000165495425002835/a8265a.htm,https://www.sec.gov/Archives/edgar/data/1131399/000165495425002835/
6-K,2025-03-14,2025-03-14,,0001654954-25-002793,https://www.sec.gov/Archives/edgar/data/1131399/000165495425002793/a7757a.htm,https://www.sec.gov/Archives/edgar/data/1131399/000165495425002793/
6-K,2025-03-14,2025-03-14,,0001654954-25-002757,https://www.sec.gov/Archives/edgar/data/1131399/000165495425002757/a7168a.htm,https://www.sec.gov/Archives/edgar/data/1131399/000165495425002757/
6-K,2025-03-13,2025-03-13,,0001193125-25-053830,https://www.sec.gov/Archives/edgar/data/1131399/000119312525053830/d923957d6k.htm,https://www.sec.gov/Archives/edgar/data/1131399/000119312525053830/
6-K,2025-03-13,2025-03-13,,0001654954-25-002698,https://www.sec.gov/Archives/edgar/data/1131399/000165495425002698/a4537a.htm,https://www.sec.gov/Archives/edgar/data/1131399/000165495425002698/
6-K,2025-03-12,2025-03-12,,0001654954-25-002648,https://www.sec.gov/Archives/edgar/data/1131399/000165495425002648/a2703a.htm,https://www.sec.gov/Archives/edgar/data/1131399/000165495425002648/
6-K,2025-03-11,2025-03-11,,0001654954-25-002572,https://www.sec.gov/Archives/edgar/data/1131399/000165495425002572/a0861a.htm,https://www.sec.gov/Archives/edgar/data/1131399/000165495425002572/
6-K,2025-03-10,2025-03-10,,0001654954-25-002491,https://www.sec.gov/Archives/edgar/data/1131399/000165495425002491/a9033z.htm,https://www.sec.gov/Archives/edgar/data/1131399/000165495425002491/
6-K,2025-03-07,2025-03-07,,0001654954-25-002411,https://www.sec.gov/Archives/edgar/data/1131399/000165495425002411/a7284z.htm,https://www.sec.gov/Archives/edgar/data/1131399/000165495425002411/
6-K,2025-03-06,2025-03-06,,0001654954-25-002326,https://www.sec.gov/Archives/edgar/data/1131399/000165495425002326/a5448z.htm,https://www.sec.gov/Archives/edgar/data/1131399/000165495425002326/
6-K,2025-03-05,2025-03-05,,0001654954-25-002300,https://www.sec.gov/Archives/edgar/data/1131399/000165495425002300/a3594z.htm,https://www.sec.gov/Archives/edgar/data/1131399/000165495425002300/
6-K,2025-03-04,2025-03-04,,0001654954-25-002249,https://www.sec.gov/Archives/edgar/data/1131399/000165495425002249/a1814z.htm,https://www.sec.gov/Archives/edgar/data/1131399/000165495425002249/
6-K,2025-03-03,2025-03-03,,0001654954-25-002211,https://www.sec.gov/Archives/edgar/data/1131399/000165495425002211/a1658z.htm,https://www.sec.gov/Archives/edgar/data/1131399/000165495425002211/
20-F,2025-03-03,2024-12-31,,0001131399-25-000007,https://www.sec.gov/Archives/edgar/data/1131399/000113139925000007/gsk-20241231.htm,https://www.sec.gov/Archives/edgar/data/1131399/000113139925000007/
6-K,2025-03-03,2025-03-03,,0001654954-25-002201,https://www.sec.gov/Archives/edgar/data/1131399/000165495425002201/a1448z.htm,https://www.sec.gov/Archives/edgar/data/1131399/000165495425002201/
6-K,2025-03-03,2025-03-03,,0001654954-25-002180,https://www.sec.gov/Archives/edgar/data/1131399/000165495425002180/a0169z.htm,https://www.sec.gov/Archives/edgar/data/1131399/000165495425002180/
6-K,2025-03-03,2025-03-03,,0001654954-25-002174,https://www.sec.gov/Archives/edgar/data/1131399/000165495425002174/a9964y.htm,https://www.sec.gov/Archives/edgar/data/1131399/000165495425002174/
6-K,2025-03-03,2025-03-03,,0001654954-25-002171,https://www.sec.gov/Archives/edgar/data/1131399/000165495425002171/a9770y.htm,https://www.sec.gov/Archives/edgar/data/1131399/000165495425002171/
6-K,2025-02-28,2025-02-28,,0001654954-25-002059,https://www.sec.gov/Archives/edgar/data/1131399/000165495425002059/a7917y.htm,https://www.sec.gov/Archives/edgar/data/1131399/000165495425002059/
6-K,2025-02-27,2025-02-27,,0001654954-25-001980,https://www.sec.gov/Archives/edgar/data/1131399/000165495425001980/a6885y.htm,https://www.sec.gov/Archives/edgar/data/1131399/000165495425001980/
6-K,2025-02-27,2025-02-27,,0001654954-25-001977,https://www.sec.gov/Archives/edgar/data/1131399/000165495425001977/a7145y.htm,https://www.sec.gov/Archives/edgar/data/1131399/000165495425001977/
6-K,2025-02-26,2025-02-26,,0001654954-25-001934,https://www.sec.gov/Archives/edgar/data/1131399/000165495425001934/a5870y.htm,https://www.sec.gov/Archives/edgar/data/1131399/000165495425001934/
6-K,2025-02-26,2025-02-26,,0001654954-25-001923,https://www.sec.gov/Archives/edgar/data/1131399/000165495425001923/a4494y.htm,https://www.sec.gov/Archives/edgar/data/1131399/000165495425001923/
6-K,2025-02-25,2025-02-25,,0001654954-25-001863,https://www.sec.gov/Archives/edgar/data/1131399/000165495425001863/a2797y.htm,https://www.sec.gov/Archives/edgar/data/1131399/000165495425001863/
6-K,2025-02-24,2025-02-24,,0001654954-25-001815,https://www.sec.gov/Archives/edgar/data/1131399/000165495425001815/a1769y.htm,https://www.sec.gov/Archives/edgar/data/1131399/000165495425001815/
6-K,2025-02-24,2025-02-24,,0001654954-25-001811,https://www.sec.gov/Archives/edgar/data/1131399/000165495425001811/a1771y.htm,https://www.sec.gov/Archives/edgar/data/1131399/000165495425001811/
6-K,2025-02-21,2025-02-21,,0001654954-25-001750,https://www.sec.gov/Archives/edgar/data/1131399/000165495425001750/a9370x.htm,https://www.sec.gov/Archives/edgar/data/1131399/000165495425001750/
6-K,2025-02-21,2025-02-21,,0001654954-25-001748,https://www.sec.gov/Archives/edgar/data/1131399/000165495425001748/a9392x.htm,https://www.sec.gov/Archives/edgar/data/1131399/000165495425001748/
6-K,2025-02-21,2025-02-21,,0001654954-25-001746,https://www.sec.gov/Archives/edgar/data/1131399/000165495425001746/a9207x.htm,https://www.sec.gov/Archives/edgar/data/1131399/000165495425001746/
6-K,2025-02-21,2025-02-21,,0001654954-25-001744,https://www.sec.gov/Archives/edgar/data/1131399/000165495425001744/a9199x.htm,https://www.sec.gov/Archives/edgar/data/1131399/000165495425001744/
6-K,2025-02-21,2025-02-21,,0001654954-25-001742,https://www.sec.gov/Archives/edgar/data/1131399/000165495425001742/a9192x.htm,https://www.sec.gov/Archives/edgar/data/1131399/000165495425001742/
6-K,2025-02-21,2025-02-21,,0001654954-25-001726,https://www.sec.gov/Archives/edgar/data/1131399/000165495425001726/a9162x.htm,https://www.sec.gov/Archives/edgar/data/1131399/000165495425001726/
6-K,2025-02-21,2025-02-21,,0001654954-25-001724,https://www.sec.gov/Archives/edgar/data/1131399/000165495425001724/a9158x.htm,https://www.sec.gov/Archives/edgar/data/1131399/000165495425001724/
6-K,2025-02-20,2025-02-20,,0001654954-25-001684,https://www.sec.gov/Archives/edgar/data/1131399/000165495425001684/a7773x.htm,https://www.sec.gov/Archives/edgar/data/1131399/000165495425001684/
6-K,2025-02-18,2025-02-18,,0001654954-25-001606,https://www.sec.gov/Archives/edgar/data/1131399/000165495425001606/a2616x.htm,https://www.sec.gov/Archives/edgar/data/1131399/000165495425001606/
6-K,2025-02-13,2025-02-13,,0001654954-25-001459,https://www.sec.gov/Archives/edgar/data/1131399/000165495425001459/a0565x.htm,https://www.sec.gov/Archives/edgar/data/1131399/000165495425001459/
6-K,2025-02-11,2025-02-11,,0001654954-25-001336,https://www.sec.gov/Archives/edgar/data/1131399/000165495425001336/a7333w.htm,https://www.sec.gov/Archives/edgar/data/1131399/000165495425001336/
6-K,2025-02-05,2025-02-05,,0001654954-25-001166,https://www.sec.gov/Archives/edgar/data/1131399/000165495425001166/finalresults05-0225.htm,https://www.sec.gov/Archives/edgar/data/1131399/000165495425001166/
6-K,2025-02-03,2025-02-03,,0001654954-25-001081,https://www.sec.gov/Archives/edgar/data/1131399/000165495425001081/a7257v.htm,https://www.sec.gov/Archives/edgar/data/1131399/000165495425001081/
6-K,2025-01-28,2025-01-28,,0001654954-25-000834,https://www.sec.gov/Archives/edgar/data/1131399/000165495425000834/a8491u.htm,https://www.sec.gov/Archives/edgar/data/1131399/000165495425000834/
6-K,2025-01-28,2025-01-28,,0001654954-25-000831,https://www.sec.gov/Archives/edgar/data/1131399/000165495425000831/a8408u-gskemaacceptstwosu.htm,https://www.sec.gov/Archives/edgar/data/1131399/000165495425000831/
6-K,2025-01-27,2025-01-27,,0001654954-25-000772,https://www.sec.gov/Archives/edgar/data/1131399/000165495425000772/a7635u.htm,https://www.sec.gov/Archives/edgar/data/1131399/000165495425000772/
6-K,2025-01-21,2025-01-21,,0001654954-25-000567,https://www.sec.gov/Archives/edgar/data/1131399/000165495425000567/a9254t.htm,https://www.sec.gov/Archives/edgar/data/1131399/000165495425000567/
6-K,2025-01-16,2025-01-16,,0001654954-25-000473,https://www.sec.gov/Archives/edgar/data/1131399/000165495425000473/a6320t.htm,https://www.sec.gov/Archives/edgar/data/1131399/000165495425000473/
6-K,2025-01-15,2025-01-15,,0001654954-25-000439,https://www.sec.gov/Archives/edgar/data/1131399/000165495425000439/a4773t.htm,https://www.sec.gov/Archives/edgar/data/1131399/000165495425000439/
6-K,2025-01-14,2025-01-14,,0001654954-25-000333,https://www.sec.gov/Archives/edgar/data/1131399/000165495425000333/a2991t.htm,https://www.sec.gov/Archives/edgar/data/1131399/000165495425000333/
6-K,2025-01-13,2025-01-13,,0001654954-25-000267,https://www.sec.gov/Archives/edgar/data/1131399/000165495425000267/a1282t.htm,https://www.sec.gov/Archives/edgar/data/1131399/000165495425000267/
6-K,2025-01-13,2025-01-13,,0001654954-25-000242,https://www.sec.gov/Archives/edgar/data/1131399/000165495425000242/a0538t.htm,https://www.sec.gov/Archives/edgar/data/1131399/000165495425000242/
6-K,2025-01-10,2024-01-10,,0001654954-25-000210,https://www.sec.gov/Archives/edgar/data/1131399/000165495425000210/a8269s.htm,https://www.sec.gov/Archives/edgar/data/1131399/000165495425000210/
6-K,2025-01-07,2024-01-07,,0001654954-25-000140,https://www.sec.gov/Archives/edgar/data/1131399/000165495425000140/a3166s.htm,https://www.sec.gov/Archives/edgar/data/1131399/000165495425000140/
6-K,2025-01-03,2025-01-03,,0001654954-25-000065,https://www.sec.gov/Archives/edgar/data/1131399/000165495425000065/a9784r.htm,https://www.sec.gov/Archives/edgar/data/1131399/000165495425000065/
6-K,2025-01-02,2025-01-02,,0001654954-25-000032,https://www.sec.gov/Archives/edgar/data/1131399/000165495425000032/a9718r.htm,https://www.sec.gov/Archives/edgar/data/1131399/000165495425000032/
6-K,2024-12-23,2024-12-23,,0001654954-24-015843,https://www.sec.gov/Archives/edgar/data/1131399/000165495424015843/a1582r.htm,https://www.sec.gov/Archives/edgar/data/1131399/000165495424015843/
6-K,2024-12-20,2024-12-20,,0001654954-24-015793,https://www.sec.gov/Archives/edgar/data/1131399/000165495424015793/a8081q.htm,https://www.sec.gov/Archives/edgar/data/1131399/000165495424015793/
6-K,2024-12-20,2024-12-20,,0001654954-24-015791,https://www.sec.gov/Archives/edgar/data/1131399/000165495424015791/a8451q.htm,https://www.sec.gov/Archives/edgar/data/1131399/000165495424015791/
6-K,2024-12-16,2024-12-16,,0001654954-24-015563,https://www.sec.gov/Archives/edgar/data/1131399/000165495424015563/a1958q.htm,https://www.sec.gov/Archives/edgar/data/1131399/000165495424015563/
6-K,2024-12-16,2024-12-16,,0001654954-24-015552,https://www.sec.gov/Archives/edgar/data/1131399/000165495424015552/a1116q.htm,https://www.sec.gov/Archives/edgar/data/1131399/000165495424015552/
6-K,2024-12-16,2024-12-16,,0001654954-24-015544,https://www.sec.gov/Archives/edgar/data/1131399/000165495424015544/a1210q.htm,https://www.sec.gov/Archives/edgar/data/1131399/000165495424015544/
6-K,2024-12-12,2024-12-12,,0001654954-24-015446,https://www.sec.gov/Archives/edgar/data/1131399/000165495424015446/a8992p.htm,https://www.sec.gov/Archives/edgar/data/1131399/000165495424015446/
6-K,2024-12-09,2024-12-09,,0001654954-24-015294,https://www.sec.gov/Archives/edgar/data/1131399/000165495424015294/a2372p.htm,https://www.sec.gov/Archives/edgar/data/1131399/000165495424015294/
6-K,2024-12-09,2024-12-09,,0001654954-24-015264,https://www.sec.gov/Archives/edgar/data/1131399/000165495424015264/a2364p.htm,https://www.sec.gov/Archives/edgar/data/1131399/000165495424015264/
6-K,2024-12-09,2024-12-09,,0001654954-24-015262,https://www.sec.gov/Archives/edgar/data/1131399/000165495424015262/a2715p.htm,https://www.sec.gov/Archives/edgar/data/1131399/000165495424015262/
6-K,2024-12-05,2024-12-05,,0001654954-24-015167,https://www.sec.gov/Archives/edgar/data/1131399/000165495424015167/a8828o.htm,https://www.sec.gov/Archives/edgar/data/1131399/000165495424015167/
6-K,2024-12-02,2024-12-02,,0001654954-24-015059,https://www.sec.gov/Archives/edgar/data/1131399/000165495424015059/a4617o.htm,https://www.sec.gov/Archives/edgar/data/1131399/000165495424015059/
6-K,2024-12-02,2024-12-02,,0001654954-24-015058,https://www.sec.gov/Archives/edgar/data/1131399/000165495424015058/a4573o.htm,https://www.sec.gov/Archives/edgar/data/1131399/000165495424015058/
6-K,2024-11-27,2024-11-27,,0001654954-24-014923,https://www.sec.gov/Archives/edgar/data/1131399/000165495424014923/a7343n.htm,https://www.sec.gov/Archives/edgar/data/1131399/000165495424014923/
6-K,2024-11-25,2024-11-25,,0001654954-24-014845,https://www.sec.gov/Archives/edgar/data/1131399/000165495424014845/a4196n.htm,https://www.sec.gov/Archives/edgar/data/1131399/000165495424014845/
6-K,2024-11-22,2024-11-22,,0001654954-24-014797,https://www.sec.gov/Archives/edgar/data/1131399/000165495424014797/a2598n.htm,https://www.sec.gov/Archives/edgar/data/1131399/000165495424014797/
6-K,2024-11-19,2024-11-19,,0001654954-24-014642,https://www.sec.gov/Archives/edgar/data/1131399/000165495424014642/a8439m.htm,https://www.sec.gov/Archives/edgar/data/1131399/000165495424014642/
6-K,2024-11-19,2024-11-19,,0001654954-24-014630,https://www.sec.gov/Archives/edgar/data/1131399/000165495424014630/a7692m.htm,https://www.sec.gov/Archives/edgar/data/1131399/000165495424014630/
6-K,2024-11-14,2024-11-14,,0001654954-24-014314,https://www.sec.gov/Archives/edgar/data/1131399/000165495424014314/a1769m.htm,https://www.sec.gov/Archives/edgar/data/1131399/000165495424014314/
6-K,2024-11-13,2024-11-13,,0001654954-24-014226,https://www.sec.gov/Archives/edgar/data/1131399/000165495424014226/a9631l.htm,https://www.sec.gov/Archives/edgar/data/1131399/000165495424014226/
6-K,2024-11-12,2024-11-12,,0001654954-24-014117,https://www.sec.gov/Archives/edgar/data/1131399/000165495424014117/a9515l.htm,https://www.sec.gov/Archives/edgar/data/1131399/000165495424014117/
6-K,2024-11-12,2024-11-12,,0001654954-24-014068,https://www.sec.gov/Archives/edgar/data/1131399/000165495424014068/a7602l.htm,https://www.sec.gov/Archives/edgar/data/1131399/000165495424014068/
6-K,2024-11-01,2024-11-01,,0001654954-24-013610,https://www.sec.gov/Archives/edgar/data/1131399/000165495424013610/a6559k.htm,https://www.sec.gov/Archives/edgar/data/1131399/000165495424013610/
6-K,2024-10-30,2024-10-30,,0001654954-24-013480,https://www.sec.gov/Archives/edgar/data/1131399/000165495424013480/a2796k.htm,https://www.sec.gov/Archives/edgar/data/1131399/000165495424013480/
6-K,2024-10-30,2024-10-30,,0001654954-24-013477,https://www.sec.gov/Archives/edgar/data/1131399/000165495424013477/a1209k-originalv1edgarver.htm,https://www.sec.gov/Archives/edgar/data/1131399/000165495424013477/
6-K,2024-10-24,2024-10-24,,0001654954-24-013281,https://www.sec.gov/Archives/edgar/data/1131399/000165495424013281/a3887j.htm,https://www.sec.gov/Archives/edgar/data/1131399/000165495424013281/
6-K,2024-10-17,2024-10-17,,0001654954-24-013064,https://www.sec.gov/Archives/edgar/data/1131399/000165495424013064/a6194i.htm,https://www.sec.gov/Archives/edgar/data/1131399/000165495424013064/
6-K,2024-10-16,2024-10-16,,0001654954-24-013021,https://www.sec.gov/Archives/edgar/data/1131399/000165495424013021/a4798i.htm,https://www.sec.gov/Archives/edgar/data/1131399/000165495424013021/
6-K,2024-10-16,2024-10-16,,0001654954-24-013012,https://www.sec.gov/Archives/edgar/data/1131399/000165495424013012/a2961i.htm,https://www.sec.gov/Archives/edgar/data/1131399/000165495424013012/
6-K,2024-10-15,2024-10-15,,0001654954-24-012925,https://www.sec.gov/Archives/edgar/data/1131399/000165495424012925/a1010i.htm,https://www.sec.gov/Archives/edgar/data/1131399/000165495424012925/
6-K,2024-10-15,2024-10-15,,0001654954-24-012917,https://www.sec.gov/Archives/edgar/data/1131399/000165495424012917/a9616h.htm,https://www.sec.gov/Archives/edgar/data/1131399/000165495424012917/
6-K,2024-10-11,2024-10-11,,0001654954-24-012893,https://www.sec.gov/Archives/edgar/data/1131399/000165495424012893/a9370h.htm,https://www.sec.gov/Archives/edgar/data/1131399/000165495424012893/
6-K,2024-10-10,2024-10-10,,0001654954-24-012846,https://www.sec.gov/Archives/edgar/data/1131399/000165495424012846/a7549h.htm,https://www.sec.gov/Archives/edgar/data/1131399/000165495424012846/
6-K,2024-10-09,2024-10-09,,0001654954-24-012809,https://www.sec.gov/Archives/edgar/data/1131399/000165495424012809/a6112h.htm,https://www.sec.gov/Archives/edgar/data/1131399/000165495424012809/
6-K,2024-10-08,2024-10-08,,0001654954-24-012771,https://www.sec.gov/Archives/edgar/data/1131399/000165495424012771/a3654h.htm,https://www.sec.gov/Archives/edgar/data/1131399/000165495424012771/
6-K,2024-10-01,2024-10-01,,0001654954-24-012564,https://www.sec.gov/Archives/edgar/data/1131399/000165495424012564/a5121g.htm,https://www.sec.gov/Archives/edgar/data/1131399/000165495424012564/
6-K,2024-09-24,2024-09-24,,0001654954-24-012213,https://www.sec.gov/Archives/edgar/data/1131399/000165495424012213/a4837f.htm,https://www.sec.gov/Archives/edgar/data/1131399/000165495424012213/
6-K,2024-09-24,2024-09-24,,0001654954-24-012186,https://www.sec.gov/Archives/edgar/data/1131399/000165495424012186/a2998f.htm,https://www.sec.gov/Archives/edgar/data/1131399/000165495424012186/
6-K,2024-09-18,2024-09-18,,0001654954-24-012045,https://www.sec.gov/Archives/edgar/data/1131399/000165495424012045/gskplc.htm,https://www.sec.gov/Archives/edgar/data/1131399/000165495424012045/
6-K,2024-09-17,2024-09-17,,0001654954-24-011988,https://www.sec.gov/Archives/edgar/data/1131399/000165495424011988/a4081e.htm,https://www.sec.gov/Archives/edgar/data/1131399/000165495424011988/
6-K,2024-09-13,2024-09-13,,0001654954-24-011855,https://www.sec.gov/Archives/edgar/data/1131399/000165495424011855/a0430e.htm,https://www.sec.gov/Archives/edgar/data/1131399/000165495424011855/
6-K,2024-09-12,2024-09-12,,0001654954-24-011803,https://www.sec.gov/Archives/edgar/data/1131399/000165495424011803/a0053e.htm,https://www.sec.gov/Archives/edgar/data/1131399/000165495424011803/
6-K,2024-09-12,2024-09-12,,0001654954-24-011774,https://www.sec.gov/Archives/edgar/data/1131399/000165495424011774/a8615d.htm,https://www.sec.gov/Archives/edgar/data/1131399/000165495424011774/
6-K,2024-09-11,2024-09-11,,0001654954-24-011744,https://www.sec.gov/Archives/edgar/data/1131399/000165495424011744/gsk6k.htm,https://www.sec.gov/Archives/edgar/data/1131399/000165495424011744/
6-K,2024-09-11,2024-09-11,,0001654954-24-011725,https://www.sec.gov/Archives/edgar/data/1131399/000165495424011725/a8152d.htm,https://www.sec.gov/Archives/edgar/data/1131399/000165495424011725/
6-K,2024-09-11,2024-09-11,,0001654954-24-011711,https://www.sec.gov/Archives/edgar/data/1131399/000165495424011711/a6638d.htm,https://www.sec.gov/Archives/edgar/data/1131399/000165495424011711/
6-K,2024-09-09,2024-09-09,,0001654954-24-011612,https://www.sec.gov/Archives/edgar/data/1131399/000165495424011612/a4305d.htm,https://www.sec.gov/Archives/edgar/data/1131399/000165495424011612/
6-K,2024-09-06,2024-09-06,,0001654954-24-011566,https://www.sec.gov/Archives/edgar/data/1131399/000165495424011566/a2930d.htm,https://www.sec.gov/Archives/edgar/data/1131399/000165495424011566/
6-K,2024-09-06,2024-09-06,,0001654954-24-011557,https://www.sec.gov/Archives/edgar/data/1131399/000165495424011557/a1546d.htm,https://www.sec.gov/Archives/edgar/data/1131399/000165495424011557/
6-K,2024-09-03,2024-09-03,,0001654954-24-011376,https://www.sec.gov/Archives/edgar/data/1131399/000165495424011376/a5689c.htm,https://www.sec.gov/Archives/edgar/data/1131399/000165495424011376/
6-K,2024-08-29,2024-08-29,,0001654954-24-011221,https://www.sec.gov/Archives/edgar/data/1131399/000165495424011221/a0522c.htm,https://www.sec.gov/Archives/edgar/data/1131399/000165495424011221/
6-K,2024-08-28,2024-08-28,,0001654954-24-011175,https://www.sec.gov/Archives/edgar/data/1131399/000165495424011175/a9637b.htm,https://www.sec.gov/Archives/edgar/data/1131399/000165495424011175/
6-K,2024-08-28,2024-08-28,,0001654954-24-011171,https://www.sec.gov/Archives/edgar/data/1131399/000165495424011171/a8958b.htm,https://www.sec.gov/Archives/edgar/data/1131399/000165495424011171/
6-K,2024-08-28,2024-08-28,,0001654954-24-011164,https://www.sec.gov/Archives/edgar/data/1131399/000165495424011164/a8948b.htm,https://www.sec.gov/Archives/edgar/data/1131399/000165495424011164/
6-K,2024-08-21,2024-08-21,,0001654954-24-010977,https://www.sec.gov/Archives/edgar/data/1131399/000165495424010977/a2783b.htm,https://www.sec.gov/Archives/edgar/data/1131399/000165495424010977/
6-K,2024-08-20,2024-08-20,,0001654954-24-010932,https://www.sec.gov/Archives/edgar/data/1131399/000165495424010932/a9929a.htm,https://www.sec.gov/Archives/edgar/data/1131399/000165495424010932/
6-K,2024-08-20,2024-08-20,,0001654954-24-010924,https://www.sec.gov/Archives/edgar/data/1131399/000165495424010924/a0178b.htm,https://www.sec.gov/Archives/edgar/data/1131399/000165495424010924/
6-K,2024-08-16,2024-08-16,,0001654954-24-010778,https://www.sec.gov/Archives/edgar/data/1131399/000165495424010778/a6776a.htm,https://www.sec.gov/Archives/edgar/data/1131399/000165495424010778/
6-K,2024-08-12,2024-08-12,,0001654954-24-010296,https://www.sec.gov/Archives/edgar/data/1131399/000165495424010296/a1361a.htm,https://www.sec.gov/Archives/edgar/data/1131399/000165495424010296/
6-K,2024-08-06,2024-08-06,,0001654954-24-009982,https://www.sec.gov/Archives/edgar/data/1131399/000165495424009982/a2686z.htm,https://www.sec.gov/Archives/edgar/data/1131399/000165495424009982/
6-K,2024-08-02,2024-08-02,,0001654954-24-009834,https://www.sec.gov/Archives/edgar/data/1131399/000165495424009834/a8965y.htm,https://www.sec.gov/Archives/edgar/data/1131399/000165495424009834/
6-K,2024-08-01,2024-08-01,,0001654954-24-009773,https://www.sec.gov/Archives/edgar/data/1131399/000165495424009773/a8347y.htm,https://www.sec.gov/Archives/edgar/data/1131399/000165495424009773/
6-K,2024-07-31,2024-07-31,,0001654954-24-009683,https://www.sec.gov/Archives/edgar/data/1131399/000165495424009683/a4712y.htm,https://www.sec.gov/Archives/edgar/data/1131399/000165495424009683/
6-K,2024-07-29,2024-07-29,,0001654954-24-009503,https://www.sec.gov/Archives/edgar/data/1131399/000165495424009503/a1789y.htm,https://www.sec.gov/Archives/edgar/data/1131399/000165495424009503/
6-K,2024-07-29,2024-07-29,,0001654954-24-009501,https://www.sec.gov/Archives/edgar/data/1131399/000165495424009501/a1391y.htm,https://www.sec.gov/Archives/edgar/data/1131399/000165495424009501/
6-K,2024-07-19,2024-07-19,,0001654954-24-009128,https://www.sec.gov/Archives/edgar/data/1131399/000165495424009128/a0215x.htm,https://www.sec.gov/Archives/edgar/data/1131399/000165495424009128/
6-K,2024-07-18,2024-07-18,,0001654954-24-009091,https://www.sec.gov/Archives/edgar/data/1131399/000165495424009091/a9947w.htm,https://www.sec.gov/Archives/edgar/data/1131399/000165495424009091/
6-K,2024-07-16,2024-07-16,,0001654954-24-008954,https://www.sec.gov/Archives/edgar/data/1131399/000165495424008954/a6380w.htm,https://www.sec.gov/Archives/edgar/data/1131399/000165495424008954/
6-K,2024-07-15,2024-07-15,,0001654954-24-008929,https://www.sec.gov/Archives/edgar/data/1131399/000165495424008929/a4673w.htm,https://www.sec.gov/Archives/edgar/data/1131399/000165495424008929/
6-K,2024-07-12,2024-07-12,,0001654954-24-008873,https://www.sec.gov/Archives/edgar/data/1131399/000165495424008873/a2297w.htm,https://www.sec.gov/Archives/edgar/data/1131399/000165495424008873/
6-K,2024-07-03,2024-07-03,,0001654954-24-008568,https://www.sec.gov/Archives/edgar/data/1131399/000165495424008568/a8844u.htm,https://www.sec.gov/Archives/edgar/data/1131399/000165495424008568/
6-K,2024-07-01,2024-07-01,,0001654954-24-008430,https://www.sec.gov/Archives/edgar/data/1131399/000165495424008430/a6501u.htm,https://www.sec.gov/Archives/edgar/data/1131399/000165495424008430/
6-K,2024-06-28,2024-06-28,,0001654954-24-008361,https://www.sec.gov/Archives/edgar/data/1131399/000165495424008361/gskplc.htm,https://www.sec.gov/Archives/edgar/data/1131399/000165495424008361/
6-K,2024-06-24,2024-06-24,,0001654954-24-008055,https://www.sec.gov/Archives/edgar/data/1131399/000165495424008055/a4605t.htm,https://www.sec.gov/Archives/edgar/data/1131399/000165495424008055/
6-K,2024-06-24,2024-06-24,,0001654954-24-008049,https://www.sec.gov/Archives/edgar/data/1131399/000165495424008049/a4941t.htm,https://www.sec.gov/Archives/edgar/data/1131399/000165495424008049/
6-K,2024-06-21,2024-06-21,,0001654954-24-008018,https://www.sec.gov/Archives/edgar/data/1131399/000165495424008018/a4579t.htm,https://www.sec.gov/Archives/edgar/data/1131399/000165495424008018/
6-K,2024-06-12,2024-06-12,,0001654954-24-007637,https://www.sec.gov/Archives/edgar/data/1131399/000165495424007637/a1818s.htm,https://www.sec.gov/Archives/edgar/data/1131399/000165495424007637/
6-K,2024-06-11,2024-06-11,,0001654954-24-007581,https://www.sec.gov/Archives/edgar/data/1131399/000165495424007581/a8831r.htm,https://www.sec.gov/Archives/edgar/data/1131399/000165495424007581/
6-K,2024-06-10,2024-06-10,,0001654954-24-007559,https://www.sec.gov/Archives/edgar/data/1131399/000165495424007559/gskplc-8706r.htm,https://www.sec.gov/Archives/edgar/data/1131399/000165495424007559/
6-K,2024-06-10,2024-06-10,,0001654954-24-007539,https://www.sec.gov/Archives/edgar/data/1131399/000165495424007539/a6411r.htm,https://www.sec.gov/Archives/edgar/data/1131399/000165495424007539/
6-K,2024-06-03,2024-06-03,,0001654954-24-007204,https://www.sec.gov/Archives/edgar/data/1131399/000165495424007204/a8871q.htm,https://www.sec.gov/Archives/edgar/data/1131399/000165495424007204/
6-K,2024-06-03,2024-06-03,,0001654954-24-007189,https://www.sec.gov/Archives/edgar/data/1131399/000165495424007189/a8879q.htm,https://www.sec.gov/Archives/edgar/data/1131399/000165495424007189/
6-K,2024-06-03,2024-06-03,,0001654954-24-007163,https://www.sec.gov/Archives/edgar/data/1131399/000165495424007163/a7532q.htm,https://www.sec.gov/Archives/edgar/data/1131399/000165495424007163/
6-K,2024-06-03,2024-06-03,,0001654954-24-007159,https://www.sec.gov/Archives/edgar/data/1131399/000165495424007159/a7524q.htm,https://www.sec.gov/Archives/edgar/data/1131399/000165495424007159/
6-K,2024-05-24,2024-05-24,,0001654954-24-006874,https://www.sec.gov/Archives/edgar/data/1131399/000165495424006874/a7526p.htm,https://www.sec.gov/Archives/edgar/data/1131399/000165495424006874/
6-K,2024-05-21,2024-05-21,,0001654954-24-006706,https://www.sec.gov/Archives/edgar/data/1131399/000165495424006706/a1901p.htm,https://www.sec.gov/Archives/edgar/data/1131399/000165495424006706/
6-K,2024-05-20,2024-05-20,,0001654954-24-006651,https://www.sec.gov/Archives/edgar/data/1131399/000165495424006651/gsk.htm,https://www.sec.gov/Archives/edgar/data/1131399/000165495424006651/
6-K,2024-05-17,2024-05-17,,0001999371-24-006239,https://www.sec.gov/Archives/edgar/data/1131399/000199937124006239/gsk-6k_051624.htm,https://www.sec.gov/Archives/edgar/data/1131399/000199937124006239/
6-K,2024-05-17,2024-05-17,,0001654954-24-006565,https://www.sec.gov/Archives/edgar/data/1131399/000165495424006565/a8223o.htm,https://www.sec.gov/Archives/edgar/data/1131399/000165495424006565/
6-K,2024-05-14,2024-05-14,,0001654954-24-006170,https://www.sec.gov/Archives/edgar/data/1131399/000165495424006170/a4031o.htm,https://www.sec.gov/Archives/edgar/data/1131399/000165495424006170/
6-K,2024-05-13,2024-05-13,,0001654954-24-006031,https://www.sec.gov/Archives/edgar/data/1131399/000165495424006031/a2101o.htm,https://www.sec.gov/Archives/edgar/data/1131399/000165495424006031/
6-K,2024-05-08,2024-05-08,,0001654954-24-005772,https://www.sec.gov/Archives/edgar/data/1131399/000165495424005772/gsk.htm,https://www.sec.gov/Archives/edgar/data/1131399/000165495424005772/
6-K,2024-05-08,2024-05-08,,0001654954-24-005761,https://www.sec.gov/Archives/edgar/data/1131399/000165495424005761/a6791n.htm,https://www.sec.gov/Archives/edgar/data/1131399/000165495424005761/
6-K,2024-05-03,2024-05-03,,0001654954-24-005516,https://www.sec.gov/Archives/edgar/data/1131399/000165495424005516/a2449n.htm,https://www.sec.gov/Archives/edgar/data/1131399/000165495424005516/
6-K,2024-05-01,2024-05-01,,0001654954-24-005385,https://www.sec.gov/Archives/edgar/data/1131399/000165495424005385/a6992m.htm,https://www.sec.gov/Archives/edgar/data/1131399/000165495424005385/
6-K,2024-05-01,2024-05-01,,0001654954-24-005372,https://www.sec.gov/Archives/edgar/data/1131399/000165495424005372/a8670m.htm,https://www.sec.gov/Archives/edgar/data/1131399/000165495424005372/
6-K,2024-04-24,2024-04-24,,0001654954-24-004941,https://www.sec.gov/Archives/edgar/data/1131399/000165495424004941/a7742l.htm,https://www.sec.gov/Archives/edgar/data/1131399/000165495424004941/
6-K,2024-04-19,2024-04-19,,0001654954-24-004793,https://www.sec.gov/Archives/edgar/data/1131399/000165495424004793/a2426l.htm,https://www.sec.gov/Archives/edgar/data/1131399/000165495424004793/
6-K,2024-04-17,2024-04-17,,0001654954-24-004715,https://www.sec.gov/Archives/edgar/data/1131399/000165495424004715/a0190l.htm,https://www.sec.gov/Archives/edgar/data/1131399/000165495424004715/
6-K,2024-04-17,2024-04-17,,0001654954-24-004706,https://www.sec.gov/Archives/edgar/data/1131399/000165495424004706/a8728k.htm,https://www.sec.gov/Archives/edgar/data/1131399/000165495424004706/
6-K,2024-04-17,2024-04-17,,0001654954-24-004704,https://www.sec.gov/Archives/edgar/data/1131399/000165495424004704/a8530k.htm,https://www.sec.gov/Archives/edgar/data/1131399/000165495424004704/
6-K,2024-04-16,2024-04-16,,0001654954-24-004656,https://www.sec.gov/Archives/edgar/data/1131399/000165495424004656/a8442k.htm,https://www.sec.gov/Archives/edgar/data/1131399/000165495424004656/
6-K,2024-04-16,2024-04-16,,0001654954-24-004646,https://www.sec.gov/Archives/edgar/data/1131399/000165495424004646/a7019k.htm,https://www.sec.gov/Archives/edgar/data/1131399/000165495424004646/
6-K,2024-04-15,2024-04-15,,0001654954-24-004596,https://www.sec.gov/Archives/edgar/data/1131399/000165495424004596/a6kcovergsk.htm,https://www.sec.gov/Archives/edgar/data/1131399/000165495424004596/
6-K,2024-04-02,2024-04-02,,0001654954-24-004138,https://www.sec.gov/Archives/edgar/data/1131399/000165495424004138/a9553i.htm,https://www.sec.gov/Archives/edgar/data/1131399/000165495424004138/
6-K,2024-03-26,2024-03-26,,0001654954-24-003613,https://www.sec.gov/Archives/edgar/data/1131399/000165495424003613/a3422i.htm,https://www.sec.gov/Archives/edgar/data/1131399/000165495424003613/
6-K,2024-03-25,2024-03-25,,0001654954-24-003577,https://www.sec.gov/Archives/edgar/data/1131399/000165495424003577/a1909i.htm,https://www.sec.gov/Archives/edgar/data/1131399/000165495424003577/
6-K,2024-03-22,2024-03-22,,0001654954-24-003544,https://www.sec.gov/Archives/edgar/data/1131399/000165495424003544/a0292i.htm,https://www.sec.gov/Archives/edgar/data/1131399/000165495424003544/
6-K,2024-03-22,2024-03-22,,0001654954-24-003540,https://www.sec.gov/Archives/edgar/data/1131399/000165495424003540/a0257i.htm,https://www.sec.gov/Archives/edgar/data/1131399/000165495424003540/
6-K,2024-03-18,2024-03-18,,0001654954-24-003258,https://www.sec.gov/Archives/edgar/data/1131399/000165495424003258/a2253h.htm,https://www.sec.gov/Archives/edgar/data/1131399/000165495424003258/
6-K,2024-03-13,2024-03-13,,0001654954-24-003067,https://www.sec.gov/Archives/edgar/data/1131399/000165495424003067/gsk-7500g.htm,https://www.sec.gov/Archives/edgar/data/1131399/000165495424003067/
6-K,2024-03-08,2024-03-08,,0001654954-24-002878,https://www.sec.gov/Archives/edgar/data/1131399/000165495424002878/a2302g.htm,https://www.sec.gov/Archives/edgar/data/1131399/000165495424002878/
6-K,2024-03-07,2024-03-07,,0001654954-24-002745,https://www.sec.gov/Archives/edgar/data/1131399/000165495424002745/a9252f.htm,https://www.sec.gov/Archives/edgar/data/1131399/000165495424002745/
6-K,2024-03-06,2024-03-06,,0001654954-24-002697,https://www.sec.gov/Archives/edgar/data/1131399/000165495424002697/a8792f.htm,https://www.sec.gov/Archives/edgar/data/1131399/000165495424002697/
6-K,2024-03-05,2024-03-05,,0001654954-24-002619,https://www.sec.gov/Archives/edgar/data/1131399/000165495424002619/a7087f.htm,https://www.sec.gov/Archives/edgar/data/1131399/000165495424002619/
20-F,2024-03-05,2023-12-31,,0001131399-24-000007,https://www.sec.gov/Archives/edgar/data/1131399/000113139924000007/gsk-20231231.htm,https://www.sec.gov/Archives/edgar/data/1131399/000113139924000007/
6-K,2024-03-05,2024-03-05,,0001654954-24-002582,https://www.sec.gov/Archives/edgar/data/1131399/000165495424002582/a5339f.htm,https://www.sec.gov/Archives/edgar/data/1131399/000165495424002582/
6-K,2024-03-01,2024-03-01,,0001654954-24-002473,https://www.sec.gov/Archives/edgar/data/1131399/000165495424002473/a2955f.htm,https://www.sec.gov/Archives/edgar/data/1131399/000165495424002473/
6-K,2024-03-01,2024-03-01,,0001654954-24-002469,https://www.sec.gov/Archives/edgar/data/1131399/000165495424002469/a2983f.htm,https://www.sec.gov/Archives/edgar/data/1131399/000165495424002469/
6-K,2024-02-29,2024-02-29,,0001654954-24-002327,https://www.sec.gov/Archives/edgar/data/1131399/000165495424002327/a866e.htm,https://www.sec.gov/Archives/edgar/data/1131399/000165495424002327/
6-K,2024-02-29,2024-02-29,,0001654954-24-002326,https://www.sec.gov/Archives/edgar/data/1131399/000165495424002326/a8759e.htm,https://www.sec.gov/Archives/edgar/data/1131399/000165495424002326/
6-K,2024-02-26,2024-02-26,,0001654954-24-002179,https://www.sec.gov/Archives/edgar/data/1131399/000165495424002179/a4840e.htm,https://www.sec.gov/Archives/edgar/data/1131399/000165495424002179/
6-K,2024-02-26,2024-02-26,,0001654954-24-002160,https://www.sec.gov/Archives/edgar/data/1131399/000165495424002160/a3316e.htm,https://www.sec.gov/Archives/edgar/data/1131399/000165495424002160/
6-K,2024-02-22,2024-02-22,,0001654954-24-002053,https://www.sec.gov/Archives/edgar/data/1131399/000165495424002053/a1650egsk.htm,https://www.sec.gov/Archives/edgar/data/1131399/000165495424002053/
6-K,2024-02-21,2024-02-21,,0001654954-24-001986,https://www.sec.gov/Archives/edgar/data/1131399/000165495424001986/a8994d.htm,https://www.sec.gov/Archives/edgar/data/1131399/000165495424001986/
6-K,2024-02-20,2024-02-20,,0001654954-24-001906,https://www.sec.gov/Archives/edgar/data/1131399/000165495424001906/a6kcovergsk-6610d.htm,https://www.sec.gov/Archives/edgar/data/1131399/000165495424001906/
6-K,2024-02-15,2024-02-15,,0001654954-24-001828,https://www.sec.gov/Archives/edgar/data/1131399/000165495424001828/a3369d.htm,https://www.sec.gov/Archives/edgar/data/1131399/000165495424001828/
6-K,2024-02-15,2024-02-15,,0001654954-24-001805,https://www.sec.gov/Archives/edgar/data/1131399/000165495424001805/a1862d.htm,https://www.sec.gov/Archives/edgar/data/1131399/000165495424001805/
6-K,2024-02-13,2024-02-13,,0001654954-24-001639,https://www.sec.gov/Archives/edgar/data/1131399/000165495424001639/a0181d.htm,https://www.sec.gov/Archives/edgar/data/1131399/000165495424001639/
6-K,2024-02-13,2024-02-13,,0001654954-24-001632,https://www.sec.gov/Archives/edgar/data/1131399/000165495424001632/a0224d.htm,https://www.sec.gov/Archives/edgar/data/1131399/000165495424001632/
6-K,2024-02-13,2024-02-13,,0001654954-24-001617,https://www.sec.gov/Archives/edgar/data/1131399/000165495424001617/a0165d.htm,https://www.sec.gov/Archives/edgar/data/1131399/000165495424001617/
6-K,2024-02-12,2024-02-12,,0001654954-24-001578,https://www.sec.gov/Archives/edgar/data/1131399/000165495424001578/a8663c.htm,https://www.sec.gov/Archives/edgar/data/1131399/000165495424001578/
6-K,2024-02-12,2024-02-12,,0001654954-24-001576,https://www.sec.gov/Archives/edgar/data/1131399/000165495424001576/a8661c.htm,https://www.sec.gov/Archives/edgar/data/1131399/000165495424001576/
6-K,2024-02-12,2024-02-12,,0001654954-24-001569,https://www.sec.gov/Archives/edgar/data/1131399/000165495424001569/a8653c.htm,https://www.sec.gov/Archives/edgar/data/1131399/000165495424001569/
6-K,2024-02-12,2024-02-12,,0001654954-24-001556,https://www.sec.gov/Archives/edgar/data/1131399/000165495424001556/a7138c.htm,https://www.sec.gov/Archives/edgar/data/1131399/000165495424001556/
6-K,2024-02-06,2024-02-06,,0001654954-24-001339,https://www.sec.gov/Archives/edgar/data/1131399/000165495424001339/a0969c.htm,https://www.sec.gov/Archives/edgar/data/1131399/000165495424001339/
6-K,2024-02-06,2024-02-06,,0001654954-24-001337,https://www.sec.gov/Archives/edgar/data/1131399/000165495424001337/a1543c.htm,https://www.sec.gov/Archives/edgar/data/1131399/000165495424001337/
6-K,2024-02-06,2024-02-06,,0001654954-24-001332,https://www.sec.gov/Archives/edgar/data/1131399/000165495424001332/a0849c.htm,https://www.sec.gov/Archives/edgar/data/1131399/000165495424001332/
6-K,2024-02-01,2024-02-01,,0001654954-24-001175,https://www.sec.gov/Archives/edgar/data/1131399/000165495424001175/a7495b.htm,https://www.sec.gov/Archives/edgar/data/1131399/000165495424001175/
6-K,2024-02-01,2024-02-01,,0001654954-24-001171,https://www.sec.gov/Archives/edgar/data/1131399/000165495424001171/a7513b.htm,https://www.sec.gov/Archives/edgar/data/1131399/000165495424001171/
6-K,2024-02-01,2024-02-01,,0001654954-24-001143,https://www.sec.gov/Archives/edgar/data/1131399/000165495424001143/a6kcovergsk.htm,https://www.sec.gov/Archives/edgar/data/1131399/000165495424001143/
6-K,2024-01-31,2024-01-31,,0001654954-24-001113,https://www.sec.gov/Archives/edgar/data/1131399/000165495424001113/a4323b-edgar.htm,https://www.sec.gov/Archives/edgar/data/1131399/000165495424001113/
6-K,2024-01-29,2024-01-29,,0001654954-24-000958,https://www.sec.gov/Archives/edgar/data/1131399/000165495424000958/a1224bgskedgar.htm,https://www.sec.gov/Archives/edgar/data/1131399/000165495424000958/
6-K,2024-01-29,2024-01-29,,0001654954-24-000956,https://www.sec.gov/Archives/edgar/data/1131399/000165495424000956/a1191bgskedgar.htm,https://www.sec.gov/Archives/edgar/data/1131399/000165495424000956/
6-K,2024-01-19,2024-01-19,,0001654954-24-000751,https://www.sec.gov/Archives/edgar/data/1131399/000165495424000751/a3479a.htm,https://www.sec.gov/Archives/edgar/data/1131399/000165495424000751/
6-K,2024-01-17,2024-01-17,,0001654954-24-000669,https://www.sec.gov/Archives/edgar/data/1131399/000165495424000669/a0494a.htm,https://www.sec.gov/Archives/edgar/data/1131399/000165495424000669/
6-K,2024-01-17,2024-01-16,,0001999371-24-000463,https://www.sec.gov/Archives/edgar/data/1131399/000199937124000463/gsk-6k_011624.htm,https://www.sec.gov/Archives/edgar/data/1131399/000199937124000463/
6-K,2024-01-17,2024-01-17,,0001654954-24-000650,https://www.sec.gov/Archives/edgar/data/1131399/000165495424000650/a9246z.htm,https://www.sec.gov/Archives/edgar/data/1131399/000165495424000650/
6-K,2024-01-16,2024-01-16,,0001654954-24-000595,https://www.sec.gov/Archives/edgar/data/1131399/000165495424000595/a8636z.htm,https://www.sec.gov/Archives/edgar/data/1131399/000165495424000595/
6-K,2024-01-10,2024-01-10,,0001654954-24-000389,https://www.sec.gov/Archives/edgar/data/1131399/000165495424000389/a1393z.htm,https://www.sec.gov/Archives/edgar/data/1131399/000165495424000389/
6-K,2024-01-09,2024-01-09,,0001654954-24-000339,https://www.sec.gov/Archives/edgar/data/1131399/000165495424000339/a0755z.htm,https://www.sec.gov/Archives/edgar/data/1131399/000165495424000339/
6-K,2024-01-02,2024-01-02,,0001654954-24-000030,https://www.sec.gov/Archives/edgar/data/1131399/000165495424000030/a3780y.htm,https://www.sec.gov/Archives/edgar/data/1131399/000165495424000030/
6-K,2023-12-21,2023-12-21,,0001654954-23-015851,https://www.sec.gov/Archives/edgar/data/1131399/000165495423015851/a6513x.htm,https://www.sec.gov/Archives/edgar/data/1131399/000165495423015851/
6-K,2023-12-18,2023-12-18,,0001654954-23-015653,https://www.sec.gov/Archives/edgar/data/1131399/000165495423015653/a1192x.htm,https://www.sec.gov/Archives/edgar/data/1131399/000165495423015653/
6-K,2023-12-13,2023-12-13,,0001654954-23-015461,https://www.sec.gov/Archives/edgar/data/1131399/000165495423015461/a6545w.htm,https://www.sec.gov/Archives/edgar/data/1131399/000165495423015461/
6-K,2023-12-12,2023-12-11,,0001654954-23-015388,https://www.sec.gov/Archives/edgar/data/1131399/000165495423015388/a3878w.htm,https://www.sec.gov/Archives/edgar/data/1131399/000165495423015388/
6-K,2023-12-11,2023-12-11,,0001654954-23-015310,https://www.sec.gov/Archives/edgar/data/1131399/000165495423015310/a2250w.htm,https://www.sec.gov/Archives/edgar/data/1131399/000165495423015310/
6-K,2023-12-04,2023-12-04,,0001654954-23-015104,https://www.sec.gov/Archives/edgar/data/1131399/000165495423015104/a6068v.htm,https://www.sec.gov/Archives/edgar/data/1131399/000165495423015104/
6-K,2023-12-01,2023-12-01,,0001654954-23-015042,https://www.sec.gov/Archives/edgar/data/1131399/000165495423015042/gsk4340v.htm,https://www.sec.gov/Archives/edgar/data/1131399/000165495423015042/
6-K,2023-11-30,2023-11-30,,0001654954-23-014935,https://www.sec.gov/Archives/edgar/data/1131399/000165495423014935/a1078v.htm,https://www.sec.gov/Archives/edgar/data/1131399/000165495423014935/
6-K,2023-11-29,2023-11-29,,0001654954-23-014902,https://www.sec.gov/Archives/edgar/data/1131399/000165495423014902/a6kcovergsk.htm,https://www.sec.gov/Archives/edgar/data/1131399/000165495423014902/
6-K,2023-11-27,2023-11-27,,0001654954-23-014773,https://www.sec.gov/Archives/edgar/data/1131399/000165495423014773/a6764u.htm,https://www.sec.gov/Archives/edgar/data/1131399/000165495423014773/
6-K,2023-11-21,2023-11-21,,0001654954-23-014648,https://www.sec.gov/Archives/edgar/data/1131399/000165495423014648/a1604u.htm,https://www.sec.gov/Archives/edgar/data/1131399/000165495423014648/
6-K,2023-11-15,2023-11-15,,0001654954-23-014413,https://www.sec.gov/Archives/edgar/data/1131399/000165495423014413/a4518t.htm,https://www.sec.gov/Archives/edgar/data/1131399/000165495423014413/
6-K,2023-11-13,2023-11-13,,0001654954-23-014120,https://www.sec.gov/Archives/edgar/data/1131399/000165495423014120/a2740tgskedgar.htm,https://www.sec.gov/Archives/edgar/data/1131399/000165495423014120/
6-K,2023-11-13,2023-11-13,,0001654954-23-014100,https://www.sec.gov/Archives/edgar/data/1131399/000165495423014100/a2099t.htm,https://www.sec.gov/Archives/edgar/data/1131399/000165495423014100/
6-K,2023-11-01,2023-11-01,,0001654954-23-013669,https://www.sec.gov/Archives/edgar/data/1131399/000165495423013669/a0855s.htm,https://www.sec.gov/Archives/edgar/data/1131399/000165495423013669/
6-K,2023-11-01,2023-11-01,,0001654954-23-013668,https://www.sec.gov/Archives/edgar/data/1131399/000165495423013668/a9554r.htm,https://www.sec.gov/Archives/edgar/data/1131399/000165495423013668/
6-K,2023-10-30,2023-10-30,,0001654954-23-013515,https://www.sec.gov/Archives/edgar/data/1131399/000165495423013515/a6268r.htm,https://www.sec.gov/Archives/edgar/data/1131399/000165495423013515/
6-K,2023-10-26,2023-10-26,,0001654954-23-013401,https://www.sec.gov/Archives/edgar/data/1131399/000165495423013401/a3337rgskplcedgar.htm,https://www.sec.gov/Archives/edgar/data/1131399/000165495423013401/
6-K,2023-10-25,2023-10-25,,0001654954-23-013368,https://www.sec.gov/Archives/edgar/data/1131399/000165495423013368/a2947r.htm,https://www.sec.gov/Archives/edgar/data/1131399/000165495423013368/
6-K,2023-10-25,2023-10-25,,0001654954-23-013362,https://www.sec.gov/Archives/edgar/data/1131399/000165495423013362/a1783rgskedgar.htm,https://www.sec.gov/Archives/edgar/data/1131399/000165495423013362/
6-K,2023-10-20,2023-10-20,,0001654954-23-013228,https://www.sec.gov/Archives/edgar/data/1131399/000165495423013228/a8420q-gskplc.htm,https://www.sec.gov/Archives/edgar/data/1131399/000165495423013228/
6-K,2023-10-18,2023-10-18,,0001654954-23-013087,https://www.sec.gov/Archives/edgar/data/1131399/000165495423013087/a5642q-gskplc.htm,https://www.sec.gov/Archives/edgar/data/1131399/000165495423013087/
6-K,2023-10-17,2023-10-17,,0001654954-23-012997,https://www.sec.gov/Archives/edgar/data/1131399/000165495423012997/a4185q.htm,https://www.sec.gov/Archives/edgar/data/1131399/000165495423012997/
6-K,2023-10-16,2023-10-16,,0001654954-23-012941,https://www.sec.gov/Archives/edgar/data/1131399/000165495423012941/a1976q.htm,https://www.sec.gov/Archives/edgar/data/1131399/000165495423012941/
6-K,2023-10-13,2023-10-13,,0001654954-23-012896,https://www.sec.gov/Archives/edgar/data/1131399/000165495423012896/a1179q.htm,https://www.sec.gov/Archives/edgar/data/1131399/000165495423012896/
6-K,2023-10-12,2023-10-12,,0001654954-23-012829,https://www.sec.gov/Archives/edgar/data/1131399/000165495423012829/a9743p.htm,https://www.sec.gov/Archives/edgar/data/1131399/000165495423012829/
6-K,2023-10-11,2023-10-11,,0001654954-23-012781,https://www.sec.gov/Archives/edgar/data/1131399/000165495423012781/a7221p.htm,https://www.sec.gov/Archives/edgar/data/1131399/000165495423012781/
6-K,2023-10-10,2023-10-10,,0001654954-23-012713,https://www.sec.gov/Archives/edgar/data/1131399/000165495423012713/a0542p.htm,https://www.sec.gov/Archives/edgar/data/1131399/000165495423012713/
6-K,2023-10-06,2023-10-06,,0001387131-23-012002,https://www.sec.gov/Archives/edgar/data/1131399/000138713123012002/gsk-6k_100623.htm,https://www.sec.gov/Archives/edgar/data/1131399/000138713123012002/
6-K,2023-10-06,2023-10-06,,0001654954-23-012673,https://www.sec.gov/Archives/edgar/data/1131399/000165495423012673/a9069o.htm,https://www.sec.gov/Archives/edgar/data/1131399/000165495423012673/
6-K,2023-10-02,2023-10-02,,0001654954-23-012477,https://www.sec.gov/Archives/edgar/data/1131399/000165495423012477/a3970o.htm,https://www.sec.gov/Archives/edgar/data/1131399/000165495423012477/
6-K,2023-09-27,2023-09-27,,0001654954-23-012289,https://www.sec.gov/Archives/edgar/data/1131399/000165495423012289/a8766n.htm,https://www.sec.gov/Archives/edgar/data/1131399/000165495423012289/
6-K,2023-09-25,2023-09-25,,0001654954-23-012186,https://www.sec.gov/Archives/edgar/data/1131399/000165495423012186/a5033n.htm,https://www.sec.gov/Archives/edgar/data/1131399/000165495423012186/
6-K,2023-09-21,2023-08-21,,0001654954-23-012101,https://www.sec.gov/Archives/edgar/data/1131399/000165495423012101/a2643n.htm,https://www.sec.gov/Archives/edgar/data/1131399/000165495423012101/
6-K,2023-09-19,2023-09-19,,0001654954-23-011985,https://www.sec.gov/Archives/edgar/data/1131399/000165495423011985/a8334m.htm,https://www.sec.gov/Archives/edgar/data/1131399/000165495423011985/
6-K,2023-09-18,2023-09-18,,0001654954-23-011958,https://www.sec.gov/Archives/edgar/data/1131399/000165495423011958/a7255m.htm,https://www.sec.gov/Archives/edgar/data/1131399/000165495423011958/
6-K,2023-09-13,2023-09-13,,0001654954-23-011800,https://www.sec.gov/Archives/edgar/data/1131399/000165495423011800/a3518m.htm,https://www.sec.gov/Archives/edgar/data/1131399/000165495423011800/
6-K,2023-09-11,2023-09-11,,0001654954-23-011714,https://www.sec.gov/Archives/edgar/data/1131399/000165495423011714/a0591m.htm,https://www.sec.gov/Archives/edgar/data/1131399/000165495423011714/
6-K,2023-09-11,2023-09-11,,0001654954-23-011710,https://www.sec.gov/Archives/edgar/data/1131399/000165495423011710/a9383l.htm,https://www.sec.gov/Archives/edgar/data/1131399/000165495423011710/
6-K,2023-09-06,2023-09-06,,0001654954-23-011579,https://www.sec.gov/Archives/edgar/data/1131399/000165495423011579/a6072l.htm,https://www.sec.gov/Archives/edgar/data/1131399/000165495423011579/
6-K,2023-09-01,2023-09-01,,0001654954-23-011458,https://www.sec.gov/Archives/edgar/data/1131399/000165495423011458/a1261l.htm,https://www.sec.gov/Archives/edgar/data/1131399/000165495423011458/
6-K,2023-09-01,2023-09-01,,0001654954-23-011442,https://www.sec.gov/Archives/edgar/data/1131399/000165495423011442/a0257l.htm,https://www.sec.gov/Archives/edgar/data/1131399/000165495423011442/
6-K,2023-08-31,2023-08-31,,0001654954-23-011418,https://www.sec.gov/Archives/edgar/data/1131399/000165495423011418/a0033l.htm,https://www.sec.gov/Archives/edgar/data/1131399/000165495423011418/
6-K,2023-08-31,2023-08-31,,0001654954-23-011416,https://www.sec.gov/Archives/edgar/data/1131399/000165495423011416/a0022l.htm,https://www.sec.gov/Archives/edgar/data/1131399/000165495423011416/
6-K,2023-08-25,2023-08-25,,0001654954-23-011243,https://www.sec.gov/Archives/edgar/data/1131399/000165495423011243/a5139k.htm,https://www.sec.gov/Archives/edgar/data/1131399/000165495423011243/
6-K,2023-08-23,2023-08-23,,0001654954-23-011177,https://www.sec.gov/Archives/edgar/data/1131399/000165495423011177/a2500k.htm,https://www.sec.gov/Archives/edgar/data/1131399/000165495423011177/
6-K,2023-08-23,2023-08-23,,0001654954-23-011152,https://www.sec.gov/Archives/edgar/data/1131399/000165495423011152/a1343k.htm,https://www.sec.gov/Archives/edgar/data/1131399/000165495423011152/
6-K,2023-08-22,2023-08-22,,0001654954-23-011124,https://www.sec.gov/Archives/edgar/data/1131399/000165495423011124/a1179k.htm,https://www.sec.gov/Archives/edgar/data/1131399/000165495423011124/
6-K,2023-08-10,2023-08-10,,0001654954-23-010440,https://www.sec.gov/Archives/edgar/data/1131399/000165495423010440/a9820i.htm,https://www.sec.gov/Archives/edgar/data/1131399/000165495423010440/
6-K,2023-08-09,2023-08-09,,0001654954-23-010348,https://www.sec.gov/Archives/edgar/data/1131399/000165495423010348/a8335i.htm,https://www.sec.gov/Archives/edgar/data/1131399/000165495423010348/
6-K,2023-08-01,2023-08-01,,0001654954-23-009941,https://www.sec.gov/Archives/edgar/data/1131399/000165495423009941/a9336h.htm,https://www.sec.gov/Archives/edgar/data/1131399/000165495423009941/
6-K,2023-07-31,2023-07-31,,0001654954-23-009874,https://www.sec.gov/Archives/edgar/data/1131399/000165495423009874/a8071h.htm,https://www.sec.gov/Archives/edgar/data/1131399/000165495423009874/
6-K,2023-07-31,2023-07-31,,0001654954-23-009848,https://www.sec.gov/Archives/edgar/data/1131399/000165495423009848/a7732h.htm,https://www.sec.gov/Archives/edgar/data/1131399/000165495423009848/
6-K,2023-07-28,2023-07-28,,0001654954-23-009784,https://www.sec.gov/Archives/edgar/data/1131399/000165495423009784/a6141h.htm,https://www.sec.gov/Archives/edgar/data/1131399/000165495423009784/
6-K,2023-07-26,2023-07-26,,0001654954-23-009691,https://www.sec.gov/Archives/edgar/data/1131399/000165495423009691/a1738h-gsk2.htm,https://www.sec.gov/Archives/edgar/data/1131399/000165495423009691/
6-K,2023-07-24,2023-07-24,,0001654954-23-009539,https://www.sec.gov/Archives/edgar/data/1131399/000165495423009539/a8706g.htm,https://www.sec.gov/Archives/edgar/data/1131399/000165495423009539/
6-K,2023-07-20,2023-07-20,,0001654954-23-009462,https://www.sec.gov/Archives/edgar/data/1131399/000165495423009462/a7041g.htm,https://www.sec.gov/Archives/edgar/data/1131399/000165495423009462/
6-K,2023-07-17,2023-07-17,,0001654954-23-009242,https://www.sec.gov/Archives/edgar/data/1131399/000165495423009242/a2655g.htm,https://www.sec.gov/Archives/edgar/data/1131399/000165495423009242/
6-K,2023-07-13,2023-07-13,,0001654954-23-009109,https://www.sec.gov/Archives/edgar/data/1131399/000165495423009109/a9694f.htm,https://www.sec.gov/Archives/edgar/data/1131399/000165495423009109/
6-K,2023-07-03,2023-07-03,,0001654954-23-008667,https://www.sec.gov/Archives/edgar/data/1131399/000165495423008667/a7977e.htm,https://www.sec.gov/Archives/edgar/data/1131399/000165495423008667/
6-K,2023-06-28,2023-06-28,,0001654954-23-008498,https://www.sec.gov/Archives/edgar/data/1131399/000165495423008498/a2788e.htm,https://www.sec.gov/Archives/edgar/data/1131399/000165495423008498/
6-K,2023-06-27,2023-06-27,,0001654954-23-008450,https://www.sec.gov/Archives/edgar/data/1131399/000165495423008450/a9661d.htm,https://www.sec.gov/Archives/edgar/data/1131399/000165495423008450/
6-K,2023-06-26,2023-06-26,,0001654954-23-008369,https://www.sec.gov/Archives/edgar/data/1131399/000165495423008369/a8139d.htm,https://www.sec.gov/Archives/edgar/data/1131399/000165495423008369/
6-K,2023-06-26,2023-06-26,,0001654954-23-008367,https://www.sec.gov/Archives/edgar/data/1131399/000165495423008367/a7913d.htm,https://www.sec.gov/Archives/edgar/data/1131399/000165495423008367/
6-K,2023-06-23,2023-06-23,,0001654954-23-008332,https://www.sec.gov/Archives/edgar/data/1131399/000165495423008332/a7867d.htm,https://www.sec.gov/Archives/edgar/data/1131399/000165495423008332/
6-K,2023-06-23,2023-06-23,,0001654954-23-008331,https://www.sec.gov/Archives/edgar/data/1131399/000165495423008331/a7869d.htm,https://www.sec.gov/Archives/edgar/data/1131399/000165495423008331/
6-K,2023-06-23,2023-06-23,,0001654954-23-008326,https://www.sec.gov/Archives/edgar/data/1131399/000165495423008326/a7862d.htm,https://www.sec.gov/Archives/edgar/data/1131399/000165495423008326/
6-K,2023-06-23,2023-06-23,,0001654954-23-008317,https://www.sec.gov/Archives/edgar/data/1131399/000165495423008317/a7198d.htm,https://www.sec.gov/Archives/edgar/data/1131399/000165495423008317/
6-K,2023-06-22,2023-06-22,,0001654954-23-008258,https://www.sec.gov/Archives/edgar/data/1131399/000165495423008258/a5318d.htm,https://www.sec.gov/Archives/edgar/data/1131399/000165495423008258/
6-K,2023-06-21,2023-06-21,,0001654954-23-008226,https://www.sec.gov/Archives/edgar/data/1131399/000165495423008226/a3715d.htm,https://www.sec.gov/Archives/edgar/data/1131399/000165495423008226/
6-K,2023-06-16,2023-06-16,,0001654954-23-008104,https://www.sec.gov/Archives/edgar/data/1131399/000165495423008104/a9217c.htm,https://www.sec.gov/Archives/edgar/data/1131399/000165495423008104/
6-K,2023-06-12,2023-06-12,,0001654954-23-007894,https://www.sec.gov/Archives/edgar/data/1131399/000165495423007894/a4444c.htm,https://www.sec.gov/Archives/edgar/data/1131399/000165495423007894/
6-K,2023-06-07,2023-06-07,,0001654954-23-007717,https://www.sec.gov/Archives/edgar/data/1131399/000165495423007717/a8777b.htm,https://www.sec.gov/Archives/edgar/data/1131399/000165495423007717/
6-K,2023-06-06,2023-06-06,,0001654954-23-007667,https://www.sec.gov/Archives/edgar/data/1131399/000165495423007667/a7294b.htm,https://www.sec.gov/Archives/edgar/data/1131399/000165495423007667/
6-K,2023-06-01,2023-06-01,,0001654954-23-007476,https://www.sec.gov/Archives/edgar/data/1131399/000165495423007476/a2118b.htm,https://www.sec.gov/Archives/edgar/data/1131399/000165495423007476/
6-K,2023-05-22,2023-05-22,,0001654954-23-006983,https://www.sec.gov/Archives/edgar/data/1131399/000165495423006983/a2125a.htm,https://www.sec.gov/Archives/edgar/data/1131399/000165495423006983/
6-K,2023-05-15,2023-05-15,,0001654954-23-006490,https://www.sec.gov/Archives/edgar/data/1131399/000165495423006490/a4640z.htm,https://www.sec.gov/Archives/edgar/data/1131399/000165495423006490/
6-K,2023-05-15,2023-05-15,,0001654954-23-006485,https://www.sec.gov/Archives/edgar/data/1131399/000165495423006485/a3421z.htm,https://www.sec.gov/Archives/edgar/data/1131399/000165495423006485/
6-K,2023-05-12,2023-05-12,,0001654954-23-006311,https://www.sec.gov/Archives/edgar/data/1131399/000165495423006311/a3108z.htm,https://www.sec.gov/Archives/edgar/data/1131399/000165495423006311/
6-K,2023-05-12,2023-05-12,,0001654954-23-006258,https://www.sec.gov/Archives/edgar/data/1131399/000165495423006258/a2504z.htm,https://www.sec.gov/Archives/edgar/data/1131399/000165495423006258/
6-K,2023-05-12,2023-05-12,,0001654954-23-006256,https://www.sec.gov/Archives/edgar/data/1131399/000165495423006256/a1830z.htm,https://www.sec.gov/Archives/edgar/data/1131399/000165495423006256/
6-K,2023-05-12,2023-05-12,,0001654954-23-006254,https://www.sec.gov/Archives/edgar/data/1131399/000165495423006254/a1918z.htm,https://www.sec.gov/Archives/edgar/data/1131399/000165495423006254/
6-K,2023-05-12,2023-05-11,,0001387131-23-006397,https://www.sec.gov/Archives/edgar/data/1131399/000138713123006397/gsk_6k-0523.htm,https://www.sec.gov/Archives/edgar/data/1131399/000138713123006397/
6-K,2023-05-09,2023-05-09,,0001654954-23-005967,https://www.sec.gov/Archives/edgar/data/1131399/000165495423005967/a8207y.htm,https://www.sec.gov/Archives/edgar/data/1131399/000165495423005967/
6-K,2023-05-04,2023-05-04,,0001654954-23-005761,https://www.sec.gov/Archives/edgar/data/1131399/000165495423005761/a4515y.htm,https://www.sec.gov/Archives/edgar/data/1131399/000165495423005761/
6-K,2023-05-03,2023-05-03,,0001654954-23-005725,https://www.sec.gov/Archives/edgar/data/1131399/000165495423005725/a3372y.htm,https://www.sec.gov/Archives/edgar/data/1131399/000165495423005725/
6-K,2023-05-03,2023-05-03,,0001654954-23-005722,https://www.sec.gov/Archives/edgar/data/1131399/000165495423005722/a3355y.htm,https://www.sec.gov/Archives/edgar/data/1131399/000165495423005722/
6-K,2023-05-02,2023-05-02,,0001654954-23-005578,https://www.sec.gov/Archives/edgar/data/1131399/000165495423005578/a9376x.htm,https://www.sec.gov/Archives/edgar/data/1131399/000165495423005578/
6-K,2023-04-28,2023-04-28,,0001654954-23-005389,https://www.sec.gov/Archives/edgar/data/1131399/000165495423005389/a9477x.htm,https://www.sec.gov/Archives/edgar/data/1131399/000165495423005389/
6-K,2023-04-27,2023-04-27,,0001654954-23-005245,https://www.sec.gov/Archives/edgar/data/1131399/000165495423005245/a6175x.htm,https://www.sec.gov/Archives/edgar/data/1131399/000165495423005245/
6-K,2023-04-26,2023-04-26,,0001654954-23-005173,https://www.sec.gov/Archives/edgar/data/1131399/000165495423005173/a4488x.htm,https://www.sec.gov/Archives/edgar/data/1131399/000165495423005173/
6-K,2023-04-25,2023-04-25,,0001654954-23-005124,https://www.sec.gov/Archives/edgar/data/1131399/000165495423005124/a2960x.htm,https://www.sec.gov/Archives/edgar/data/1131399/000165495423005124/
6-K,2023-04-20,2023-04-20,,0001654954-23-004985,https://www.sec.gov/Archives/edgar/data/1131399/000165495423004985/a8883w.htm,https://www.sec.gov/Archives/edgar/data/1131399/000165495423004985/
6-K,2023-04-19,2023-04-19,,0001654954-23-004926,https://www.sec.gov/Archives/edgar/data/1131399/000165495423004926/a8013w.htm,https://www.sec.gov/Archives/edgar/data/1131399/000165495423004926/
6-K,2023-04-18,2023-04-18,,0001654954-23-004869,https://www.sec.gov/Archives/edgar/data/1131399/000165495423004869/a5635w.htm,https://www.sec.gov/Archives/edgar/data/1131399/000165495423004869/
6-K,2023-04-17,2023-04-17,,0001654954-23-004797,https://www.sec.gov/Archives/edgar/data/1131399/000165495423004797/a4697w.htm,https://www.sec.gov/Archives/edgar/data/1131399/000165495423004797/
6-K,2023-04-17,2023-04-17,,0001654954-23-004758,https://www.sec.gov/Archives/edgar/data/1131399/000165495423004758/a3459w.htm,https://www.sec.gov/Archives/edgar/data/1131399/000165495423004758/
6-K,2023-04-03,2023-04-03,,0001654954-23-004179,https://www.sec.gov/Archives/edgar/data/1131399/000165495423004179/a1056v.htm,https://www.sec.gov/Archives/edgar/data/1131399/000165495423004179/
6-K,2023-03-28,2023-03-28,,0001654954-23-003674,https://www.sec.gov/Archives/edgar/data/1131399/000165495423003674/a3880u.htm,https://www.sec.gov/Archives/edgar/data/1131399/000165495423003674/
6-K,2023-03-27,2023-03-27,,0001654954-23-003554,https://www.sec.gov/Archives/edgar/data/1131399/000165495423003554/a3441u.htm,https://www.sec.gov/Archives/edgar/data/1131399/000165495423003554/
6-K,2023-03-24,2023-03-24,,0001654954-23-003499,https://www.sec.gov/Archives/edgar/data/1131399/000165495423003499/a1681u.htm,https://www.sec.gov/Archives/edgar/data/1131399/000165495423003499/
6-K,2023-03-21,2023-03-21,,0001654954-23-003231,https://www.sec.gov/Archives/edgar/data/1131399/000165495423003231/a7517t.htm,https://www.sec.gov/Archives/edgar/data/1131399/000165495423003231/
6-K,2023-03-20,2023-03-20,,0001654954-23-003156,https://www.sec.gov/Archives/edgar/data/1131399/000165495423003156/a5451t.htm,https://www.sec.gov/Archives/edgar/data/1131399/000165495423003156/
6-K,2023-03-14,2023-03-14,,0001654954-23-002759,https://www.sec.gov/Archives/edgar/data/1131399/000165495423002759/a8290s.htm,https://www.sec.gov/Archives/edgar/data/1131399/000165495423002759/
6-K,2023-03-14,2023-03-14,,0001654954-23-002757,https://www.sec.gov/Archives/edgar/data/1131399/000165495423002757/a8289s.htm,https://www.sec.gov/Archives/edgar/data/1131399/000165495423002757/
6-K,2023-03-13,2023-03-13,,0001654954-23-002695,https://www.sec.gov/Archives/edgar/data/1131399/000165495423002695/a6434s.htm,https://www.sec.gov/Archives/edgar/data/1131399/000165495423002695/
6-K,2023-03-10,2023-03-10,,0001654954-23-002656,https://www.sec.gov/Archives/edgar/data/1131399/000165495423002656/a6394s.htm,https://www.sec.gov/Archives/edgar/data/1131399/000165495423002656/
20-F,2023-03-10,2022-12-31,,0001193125-23-067105,https://www.sec.gov/Archives/edgar/data/1131399/000119312523067105/d382677d20f.htm,https://www.sec.gov/Archives/edgar/data/1131399/000119312523067105/
6-K,2023-03-10,2023-03-10,,0001654954-23-002637,https://www.sec.gov/Archives/edgar/data/1131399/000165495423002637/a5980s.htm,https://www.sec.gov/Archives/edgar/data/1131399/000165495423002637/
6-K,2023-03-02,2023-03-02,,0001654954-23-002279,https://www.sec.gov/Archives/edgar/data/1131399/000165495423002279/a5988r.htm,https://www.sec.gov/Archives/edgar/data/1131399/000165495423002279/
6-K,2023-03-01,2023-03-01,,0001654954-23-002244,https://www.sec.gov/Archives/edgar/data/1131399/000165495423002244/a4097r.htm,https://www.sec.gov/Archives/edgar/data/1131399/000165495423002244/
6-K,2023-02-27,2023-02-27,,0001654954-23-002096,https://www.sec.gov/Archives/edgar/data/1131399/000165495423002096/a1810r.htm,https://www.sec.gov/Archives/edgar/data/1131399/000165495423002096/
6-K,2023-02-23,2023-02-23,,0001654954-23-001995,https://www.sec.gov/Archives/edgar/data/1131399/000165495423001995/a8602q.htm,https://www.sec.gov/Archives/edgar/data/1131399/000165495423001995/
6-K,2023-02-23,2023-02-23,,0001654954-23-001987,https://www.sec.gov/Archives/edgar/data/1131399/000165495423001987/a8275q.htm,https://www.sec.gov/Archives/edgar/data/1131399/000165495423001987/
6-K,2023-02-22,2023-02-22,,0001654954-23-001954,https://www.sec.gov/Archives/edgar/data/1131399/000165495423001954/a7521q1.htm,https://www.sec.gov/Archives/edgar/data/1131399/000165495423001954/
6-K,2023-02-16,2023-02-16,,0001654954-23-001809,https://www.sec.gov/Archives/edgar/data/1131399/000165495423001809/a0852q.htm,https://www.sec.gov/Archives/edgar/data/1131399/000165495423001809/
6-K,2023-02-15,2023-02-15,,0001654954-23-001779,https://www.sec.gov/Archives/edgar/data/1131399/000165495423001779/a0570q.htm,https://www.sec.gov/Archives/edgar/data/1131399/000165495423001779/
6-K,2023-02-15,2023-02-15,,0001654954-23-001778,https://www.sec.gov/Archives/edgar/data/1131399/000165495423001778/a0543q.htm,https://www.sec.gov/Archives/edgar/data/1131399/000165495423001778/
6-K,2023-02-14,2023-02-14,,0001654954-23-001633,https://www.sec.gov/Archives/edgar/data/1131399/000165495423001633/a7925p.htm,https://www.sec.gov/Archives/edgar/data/1131399/000165495423001633/
6-K,2023-02-14,2023-02-14,,0001654954-23-001631,https://www.sec.gov/Archives/edgar/data/1131399/000165495423001631/a7929p.htm,https://www.sec.gov/Archives/edgar/data/1131399/000165495423001631/
6-K,2023-02-14,2023-02-14,,0001654954-23-001629,https://www.sec.gov/Archives/edgar/data/1131399/000165495423001629/a7927p.htm,https://www.sec.gov/Archives/edgar/data/1131399/000165495423001629/
6-K,2023-02-14,2023-02-14,,0001654954-23-001628,https://www.sec.gov/Archives/edgar/data/1131399/000165495423001628/a7907p.htm,https://www.sec.gov/Archives/edgar/data/1131399/000165495423001628/
6-K,2023-02-10,2023-02-10,,0001654954-23-001568,https://www.sec.gov/Archives/edgar/data/1131399/000165495423001568/a6271p.htm,https://www.sec.gov/Archives/edgar/data/1131399/000165495423001568/
6-K,2023-02-10,2023-02-10,,0001654954-23-001553,https://www.sec.gov/Archives/edgar/data/1131399/000165495423001553/a5649p.htm,https://www.sec.gov/Archives/edgar/data/1131399/000165495423001553/
6-K,2023-02-10,2023-02-10,,0001654954-23-001549,https://www.sec.gov/Archives/edgar/data/1131399/000165495423001549/a5216p.htm,https://www.sec.gov/Archives/edgar/data/1131399/000165495423001549/
6-K,2023-02-02,2023-02-02,,0001654954-23-001199,https://www.sec.gov/Archives/edgar/data/1131399/000165495423001199/a6664o.htm,https://www.sec.gov/Archives/edgar/data/1131399/000165495423001199/
6-K,2023-02-01,2023-02-01,,0001654954-23-001145,https://www.sec.gov/Archives/edgar/data/1131399/000165495423001145/a5679o.htm,https://www.sec.gov/Archives/edgar/data/1131399/000165495423001145/
6-K,2023-02-01,2023-02-01,,0001654954-23-001142,https://www.sec.gov/Archives/edgar/data/1131399/000165495423001142/a4388o.htm,https://www.sec.gov/Archives/edgar/data/1131399/000165495423001142/
6-K,2023-02-01,2023-02-01,,0001654954-23-001135,https://www.sec.gov/Archives/edgar/data/1131399/000165495423001135/a4987o.htm,https://www.sec.gov/Archives/edgar/data/1131399/000165495423001135/
6-K,2023-02-01,2023-02-01,,0001654954-23-001130,https://www.sec.gov/Archives/edgar/data/1131399/000165495423001130/a4922o.htm,https://www.sec.gov/Archives/edgar/data/1131399/000165495423001130/
6-K,2023-01-18,2023-01-18,,0001654954-23-000528,https://www.sec.gov/Archives/edgar/data/1131399/000165495423000528/a1687n.htm,https://www.sec.gov/Archives/edgar/data/1131399/000165495423000528/
6-K,2023-01-17,2023-01-17,,0001654954-23-000488,https://www.sec.gov/Archives/edgar/data/1131399/000165495423000488/a0217n.htm,https://www.sec.gov/Archives/edgar/data/1131399/000165495423000488/
6-K,2023-01-17,2023-01-17,,0001654954-23-000479,https://www.sec.gov/Archives/edgar/data/1131399/000165495423000479/a8770m.htm,https://www.sec.gov/Archives/edgar/data/1131399/000165495423000479/
6-K,2023-01-13,2023-01-13,,0001654954-23-000407,https://www.sec.gov/Archives/edgar/data/1131399/000165495423000407/a7261m.htm,https://www.sec.gov/Archives/edgar/data/1131399/000165495423000407/
6-K,2023-01-12,2023-01-12,,0001654954-23-000345,https://www.sec.gov/Archives/edgar/data/1131399/000165495423000345/a5834m.htm,https://www.sec.gov/Archives/edgar/data/1131399/000165495423000345/
6-K,2023-01-03,2023-01-03,,0001654954-23-000036,https://www.sec.gov/Archives/edgar/data/1131399/000165495423000036/a5542l.htm,https://www.sec.gov/Archives/edgar/data/1131399/000165495423000036/
6-K,2022-12-22,2022-12-22,,0001654954-22-016850,https://www.sec.gov/Archives/edgar/data/1131399/000165495422016850/a6662k.htm,https://www.sec.gov/Archives/edgar/data/1131399/000165495422016850/
6-K,2022-12-21,2022-12-21,,0001654954-22-016776,https://www.sec.gov/Archives/edgar/data/1131399/000165495422016776/a5224k.htm,https://www.sec.gov/Archives/edgar/data/1131399/000165495422016776/
6-K,2022-12-21,2022-12-21,,0001654954-22-016771,https://www.sec.gov/Archives/edgar/data/1131399/000165495422016771/a5216k.htm,https://www.sec.gov/Archives/edgar/data/1131399/000165495422016771/
6-K,2022-12-15,2022-12-15,,0001654954-22-016546,https://www.sec.gov/Archives/edgar/data/1131399/000165495422016546/a8923j.htm,https://www.sec.gov/Archives/edgar/data/1131399/000165495422016546/
6-K,2022-12-13,2022-12-13,,0001654954-22-016416,https://www.sec.gov/Archives/edgar/data/1131399/000165495422016416/a5456j.htm,https://www.sec.gov/Archives/edgar/data/1131399/000165495422016416/
6-K,2022-12-07,2022-12-07,,0001654954-22-016187,https://www.sec.gov/Archives/edgar/data/1131399/000165495422016187/a8802i.htm,https://www.sec.gov/Archives/edgar/data/1131399/000165495422016187/
6-K,2022-12-05,2022-12-05,,0001654954-22-016110,https://www.sec.gov/Archives/edgar/data/1131399/000165495422016110/a5127i.htm,https://www.sec.gov/Archives/edgar/data/1131399/000165495422016110/
6-K,2022-12-02,2022-12-02,,0001654954-22-016028,https://www.sec.gov/Archives/edgar/data/1131399/000165495422016028/a4893i.htm,https://www.sec.gov/Archives/edgar/data/1131399/000165495422016028/
6-K,2022-12-02,2022-12-02,,0001654954-22-016005,https://www.sec.gov/Archives/edgar/data/1131399/000165495422016005/a3599i.htm,https://www.sec.gov/Archives/edgar/data/1131399/000165495422016005/
6-K,2022-12-02,2022-12-02,,0001654954-22-016003,https://www.sec.gov/Archives/edgar/data/1131399/000165495422016003/a3597i.htm,https://www.sec.gov/Archives/edgar/data/1131399/000165495422016003/
6-K,2022-12-01,2022-12-01,,0001654954-22-015961,https://www.sec.gov/Archives/edgar/data/1131399/000165495422015961/a3058i.htm,https://www.sec.gov/Archives/edgar/data/1131399/000165495422015961/
6-K,2022-11-25,2022-11-25,,0001654954-22-015724,https://www.sec.gov/Archives/edgar/data/1131399/000165495422015724/a5149h.htm,https://www.sec.gov/Archives/edgar/data/1131399/000165495422015724/
6-K,2022-11-22,2022-11-22,,0001654954-22-015636,https://www.sec.gov/Archives/edgar/data/1131399/000165495422015636/a1375h.htm,https://www.sec.gov/Archives/edgar/data/1131399/000165495422015636/
6-K,2022-11-21,2022-11-21,,0001654954-22-015607,https://www.sec.gov/Archives/edgar/data/1131399/000165495422015607/a1074h.htm,https://www.sec.gov/Archives/edgar/data/1131399/000165495422015607/
6-K,2022-11-15,2022-11-15,,0001654954-22-015330,https://www.sec.gov/Archives/edgar/data/1131399/000165495422015330/a4283g.htm,https://www.sec.gov/Archives/edgar/data/1131399/000165495422015330/
6-K,2022-11-14,2022-11-14,,0001654954-22-015072,https://www.sec.gov/Archives/edgar/data/1131399/000165495422015072/a0676g.htm,https://www.sec.gov/Archives/edgar/data/1131399/000165495422015072/
6-K,2022-11-10,2022-11-10,,0001654954-22-014998,https://www.sec.gov/Archives/edgar/data/1131399/000165495422014998/a0593g.htm,https://www.sec.gov/Archives/edgar/data/1131399/000165495422014998/
6-K,2022-11-10,2022-11-10,,0001654954-22-014971,https://www.sec.gov/Archives/edgar/data/1131399/000165495422014971/a0366g.htm,https://www.sec.gov/Archives/edgar/data/1131399/000165495422014971/
6-K,2022-11-10,2022-11-10,,0001654954-22-014926,https://www.sec.gov/Archives/edgar/data/1131399/000165495422014926/a9172f.htm,https://www.sec.gov/Archives/edgar/data/1131399/000165495422014926/
6-K,2022-11-07,2022-11-07,,0001654954-22-014760,https://www.sec.gov/Archives/edgar/data/1131399/000165495422014760/a4558f.htm,https://www.sec.gov/Archives/edgar/data/1131399/000165495422014760/
6-K,2022-11-03,2022-11-03,,0001654954-22-014618,https://www.sec.gov/Archives/edgar/data/1131399/000165495422014618/a1978f-1.htm,https://www.sec.gov/Archives/edgar/data/1131399/000165495422014618/
6-K,2022-11-02,2022-11-02,,0001654954-22-014579,https://www.sec.gov/Archives/edgar/data/1131399/000165495422014579/a9931e-46147302.htm,https://www.sec.gov/Archives/edgar/data/1131399/000165495422014579/
6-K,2022-11-02,2022-11-02,,0001654954-22-014547,https://www.sec.gov/Archives/edgar/data/1131399/000165495422014547/a9962e.htm,https://www.sec.gov/Archives/edgar/data/1131399/000165495422014547/
6-K,2022-11-01,2022-11-01,,0001654954-22-014509,https://www.sec.gov/Archives/edgar/data/1131399/000165495422014509/a9272e.htm,https://www.sec.gov/Archives/edgar/data/1131399/000165495422014509/
6-K,2022-10-28,2022-10-28,,0001654954-22-014347,https://www.sec.gov/Archives/edgar/data/1131399/000165495422014347/a4239e.htm,https://www.sec.gov/Archives/edgar/data/1131399/000165495422014347/
6-K,2022-10-28,2022-10-28,,0001654954-22-014344,https://www.sec.gov/Archives/edgar/data/1131399/000165495422014344/a4238e.htm,https://www.sec.gov/Archives/edgar/data/1131399/000165495422014344/
6-K,2022-10-27,2022-10-27,,0001654954-22-014286,https://www.sec.gov/Archives/edgar/data/1131399/000165495422014286/a2670e.htm,https://www.sec.gov/Archives/edgar/data/1131399/000165495422014286/
6-K,2022-10-27,2022-10-27,,0001654954-22-014283,https://www.sec.gov/Archives/edgar/data/1131399/000165495422014283/a2603e.htm,https://www.sec.gov/Archives/edgar/data/1131399/000165495422014283/
6-K,2022-10-25,2022-10-25,,0001654954-22-014098,https://www.sec.gov/Archives/edgar/data/1131399/000165495422014098/a0214e.htm,https://www.sec.gov/Archives/edgar/data/1131399/000165495422014098/
6-K,2022-10-21,2022-10-21,,0001654954-22-014002,https://www.sec.gov/Archives/edgar/data/1131399/000165495422014002/a6404d.htm,https://www.sec.gov/Archives/edgar/data/1131399/000165495422014002/
6-K,2022-10-17,2022-10-17,,0001654954-22-013785,https://www.sec.gov/Archives/edgar/data/1131399/000165495422013785/a0229d.htm,https://www.sec.gov/Archives/edgar/data/1131399/000165495422013785/
6-K,2022-10-14,2022-10-14,,0001654954-22-013716,https://www.sec.gov/Archives/edgar/data/1131399/000165495422013716/a9889c.htm,https://www.sec.gov/Archives/edgar/data/1131399/000165495422013716/
6-K,2022-10-13,2022-10-13,,0001654954-22-013657,https://www.sec.gov/Archives/edgar/data/1131399/000165495422013657/a8302c.htm,https://www.sec.gov/Archives/edgar/data/1131399/000165495422013657/
6-K,2022-10-13,2022-10-13,,0001654954-22-013648,https://www.sec.gov/Archives/edgar/data/1131399/000165495422013648/a7994c.htm,https://www.sec.gov/Archives/edgar/data/1131399/000165495422013648/
6-K,2022-10-13,2022-10-13,,0001654954-22-013646,https://www.sec.gov/Archives/edgar/data/1131399/000165495422013646/a7866c.htm,https://www.sec.gov/Archives/edgar/data/1131399/000165495422013646/
6-K,2022-10-13,2022-10-13,,0001654954-22-013644,https://www.sec.gov/Archives/edgar/data/1131399/000165495422013644/a7703c.htm,https://www.sec.gov/Archives/edgar/data/1131399/000165495422013644/
6-K,2022-10-12,2022-10-12,,0001654954-22-013601,https://www.sec.gov/Archives/edgar/data/1131399/000165495422013601/a6690c.htm,https://www.sec.gov/Archives/edgar/data/1131399/000165495422013601/
6-K,2022-10-11,2022-10-11,,0001654954-22-013536,https://www.sec.gov/Archives/edgar/data/1131399/000165495422013536/a2615c.htm,https://www.sec.gov/Archives/edgar/data/1131399/000165495422013536/
6-K,2022-10-07,2022-10-07,,0001654954-22-013503,https://www.sec.gov/Archives/edgar/data/1131399/000165495422013503/a2352c.htm,https://www.sec.gov/Archives/edgar/data/1131399/000165495422013503/
6-K,2022-10-07,2022-10-07,,0001654954-22-013499,https://www.sec.gov/Archives/edgar/data/1131399/000165495422013499/a2319c.htm,https://www.sec.gov/Archives/edgar/data/1131399/000165495422013499/
6-K,2022-10-03,2022-10-03,,0001654954-22-013168,https://www.sec.gov/Archives/edgar/data/1131399/000165495422013168/a5456b.htm,https://www.sec.gov/Archives/edgar/data/1131399/000165495422013168/
6-K,2022-09-30,2022-09-30,,0001654954-22-013131,https://www.sec.gov/Archives/edgar/data/1131399/000165495422013131/a4309b.htm,https://www.sec.gov/Archives/edgar/data/1131399/000165495422013131/
6-K,2022-09-26,2022-09-26,,0001654954-22-012951,https://www.sec.gov/Archives/edgar/data/1131399/000165495422012951/a6963a.htm,https://www.sec.gov/Archives/edgar/data/1131399/000165495422012951/
6-K,2022-09-26,2022-09-26,,0001654954-22-012934,https://www.sec.gov/Archives/edgar/data/1131399/000165495422012934/a5418a.htm,https://www.sec.gov/Archives/edgar/data/1131399/000165495422012934/
6-K,2022-09-22,2022-09-22,,0001654954-22-012829,https://www.sec.gov/Archives/edgar/data/1131399/000165495422012829/a3468a.htm,https://www.sec.gov/Archives/edgar/data/1131399/000165495422012829/
6-K,2022-09-22,2022-09-22,,0001654954-22-012812,https://www.sec.gov/Archives/edgar/data/1131399/000165495422012812/a2350a.htm,https://www.sec.gov/Archives/edgar/data/1131399/000165495422012812/
6-K,2022-09-21,2022-09-21,,0001654954-22-012763,https://www.sec.gov/Archives/edgar/data/1131399/000165495422012763/a1639a.htm,https://www.sec.gov/Archives/edgar/data/1131399/000165495422012763/
6-K,2022-09-13,2022-09-13,,0001654954-22-012393,https://www.sec.gov/Archives/edgar/data/1131399/000165495422012393/a2586z.htm,https://www.sec.gov/Archives/edgar/data/1131399/000165495422012393/
6-K,2022-09-08,2022-09-08,,0001654954-22-012269,https://www.sec.gov/Archives/edgar/data/1131399/000165495422012269/a8109y.htm,https://www.sec.gov/Archives/edgar/data/1131399/000165495422012269/
6-K,2022-09-06,2022-09-06,,0001654954-22-012170,https://www.sec.gov/Archives/edgar/data/1131399/000165495422012170/a4701y.htm,https://www.sec.gov/Archives/edgar/data/1131399/000165495422012170/
6-K,2022-09-01,2022-09-01,,0001654954-22-012047,https://www.sec.gov/Archives/edgar/data/1131399/000165495422012047/a9678x.htm,https://www.sec.gov/Archives/edgar/data/1131399/000165495422012047/
6-K,2022-08-24,2022-08-24,,0001654954-22-011724,https://www.sec.gov/Archives/edgar/data/1131399/000165495422011724/a9898w.htm,https://www.sec.gov/Archives/edgar/data/1131399/000165495422011724/
6-K,2022-08-22,2022-08-22,,0001654954-22-011638,https://www.sec.gov/Archives/edgar/data/1131399/000165495422011638/a8265w.htm,https://www.sec.gov/Archives/edgar/data/1131399/000165495422011638/
6-K,2022-08-17,2022-08-17,,0001654954-22-011477,https://www.sec.gov/Archives/edgar/data/1131399/000165495422011477/a2425w.htm,https://www.sec.gov/Archives/edgar/data/1131399/000165495422011477/
6-K,2022-08-17,2022-08-17,,0001654954-22-011475,https://www.sec.gov/Archives/edgar/data/1131399/000165495422011475/a2399w.htm,https://www.sec.gov/Archives/edgar/data/1131399/000165495422011475/
6-K,2022-08-16,2022-08-16,,0001654954-22-011418,https://www.sec.gov/Archives/edgar/data/1131399/000165495422011418/a1486w.htm,https://www.sec.gov/Archives/edgar/data/1131399/000165495422011418/
6-K,2022-08-12,2022-08-12,,0001654954-22-011098,https://www.sec.gov/Archives/edgar/data/1131399/000165495422011098/a7869v.htm,https://www.sec.gov/Archives/edgar/data/1131399/000165495422011098/
6-K,2022-08-11,2022-08-11,,0001654954-22-011008,https://www.sec.gov/Archives/edgar/data/1131399/000165495422011008/a7407v.htm,https://www.sec.gov/Archives/edgar/data/1131399/000165495422011008/
6-K,2022-08-10,2022-08-10,,0001654954-22-010961,https://www.sec.gov/Archives/edgar/data/1131399/000165495422010961/a6197v.htm,https://www.sec.gov/Archives/edgar/data/1131399/000165495422010961/
6-K,2022-08-03,2022-08-03,,0001387131-22-008330,https://www.sec.gov/Archives/edgar/data/1131399/000138713122008330/gsk-6k_080222.htm,https://www.sec.gov/Archives/edgar/data/1131399/000138713122008330/
6-K,2022-08-01,2022-08-01,,0001654954-22-010377,https://www.sec.gov/Archives/edgar/data/1131399/000165495422010377/a5255u.htm,https://www.sec.gov/Archives/edgar/data/1131399/000165495422010377/
6-K,2022-08-01,2022-08-01,,0001654954-22-010362,https://www.sec.gov/Archives/edgar/data/1131399/000165495422010362/a4854u.htm,https://www.sec.gov/Archives/edgar/data/1131399/000165495422010362/
6-K,2022-07-29,2022-07-29,,0001654954-22-010238,https://www.sec.gov/Archives/edgar/data/1131399/000165495422010238/a3041u.htm,https://www.sec.gov/Archives/edgar/data/1131399/000165495422010238/
6-K,2022-07-29,2022-07-29,,0001654954-22-010210,https://www.sec.gov/Archives/edgar/data/1131399/000165495422010210/a2394u.htm,https://www.sec.gov/Archives/edgar/data/1131399/000165495422010210/
6-K,2022-07-28,2022-07-28,,0001654954-22-010139,https://www.sec.gov/Archives/edgar/data/1131399/000165495422010139/a1293u.htm,https://www.sec.gov/Archives/edgar/data/1131399/000165495422010139/
6-K,2022-07-27,2022-07-27,,0001654954-22-010105,https://www.sec.gov/Archives/edgar/data/1131399/000165495422010105/a8358t.htm,https://www.sec.gov/Archives/edgar/data/1131399/000165495422010105/
6-K,2022-07-22,2022-07-22,,0001654954-22-009964,https://www.sec.gov/Archives/edgar/data/1131399/000165495422009964/a5090t.htm,https://www.sec.gov/Archives/edgar/data/1131399/000165495422009964/
6-K,2022-07-22,2022-07-22,,0001654954-22-009962,https://www.sec.gov/Archives/edgar/data/1131399/000165495422009962/a5058t.htm,https://www.sec.gov/Archives/edgar/data/1131399/000165495422009962/
6-K,2022-07-18,2022-07-18,,0001654954-22-009794,https://www.sec.gov/Archives/edgar/data/1131399/000165495422009794/a8881s20.htm,https://www.sec.gov/Archives/edgar/data/1131399/000165495422009794/
6-K,2022-07-18,2022-07-18,,0001654954-22-009757,https://www.sec.gov/Archives/edgar/data/1131399/000165495422009757/a7293s.htm,https://www.sec.gov/Archives/edgar/data/1131399/000165495422009757/
6-K,2022-07-12,2022-07-12,,0001654954-22-009544,https://www.sec.gov/Archives/edgar/data/1131399/000165495422009544/a1642s.htm,https://www.sec.gov/Archives/edgar/data/1131399/000165495422009544/
6-K,2022-07-08,2022-07-08,,0001654954-22-009430,https://www.sec.gov/Archives/edgar/data/1131399/000165495422009430/a9195r.htm,https://www.sec.gov/Archives/edgar/data/1131399/000165495422009430/
6-K,2022-07-08,2022-07-08,,0001654954-22-009426,https://www.sec.gov/Archives/edgar/data/1131399/000165495422009426/a9163r.htm,https://www.sec.gov/Archives/edgar/data/1131399/000165495422009426/
6-K,2022-07-08,2022-07-08,,0001654954-22-009422,https://www.sec.gov/Archives/edgar/data/1131399/000165495422009422/a9019r.htm,https://www.sec.gov/Archives/edgar/data/1131399/000165495422009422/
6-K,2022-07-08,2022-07-08,,0001654954-22-009417,https://www.sec.gov/Archives/edgar/data/1131399/000165495422009417/a9004r.htm,https://www.sec.gov/Archives/edgar/data/1131399/000165495422009417/
6-K,2022-07-08,2022-07-08,,0001654954-22-009413,https://www.sec.gov/Archives/edgar/data/1131399/000165495422009413/a8966r.htm,https://www.sec.gov/Archives/edgar/data/1131399/000165495422009413/
6-K,2022-07-06,2022-07-06,,0001654954-22-009282,https://www.sec.gov/Archives/edgar/data/1131399/000165495422009282/a5786r.htm,https://www.sec.gov/Archives/edgar/data/1131399/000165495422009282/
6-K,2022-07-06,2022-07-06,,0001654954-22-009265,https://www.sec.gov/Archives/edgar/data/1131399/000165495422009265/a5133r.htm,https://www.sec.gov/Archives/edgar/data/1131399/000165495422009265/
6-K,2022-07-05,2022-07-05,,0001654954-22-009213,https://www.sec.gov/Archives/edgar/data/1131399/000165495422009213/a3934r.htm,https://www.sec.gov/Archives/edgar/data/1131399/000165495422009213/
6-K,2022-07-05,2022-07-05,,0001654954-22-009194,https://www.sec.gov/Archives/edgar/data/1131399/000165495422009194/a3608r.htm,https://www.sec.gov/Archives/edgar/data/1131399/000165495422009194/
6-K,2022-07-05,2022-07-05,,0001654954-22-009192,https://www.sec.gov/Archives/edgar/data/1131399/000165495422009192/a3551r.htm,https://www.sec.gov/Archives/edgar/data/1131399/000165495422009192/
6-K,2022-07-01,2022-07-01,,0001654954-22-009092,https://www.sec.gov/Archives/edgar/data/1131399/000165495422009092/a0869r.htm,https://www.sec.gov/Archives/edgar/data/1131399/000165495422009092/
6-K,2022-07-01,2022-07-01,,0001654954-22-009090,https://www.sec.gov/Archives/edgar/data/1131399/000165495422009090/a0772r.htm,https://www.sec.gov/Archives/edgar/data/1131399/000165495422009090/
6-K,2022-06-28,2022-06-28,,0001654954-22-008886,https://www.sec.gov/Archives/edgar/data/1131399/000165495422008886/a5409q.htm,https://www.sec.gov/Archives/edgar/data/1131399/000165495422008886/
6-K,2022-06-28,2022-06-28,,0001654954-22-008854,https://www.sec.gov/Archives/edgar/data/1131399/000165495422008854/a3777q.htm,https://www.sec.gov/Archives/edgar/data/1131399/000165495422008854/
6-K,2022-06-27,2022-06-27,,0001654954-22-008811,https://www.sec.gov/Archives/edgar/data/1131399/000165495422008811/a3498q.htm,https://www.sec.gov/Archives/edgar/data/1131399/000165495422008811/
6-K,2022-06-24,2022-06-24,,0001654954-22-008727,https://www.sec.gov/Archives/edgar/data/1131399/000165495422008727/a1811q.htm,https://www.sec.gov/Archives/edgar/data/1131399/000165495422008727/
6-K,2022-06-16,2022-06-16,,0001654954-22-008401,https://www.sec.gov/Archives/edgar/data/1131399/000165495422008401/a1535p.htm,https://www.sec.gov/Archives/edgar/data/1131399/000165495422008401/
6-K,2022-06-10,2022-06-10,,0001654954-22-008165,https://www.sec.gov/Archives/edgar/data/1131399/000165495422008165/a4021o.htm,https://www.sec.gov/Archives/edgar/data/1131399/000165495422008165/
6-K,2022-06-09,2022-06-09,,0001654954-22-008114,https://www.sec.gov/Archives/edgar/data/1131399/000165495422008114/a3782o.htm,https://www.sec.gov/Archives/edgar/data/1131399/000165495422008114/
6-K,2022-06-07,2022-06-07,,0001654954-22-008042,https://www.sec.gov/Archives/edgar/data/1131399/000165495422008042/a0574o.htm,https://www.sec.gov/Archives/edgar/data/1131399/000165495422008042/
6-K,2022-06-06,2022-06-06,,0001654954-22-007943,https://www.sec.gov/Archives/edgar/data/1131399/000165495422007943/a7059n.htm,https://www.sec.gov/Archives/edgar/data/1131399/000165495422007943/
6-K,2022-06-01,2022-06-01,,0001193125-22-164933,https://www.sec.gov/Archives/edgar/data/1131399/000119312522164933/d363577d6k.htm,https://www.sec.gov/Archives/edgar/data/1131399/000119312522164933/
6-K,2022-06-01,2022-06-01,,0001654954-22-007755,https://www.sec.gov/Archives/edgar/data/1131399/000165495422007755/a5914n.htm,https://www.sec.gov/Archives/edgar/data/1131399/000165495422007755/
6-K,2022-06-01,2022-06-01,,0001654954-22-007738,https://www.sec.gov/Archives/edgar/data/1131399/000165495422007738/a5325n.htm,https://www.sec.gov/Archives/edgar/data/1131399/000165495422007738/
6-K,2022-05-31,2022-05-31,,0001654954-22-007668,https://www.sec.gov/Archives/edgar/data/1131399/000165495422007668/a3651n.htm,https://www.sec.gov/Archives/edgar/data/1131399/000165495422007668/
6-K,2022-05-31,2022-05-31,,0001654954-22-007652,https://www.sec.gov/Archives/edgar/data/1131399/000165495422007652/a2374n.htm,https://www.sec.gov/Archives/edgar/data/1131399/000165495422007652/
6-K,2022-05-27,2022-05-26,,0001654954-22-007610,https://www.sec.gov/Archives/edgar/data/1131399/000165495422007610/a9814m.htm,https://www.sec.gov/Archives/edgar/data/1131399/000165495422007610/
